Sat Oct  3 00:56:48 2026 total 4980 todo 4980 workers 4
Sat Oct  3 00:56:49 2026 total 4980 todo 4980 workers 4
Sat Oct  3 00:56:49 2026 total 4980 todo 4980 workers 4
Sat Oct  3 00:56:49 2026 total 4980 todo 4980 workers 4
Traceback (most recent call last):
Traceback (most recent call last):
  File "<string>", line 1, in <module>
    from multiprocessing.spawn import spawn_main; spawn_main(parent_pid=9492, pipe_handle=688)
                                                  ~~~~~~~~~~^^^^^^^^^^^^^^^^^^^^^^^^^^^^^^^^^^
  File "C:\Users\DELL\AppData\Local\Programs\Python\Python313\Lib\multiprocessing\spawn.py", line 122, in spawn_main
    exitcode = _main(fd, parent_sentinel)
  File "C:\Users\DELL\AppData\Local\Programs\Python\Python313\Lib\multiprocessing\spawn.py", line 131, in _main
    prepare(preparation_data)
    ~~~~~~~^^^^^^^^^^^^^^^^^^
  File "C:\Users\DELL\AppData\Local\Programs\Python\Python313\Lib\multiprocessing\spawn.py", line 246, in prepare
    _fixup_main_from_path(data['init_main_from_path'])
    ~~~~~~~~~~~~~~~~~~~~~^^^^^^^^^^^^^^^^^^^^^^^^^^^^^
  File "C:\Users\DELL\AppData\Local\Programs\Python\Python313\Lib\multiprocessing\spawn.py", line 297, in _fixup_main_from_path
    main_content = runpy.run_path(main_path,
                                  run_name="__mp_main__")
  File "<frozen runpy>", line 287, in run_path
  File "<frozen runpy>", line 98, in _run_module_code
  File "<frozen runpy>", line 88, in _run_code
  File "C:\Users\DELL\Downloads\FEDQPNT\scripts\m4_campaign.py", line 67, in <module>
    main()
    ~~~~^^
  File "C:\Users\DELL\Downloads\FEDQPNT\scripts\m4_campaign.py", line 50, in main
    futs = [ex.submit(C._execute_one, asdict(t), ROOT, py, True) for t in todo]
            ~~~~~~~~~^^^^^^^^^^^^^^^^^^^^^^^^^^^^^^^^^^^^^^^^^^^
  File "C:\Users\DELL\AppData\Local\Programs\Python\Python313\Lib\concurrent\futures\process.py", line 803, in submit
    self._adjust_process_count()
    ~~~~~~~~~~~~~~~~~~~~~~~~~~^^
  File "C:\Users\DELL\AppData\Local\Programs\Python\Python313\Lib\concurrent\futures\process.py", line 762, in _adjust_process_count
    self._spawn_process()
    ~~~~~~~~~~~~~~~~~~~^^
  File "C:\Users\DELL\AppData\Local\Programs\Python\Python313\Lib\concurrent\futures\process.py", line 780, in _spawn_process
    p.start()
    ~~~~~~~^^
  File "C:\Users\DELL\AppData\Local\Programs\Python\Python313\Lib\multiprocessing\process.py", line 121, in start
    self._popen = self._Popen(self)
                  ~~~~~~~~~~~^^^^^^
  File "C:\Users\DELL\AppData\Local\Programs\Python\Python313\Lib\multiprocessing\context.py", line 337, in _Popen
    return Popen(process_obj)
  File "C:\Users\DELL\AppData\Local\Programs\Python\Python313\Lib\multiprocessing\popen_spawn_win32.py", line 47, in __init__
    prep_data = spawn.get_preparation_data(process_obj._name)
  File "C:\Users\DELL\AppData\Local\Programs\Python\Python313\Lib\multiprocessing\spawn.py", line 164, in get_preparation_data
    _check_not_importing_main()
    ~~~~~~~~~~~~~~~~~~~~~~~~~^^
  File "C:\Users\DELL\AppData\Local\Programs\Python\Python313\Lib\multiprocessing\spawn.py", line 140, in _check_not_importing_main
    raise RuntimeError('''
    ...<16 lines>...
    ''')
RuntimeError: 
        An attempt has been made to start a new process before the
        current process has finished its bootstrapping phase.

        This probably means that you are not using fork to start your
        child processes and you have forgotten to use the proper idiom
        in the main module:

            if __name__ == '__main__':
                freeze_support()
                ...

        The "freeze_support()" line can be omitted if the program
        is not going to be frozen to produce an executable.

        To fix this issue, refer to the "Safe importing of main module"
        section in https://docs.python.org/3/library/multiprocessing.html
        
  File "<string>", line 1, in <module>
    from multiprocessing.spawn import spawn_main; spawn_main(parent_pid=9492, pipe_handle=584)
                                                  ~~~~~~~~~~^^^^^^^^^^^^^^^^^^^^^^^^^^^^^^^^^^
  File "C:\Users\DELL\AppData\Local\Programs\Python\Python313\Lib\multiprocessing\spawn.py", line 122, in spawn_main
    exitcode = _main(fd, parent_sentinel)
  File "C:\Users\DELL\AppData\Local\Programs\Python\Python313\Lib\multiprocessing\spawn.py", line 131, in _main
    prepare(preparation_data)
    ~~~~~~~^^^^^^^^^^^^^^^^^^
  File "C:\Users\DELL\AppData\Local\Programs\Python\Python313\Lib\multiprocessing\spawn.py", line 246, in prepare
    _fixup_main_from_path(data['init_main_from_path'])
    ~~~~~~~~~~~~~~~~~~~~~^^^^^^^^^^^^^^^^^^^^^^^^^^^^^
  File "C:\Users\DELL\AppData\Local\Programs\Python\Python313\Lib\multiprocessing\spawn.py", line 297, in _fixup_main_from_path
    main_content = runpy.run_path(main_path,
                                  run_name="__mp_main__")
  File "<frozen runpy>", line 287, in run_path
  File "<frozen runpy>", line 98, in _run_module_code
  File "<frozen runpy>", line 88, in _run_code
  File "C:\Users\DELL\Downloads\FEDQPNT\scripts\m4_campaign.py", line 67, in <module>
    main()
    ~~~~^^
  File "C:\Users\DELL\Downloads\FEDQPNT\scripts\m4_campaign.py", line 50, in main
    futs = [ex.submit(C._execute_one, asdict(t), ROOT, py, True) for t in todo]
            ~~~~~~~~~^^^^^^^^^^^^^^^^^^^^^^^^^^^^^^^^^^^^^^^^^^^
  File "C:\Users\DELL\AppData\Local\Programs\Python\Python313\Lib\concurrent\futures\process.py", line 803, in submit
    self._adjust_process_count()
    ~~~~~~~~~~~~~~~~~~~~~~~~~~^^
  File "C:\Users\DELL\AppData\Local\Programs\Python\Python313\Lib\concurrent\futures\process.py", line 762, in _adjust_process_count
    self._spawn_process()
    ~~~~~~~~~~~~~~~~~~~^^
  File "C:\Users\DELL\AppData\Local\Programs\Python\Python313\Lib\concurrent\futures\process.py", line 780, in _spawn_process
    p.start()
    ~~~~~~~^^
  File "C:\Users\DELL\AppData\Local\Programs\Python\Python313\Lib\multiprocessing\process.py", line 121, in start
    self._popen = self._Popen(self)
                  ~~~~~~~~~~~^^^^^^
  File "C:\Users\DELL\AppData\Local\Programs\Python\Python313\Lib\multiprocessing\context.py", line 337, in _Popen
    return Popen(process_obj)
  File "C:\Users\DELL\AppData\Local\Programs\Python\Python313\Lib\multiprocessing\popen_spawn_win32.py", line 47, in __init__
    prep_data = spawn.get_preparation_data(process_obj._name)
  File "C:\Users\DELL\AppData\Local\Programs\Python\Python313\Lib\multiprocessing\spawn.py", line 164, in get_preparation_data
    _check_not_importing_main()
    ~~~~~~~~~~~~~~~~~~~~~~~~~^^
  File "C:\Users\DELL\AppData\Local\Programs\Python\Python313\Lib\multiprocessing\spawn.py", line 140, in _check_not_importing_main
    raise RuntimeError('''
    ...<16 lines>...
    ''')
RuntimeError: 
        An attempt has been made to start a new process before the
        current process has finished its bootstrapping phase.

        This probably means that you are not using fork to start your
        child processes and you have forgotten to use the proper idiom
        in the main module:

            if __name__ == '__main__':
                freeze_support()
                ...

        The "freeze_support()" line can be omitted if the program
        is not going to be frozen to produce an executable.

        To fix this issue, refer to the "Safe importing of main module"
        section in https://docs.python.org/3/library/multiprocessing.html
        
Traceback (most recent call last):
  File "<string>", line 1, in <module>
    from multiprocessing.spawn import spawn_main; spawn_main(parent_pid=9492, pipe_handle=356)
                                                  ~~~~~~~~~~^^^^^^^^^^^^^^^^^^^^^^^^^^^^^^^^^^
  File "C:\Users\DELL\AppData\Local\Programs\Python\Python313\Lib\multiprocessing\spawn.py", line 122, in spawn_main
    exitcode = _main(fd, parent_sentinel)
  File "C:\Users\DELL\AppData\Local\Programs\Python\Python313\Lib\multiprocessing\spawn.py", line 131, in _main
    prepare(preparation_data)
    ~~~~~~~^^^^^^^^^^^^^^^^^^
  File "C:\Users\DELL\AppData\Local\Programs\Python\Python313\Lib\multiprocessing\spawn.py", line 246, in prepare
    _fixup_main_from_path(data['init_main_from_path'])
    ~~~~~~~~~~~~~~~~~~~~~^^^^^^^^^^^^^^^^^^^^^^^^^^^^^
  File "C:\Users\DELL\AppData\Local\Programs\Python\Python313\Lib\multiprocessing\spawn.py", line 297, in _fixup_main_from_path
    main_content = runpy.run_path(main_path,
                                  run_name="__mp_main__")
  File "<frozen runpy>", line 287, in run_path
  File "<frozen runpy>", line 98, in _run_module_code
  File "<frozen runpy>", line 88, in _run_code
  File "C:\Users\DELL\Downloads\FEDQPNT\scripts\m4_campaign.py", line 67, in <module>
    main()
    ~~~~^^
  File "C:\Users\DELL\Downloads\FEDQPNT\scripts\m4_campaign.py", line 50, in main
    futs = [ex.submit(C._execute_one, asdict(t), ROOT, py, True) for t in todo]
            ~~~~~~~~~^^^^^^^^^^^^^^^^^^^^^^^^^^^^^^^^^^^^^^^^^^^
  File "C:\Users\DELL\AppData\Local\Programs\Python\Python313\Lib\concurrent\futures\process.py", line 803, in submit
    self._adjust_process_count()
    ~~~~~~~~~~~~~~~~~~~~~~~~~~^^
  File "C:\Users\DELL\AppData\Local\Programs\Python\Python313\Lib\concurrent\futures\process.py", line 762, in _adjust_process_count
    self._spawn_process()
    ~~~~~~~~~~~~~~~~~~~^^
  File "C:\Users\DELL\AppData\Local\Programs\Python\Python313\Lib\concurrent\futures\process.py", line 780, in _spawn_process
    p.start()
    ~~~~~~~^^
  File "C:\Users\DELL\AppData\Local\Programs\Python\Python313\Lib\multiprocessing\process.py", line 121, in start
    self._popen = self._Popen(self)
                  ~~~~~~~~~~~^^^^^^
  File "C:\Users\DELL\AppData\Local\Programs\Python\Python313\Lib\multiprocessing\context.py", line 337, in _Popen
    return Popen(process_obj)
  File "C:\Users\DELL\AppData\Local\Programs\Python\Python313\Lib\multiprocessing\popen_spawn_win32.py", line 47, in __init__
    prep_data = spawn.get_preparation_data(process_obj._name)
  File "C:\Users\DELL\AppData\Local\Programs\Python\Python313\Lib\multiprocessing\spawn.py", line 164, in get_preparation_data
    _check_not_importing_main()
    ~~~~~~~~~~~~~~~~~~~~~~~~~^^
  File "C:\Users\DELL\AppData\Local\Programs\Python\Python313\Lib\multiprocessing\spawn.py", line 140, in _check_not_importing_main
    raise RuntimeError('''
    ...<16 lines>...
    ''')
RuntimeError: 
        An attempt has been made to start a new process before the
        current process has finished its bootstrapping phase.

        This probably means that you are not using fork to start your
        child processes and you have forgotten to use the proper idiom
        in the main module:

            if __name__ == '__main__':
                freeze_support()
                ...

        The "freeze_support()" line can be omitted if the program
        is not going to be frozen to produce an executable.

        To fix this issue, refer to the "Safe importing of main module"
        section in https://docs.python.org/3/library/multiprocessing.html
        
Sat Oct  3 00:56:49 2026 total 4980 todo 4980 workers 4
Traceback (most recent call last):
  File "<string>", line 1, in <module>
    from multiprocessing.spawn import spawn_main; spawn_main(parent_pid=9492, pipe_handle=708)
                                                  ~~~~~~~~~~^^^^^^^^^^^^^^^^^^^^^^^^^^^^^^^^^^
  File "C:\Users\DELL\AppData\Local\Programs\Python\Python313\Lib\multiprocessing\spawn.py", line 122, in spawn_main
    exitcode = _main(fd, parent_sentinel)
  File "C:\Users\DELL\AppData\Local\Programs\Python\Python313\Lib\multiprocessing\spawn.py", line 131, in _main
    prepare(preparation_data)
    ~~~~~~~^^^^^^^^^^^^^^^^^^
  File "C:\Users\DELL\AppData\Local\Programs\Python\Python313\Lib\multiprocessing\spawn.py", line 246, in prepare
    _fixup_main_from_path(data['init_main_from_path'])
    ~~~~~~~~~~~~~~~~~~~~~^^^^^^^^^^^^^^^^^^^^^^^^^^^^^
  File "C:\Users\DELL\AppData\Local\Programs\Python\Python313\Lib\multiprocessing\spawn.py", line 297, in _fixup_main_from_path
    main_content = runpy.run_path(main_path,
                                  run_name="__mp_main__")
  File "<frozen runpy>", line 287, in run_path
  File "<frozen runpy>", line 98, in _run_module_code
  File "<frozen runpy>", line 88, in _run_code
  File "C:\Users\DELL\Downloads\FEDQPNT\scripts\m4_campaign.py", line 67, in <module>
    main()
    ~~~~^^
  File "C:\Users\DELL\Downloads\FEDQPNT\scripts\m4_campaign.py", line 50, in main
    futs = [ex.submit(C._execute_one, asdict(t), ROOT, py, True) for t in todo]
            ~~~~~~~~~^^^^^^^^^^^^^^^^^^^^^^^^^^^^^^^^^^^^^^^^^^^
  File "C:\Users\DELL\AppData\Local\Programs\Python\Python313\Lib\concurrent\futures\process.py", line 803, in submit
    self._adjust_process_count()
    ~~~~~~~~~~~~~~~~~~~~~~~~~~^^
  File "C:\Users\DELL\AppData\Local\Programs\Python\Python313\Lib\concurrent\futures\process.py", line 762, in _adjust_process_count
    self._spawn_process()
    ~~~~~~~~~~~~~~~~~~~^^
  File "C:\Users\DELL\AppData\Local\Programs\Python\Python313\Lib\concurrent\futures\process.py", line 780, in _spawn_process
    p.start()
    ~~~~~~~^^
  File "C:\Users\DELL\AppData\Local\Programs\Python\Python313\Lib\multiprocessing\process.py", line 121, in start
    self._popen = self._Popen(self)
                  ~~~~~~~~~~~^^^^^^
  File "C:\Users\DELL\AppData\Local\Programs\Python\Python313\Lib\multiprocessing\context.py", line 337, in _Popen
    return Popen(process_obj)
  File "C:\Users\DELL\AppData\Local\Programs\Python\Python313\Lib\multiprocessing\popen_spawn_win32.py", line 47, in __init__
    prep_data = spawn.get_preparation_data(process_obj._name)
  File "C:\Users\DELL\AppData\Local\Programs\Python\Python313\Lib\multiprocessing\spawn.py", line 164, in get_preparation_data
    _check_not_importing_main()
    ~~~~~~~~~~~~~~~~~~~~~~~~~^^
  File "C:\Users\DELL\AppData\Local\Programs\Python\Python313\Lib\multiprocessing\spawn.py", line 140, in _check_not_importing_main
    raise RuntimeError('''
    ...<16 lines>...
    ''')
RuntimeError: 
        An attempt has been made to start a new process before the
        current process has finished its bootstrapping phase.

        This probably means that you are not using fork to start your
        child processes and you have forgotten to use the proper idiom
        in the main module:

            if __name__ == '__main__':
                freeze_support()
                ...

        The "freeze_support()" line can be omitted if the program
        is not going to be frozen to produce an executable.

        To fix this issue, refer to the "Safe importing of main module"
        section in https://docs.python.org/3/library/multiprocessing.html
        
Sat Oct  3 00:56:49 2026 1/4980 {'EXC:BrokenProcessPool': 1} elapsed 1s
Sat Oct  3 00:56:49 2026 2/4980 {'EXC:BrokenProcessPool': 2} elapsed 1s
Sat Oct  3 00:56:49 2026 3/4980 {'EXC:BrokenProcessPool': 3} elapsed 1s
Sat Oct  3 00:56:49 2026 4/4980 {'EXC:BrokenProcessPool': 4} elapsed 1s
Sat Oct  3 00:56:49 2026 5/4980 {'EXC:BrokenProcessPool': 5} elapsed 1s
Sat Oct  3 00:56:49 2026 6/4980 {'EXC:BrokenProcessPool': 6} elapsed 1s
Sat Oct  3 00:56:49 2026 7/4980 {'EXC:BrokenProcessPool': 7} elapsed 1s
Sat Oct  3 00:56:49 2026 8/4980 {'EXC:BrokenProcessPool': 8} elapsed 1s
Sat Oct  3 00:56:49 2026 9/4980 {'EXC:BrokenProcessPool': 9} elapsed 1s
Sat Oct  3 00:56:49 2026 10/4980 {'EXC:BrokenProcessPool': 10} elapsed 1s
Sat Oct  3 00:56:49 2026 11/4980 {'EXC:BrokenProcessPool': 11} elapsed 1s
Sat Oct  3 00:56:49 2026 12/4980 {'EXC:BrokenProcessPool': 12} elapsed 1s
Sat Oct  3 00:56:49 2026 13/4980 {'EXC:BrokenProcessPool': 13} elapsed 1s
Sat Oct  3 00:56:49 2026 14/4980 {'EXC:BrokenProcessPool': 14} elapsed 1s
Sat Oct  3 00:56:49 2026 15/4980 {'EXC:BrokenProcessPool': 15} elapsed 1s
Sat Oct  3 00:56:49 2026 16/4980 {'EXC:BrokenProcessPool': 16} elapsed 1s
Sat Oct  3 00:56:49 2026 17/4980 {'EXC:BrokenProcessPool': 17} elapsed 1s
Sat Oct  3 00:56:49 2026 18/4980 {'EXC:BrokenProcessPool': 18} elapsed 1s
Sat Oct  3 00:56:49 2026 19/4980 {'EXC:BrokenProcessPool': 19} elapsed 1s
Sat Oct  3 00:56:49 2026 20/4980 {'EXC:BrokenProcessPool': 20} elapsed 1s
Sat Oct  3 00:56:49 2026 21/4980 {'EXC:BrokenProcessPool': 21} elapsed 1s
Sat Oct  3 00:56:49 2026 22/4980 {'EXC:BrokenProcessPool': 22} elapsed 1s
Sat Oct  3 00:56:49 2026 23/4980 {'EXC:BrokenProcessPool': 23} elapsed 1s
Sat Oct  3 00:56:49 2026 24/4980 {'EXC:BrokenProcessPool': 24} elapsed 1s
Sat Oct  3 00:56:49 2026 25/4980 {'EXC:BrokenProcessPool': 25} elapsed 1s
Sat Oct  3 00:56:49 2026 26/4980 {'EXC:BrokenProcessPool': 26} elapsed 1s
Sat Oct  3 00:56:49 2026 27/4980 {'EXC:BrokenProcessPool': 27} elapsed 1s
Sat Oct  3 00:56:49 2026 28/4980 {'EXC:BrokenProcessPool': 28} elapsed 1s
Sat Oct  3 00:56:49 2026 29/4980 {'EXC:BrokenProcessPool': 29} elapsed 1s
Sat Oct  3 00:56:49 2026 30/4980 {'EXC:BrokenProcessPool': 30} elapsed 1s
Sat Oct  3 00:56:49 2026 31/4980 {'EXC:BrokenProcessPool': 31} elapsed 1s
Sat Oct  3 00:56:49 2026 32/4980 {'EXC:BrokenProcessPool': 32} elapsed 1s
Sat Oct  3 00:56:49 2026 33/4980 {'EXC:BrokenProcessPool': 33} elapsed 1s
Sat Oct  3 00:56:49 2026 34/4980 {'EXC:BrokenProcessPool': 34} elapsed 1s
Sat Oct  3 00:56:49 2026 35/4980 {'EXC:BrokenProcessPool': 35} elapsed 1s
Sat Oct  3 00:56:49 2026 36/4980 {'EXC:BrokenProcessPool': 36} elapsed 1s
Sat Oct  3 00:56:49 2026 37/4980 {'EXC:BrokenProcessPool': 37} elapsed 1s
Sat Oct  3 00:56:49 2026 38/4980 {'EXC:BrokenProcessPool': 38} elapsed 1s
Sat Oct  3 00:56:49 2026 39/4980 {'EXC:BrokenProcessPool': 39} elapsed 1s
Sat Oct  3 00:56:49 2026 40/4980 {'EXC:BrokenProcessPool': 40} elapsed 1s
Sat Oct  3 00:56:49 2026 41/4980 {'EXC:BrokenProcessPool': 41} elapsed 1s
Sat Oct  3 00:56:49 2026 42/4980 {'EXC:BrokenProcessPool': 42} elapsed 1s
Sat Oct  3 00:56:49 2026 43/4980 {'EXC:BrokenProcessPool': 43} elapsed 1s
Sat Oct  3 00:56:49 2026 44/4980 {'EXC:BrokenProcessPool': 44} elapsed 1s
Sat Oct  3 00:56:49 2026 45/4980 {'EXC:BrokenProcessPool': 45} elapsed 1s
Sat Oct  3 00:56:49 2026 46/4980 {'EXC:BrokenProcessPool': 46} elapsed 1s
Sat Oct  3 00:56:49 2026 47/4980 {'EXC:BrokenProcessPool': 47} elapsed 1s
Sat Oct  3 00:56:49 2026 48/4980 {'EXC:BrokenProcessPool': 48} elapsed 1s
Sat Oct  3 00:56:49 2026 49/4980 {'EXC:BrokenProcessPool': 49} elapsed 1s
Sat Oct  3 00:56:49 2026 50/4980 {'EXC:BrokenProcessPool': 50} elapsed 1s
Sat Oct  3 00:56:49 2026 51/4980 {'EXC:BrokenProcessPool': 51} elapsed 1s
Sat Oct  3 00:56:49 2026 52/4980 {'EXC:BrokenProcessPool': 52} elapsed 1s
Sat Oct  3 00:56:49 2026 53/4980 {'EXC:BrokenProcessPool': 53} elapsed 1s
Sat Oct  3 00:56:49 2026 54/4980 {'EXC:BrokenProcessPool': 54} elapsed 1s
Sat Oct  3 00:56:49 2026 55/4980 {'EXC:BrokenProcessPool': 55} elapsed 1s
Sat Oct  3 00:56:49 2026 56/4980 {'EXC:BrokenProcessPool': 56} elapsed 1s
Sat Oct  3 00:56:49 2026 57/4980 {'EXC:BrokenProcessPool': 57} elapsed 1s
Sat Oct  3 00:56:49 2026 58/4980 {'EXC:BrokenProcessPool': 58} elapsed 1s
Sat Oct  3 00:56:49 2026 59/4980 {'EXC:BrokenProcessPool': 59} elapsed 1s
Sat Oct  3 00:56:49 2026 60/4980 {'EXC:BrokenProcessPool': 60} elapsed 1s
Sat Oct  3 00:56:49 2026 61/4980 {'EXC:BrokenProcessPool': 61} elapsed 1s
Sat Oct  3 00:56:49 2026 62/4980 {'EXC:BrokenProcessPool': 62} elapsed 1s
Sat Oct  3 00:56:49 2026 63/4980 {'EXC:BrokenProcessPool': 63} elapsed 1s
Sat Oct  3 00:56:49 2026 64/4980 {'EXC:BrokenProcessPool': 64} elapsed 1s
Sat Oct  3 00:56:49 2026 65/4980 {'EXC:BrokenProcessPool': 65} elapsed 1s
Sat Oct  3 00:56:49 2026 66/4980 {'EXC:BrokenProcessPool': 66} elapsed 1s
Sat Oct  3 00:56:49 2026 67/4980 {'EXC:BrokenProcessPool': 67} elapsed 1s
Sat Oct  3 00:56:49 2026 68/4980 {'EXC:BrokenProcessPool': 68} elapsed 1s
Sat Oct  3 00:56:49 2026 69/4980 {'EXC:BrokenProcessPool': 69} elapsed 1s
Sat Oct  3 00:56:49 2026 70/4980 {'EXC:BrokenProcessPool': 70} elapsed 1s
Sat Oct  3 00:56:49 2026 71/4980 {'EXC:BrokenProcessPool': 71} elapsed 1s
Sat Oct  3 00:56:49 2026 72/4980 {'EXC:BrokenProcessPool': 72} elapsed 1s
Sat Oct  3 00:56:49 2026 73/4980 {'EXC:BrokenProcessPool': 73} elapsed 1s
Sat Oct  3 00:56:49 2026 74/4980 {'EXC:BrokenProcessPool': 74} elapsed 1s
Sat Oct  3 00:56:49 2026 75/4980 {'EXC:BrokenProcessPool': 75} elapsed 1s
Sat Oct  3 00:56:49 2026 76/4980 {'EXC:BrokenProcessPool': 76} elapsed 1s
Sat Oct  3 00:56:49 2026 77/4980 {'EXC:BrokenProcessPool': 77} elapsed 1s
Sat Oct  3 00:56:49 2026 78/4980 {'EXC:BrokenProcessPool': 78} elapsed 1s
Sat Oct  3 00:56:49 2026 79/4980 {'EXC:BrokenProcessPool': 79} elapsed 1s
Sat Oct  3 00:56:49 2026 80/4980 {'EXC:BrokenProcessPool': 80} elapsed 1s
Sat Oct  3 00:56:49 2026 81/4980 {'EXC:BrokenProcessPool': 81} elapsed 1s
Sat Oct  3 00:56:49 2026 82/4980 {'EXC:BrokenProcessPool': 82} elapsed 1s
Sat Oct  3 00:56:49 2026 83/4980 {'EXC:BrokenProcessPool': 83} elapsed 1s
Sat Oct  3 00:56:49 2026 84/4980 {'EXC:BrokenProcessPool': 84} elapsed 1s
Sat Oct  3 00:56:49 2026 85/4980 {'EXC:BrokenProcessPool': 85} elapsed 1s
Sat Oct  3 00:56:49 2026 86/4980 {'EXC:BrokenProcessPool': 86} elapsed 1s
Sat Oct  3 00:56:49 2026 87/4980 {'EXC:BrokenProcessPool': 87} elapsed 1s
Sat Oct  3 00:56:49 2026 88/4980 {'EXC:BrokenProcessPool': 88} elapsed 1s
Sat Oct  3 00:56:49 2026 89/4980 {'EXC:BrokenProcessPool': 89} elapsed 1s
Sat Oct  3 00:56:49 2026 90/4980 {'EXC:BrokenProcessPool': 90} elapsed 1s
Sat Oct  3 00:56:49 2026 91/4980 {'EXC:BrokenProcessPool': 91} elapsed 1s
Sat Oct  3 00:56:49 2026 92/4980 {'EXC:BrokenProcessPool': 92} elapsed 1s
Sat Oct  3 00:56:49 2026 93/4980 {'EXC:BrokenProcessPool': 93} elapsed 1s
Sat Oct  3 00:56:49 2026 94/4980 {'EXC:BrokenProcessPool': 94} elapsed 1s
Sat Oct  3 00:56:49 2026 95/4980 {'EXC:BrokenProcessPool': 95} elapsed 1s
Sat Oct  3 00:56:49 2026 96/4980 {'EXC:BrokenProcessPool': 96} elapsed 1s
Sat Oct  3 00:56:49 2026 97/4980 {'EXC:BrokenProcessPool': 97} elapsed 1s
Sat Oct  3 00:56:49 2026 98/4980 {'EXC:BrokenProcessPool': 98} elapsed 1s
Sat Oct  3 00:56:49 2026 99/4980 {'EXC:BrokenProcessPool': 99} elapsed 1s
Sat Oct  3 00:56:49 2026 100/4980 {'EXC:BrokenProcessPool': 100} elapsed 1s
Sat Oct  3 00:56:49 2026 101/4980 {'EXC:BrokenProcessPool': 101} elapsed 1s
Sat Oct  3 00:56:49 2026 102/4980 {'EXC:BrokenProcessPool': 102} elapsed 1s
Sat Oct  3 00:56:49 2026 103/4980 {'EXC:BrokenProcessPool': 103} elapsed 1s
Sat Oct  3 00:56:49 2026 104/4980 {'EXC:BrokenProcessPool': 104} elapsed 1s
Sat Oct  3 00:56:49 2026 105/4980 {'EXC:BrokenProcessPool': 105} elapsed 1s
Sat Oct  3 00:56:49 2026 106/4980 {'EXC:BrokenProcessPool': 106} elapsed 1s
Sat Oct  3 00:56:49 2026 107/4980 {'EXC:BrokenProcessPool': 107} elapsed 1s
Sat Oct  3 00:56:49 2026 108/4980 {'EXC:BrokenProcessPool': 108} elapsed 1s
Sat Oct  3 00:56:49 2026 109/4980 {'EXC:BrokenProcessPool': 109} elapsed 1s
Sat Oct  3 00:56:49 2026 110/4980 {'EXC:BrokenProcessPool': 110} elapsed 1s
Sat Oct  3 00:56:49 2026 111/4980 {'EXC:BrokenProcessPool': 111} elapsed 1s
Sat Oct  3 00:56:49 2026 112/4980 {'EXC:BrokenProcessPool': 112} elapsed 1s
Sat Oct  3 00:56:49 2026 113/4980 {'EXC:BrokenProcessPool': 113} elapsed 1s
Sat Oct  3 00:56:49 2026 114/4980 {'EXC:BrokenProcessPool': 114} elapsed 1s
Sat Oct  3 00:56:49 2026 115/4980 {'EXC:BrokenProcessPool': 115} elapsed 1s
Sat Oct  3 00:56:49 2026 116/4980 {'EXC:BrokenProcessPool': 116} elapsed 1s
Sat Oct  3 00:56:49 2026 117/4980 {'EXC:BrokenProcessPool': 117} elapsed 1s
Sat Oct  3 00:56:49 2026 118/4980 {'EXC:BrokenProcessPool': 118} elapsed 1s
Sat Oct  3 00:56:49 2026 119/4980 {'EXC:BrokenProcessPool': 119} elapsed 1s
Sat Oct  3 00:56:49 2026 120/4980 {'EXC:BrokenProcessPool': 120} elapsed 1s
Sat Oct  3 00:56:49 2026 121/4980 {'EXC:BrokenProcessPool': 121} elapsed 1s
Sat Oct  3 00:56:49 2026 122/4980 {'EXC:BrokenProcessPool': 122} elapsed 1s
Sat Oct  3 00:56:49 2026 123/4980 {'EXC:BrokenProcessPool': 123} elapsed 1s
Sat Oct  3 00:56:49 2026 124/4980 {'EXC:BrokenProcessPool': 124} elapsed 1s
Sat Oct  3 00:56:49 2026 125/4980 {'EXC:BrokenProcessPool': 125} elapsed 1s
Sat Oct  3 00:56:49 2026 126/4980 {'EXC:BrokenProcessPool': 126} elapsed 1s
Sat Oct  3 00:56:49 2026 127/4980 {'EXC:BrokenProcessPool': 127} elapsed 1s
Sat Oct  3 00:56:49 2026 128/4980 {'EXC:BrokenProcessPool': 128} elapsed 1s
Sat Oct  3 00:56:49 2026 129/4980 {'EXC:BrokenProcessPool': 129} elapsed 1s
Sat Oct  3 00:56:49 2026 130/4980 {'EXC:BrokenProcessPool': 130} elapsed 1s
Sat Oct  3 00:56:49 2026 131/4980 {'EXC:BrokenProcessPool': 131} elapsed 1s
Sat Oct  3 00:56:49 2026 132/4980 {'EXC:BrokenProcessPool': 132} elapsed 1s
Sat Oct  3 00:56:49 2026 133/4980 {'EXC:BrokenProcessPool': 133} elapsed 1s
Sat Oct  3 00:56:49 2026 134/4980 {'EXC:BrokenProcessPool': 134} elapsed 1s
Sat Oct  3 00:56:49 2026 135/4980 {'EXC:BrokenProcessPool': 135} elapsed 1s
Sat Oct  3 00:56:49 2026 136/4980 {'EXC:BrokenProcessPool': 136} elapsed 1s
Sat Oct  3 00:56:49 2026 137/4980 {'EXC:BrokenProcessPool': 137} elapsed 1s
Sat Oct  3 00:56:49 2026 138/4980 {'EXC:BrokenProcessPool': 138} elapsed 1s
Sat Oct  3 00:56:49 2026 139/4980 {'EXC:BrokenProcessPool': 139} elapsed 1s
Sat Oct  3 00:56:49 2026 140/4980 {'EXC:BrokenProcessPool': 140} elapsed 1s
Sat Oct  3 00:56:49 2026 141/4980 {'EXC:BrokenProcessPool': 141} elapsed 1s
Sat Oct  3 00:56:49 2026 142/4980 {'EXC:BrokenProcessPool': 142} elapsed 1s
Sat Oct  3 00:56:49 2026 143/4980 {'EXC:BrokenProcessPool': 143} elapsed 1s
Sat Oct  3 00:56:49 2026 144/4980 {'EXC:BrokenProcessPool': 144} elapsed 1s
Sat Oct  3 00:56:49 2026 145/4980 {'EXC:BrokenProcessPool': 145} elapsed 1s
Sat Oct  3 00:56:49 2026 146/4980 {'EXC:BrokenProcessPool': 146} elapsed 1s
Sat Oct  3 00:56:49 2026 147/4980 {'EXC:BrokenProcessPool': 147} elapsed 1s
Sat Oct  3 00:56:49 2026 148/4980 {'EXC:BrokenProcessPool': 148} elapsed 1s
Sat Oct  3 00:56:49 2026 149/4980 {'EXC:BrokenProcessPool': 149} elapsed 1s
Sat Oct  3 00:56:49 2026 150/4980 {'EXC:BrokenProcessPool': 150} elapsed 1s
Sat Oct  3 00:56:49 2026 151/4980 {'EXC:BrokenProcessPool': 151} elapsed 1s
Sat Oct  3 00:56:49 2026 152/4980 {'EXC:BrokenProcessPool': 152} elapsed 1s
Sat Oct  3 00:56:49 2026 153/4980 {'EXC:BrokenProcessPool': 153} elapsed 1s
Sat Oct  3 00:56:49 2026 154/4980 {'EXC:BrokenProcessPool': 154} elapsed 1s
Sat Oct  3 00:56:49 2026 155/4980 {'EXC:BrokenProcessPool': 155} elapsed 1s
Sat Oct  3 00:56:49 2026 156/4980 {'EXC:BrokenProcessPool': 156} elapsed 1s
Sat Oct  3 00:56:49 2026 157/4980 {'EXC:BrokenProcessPool': 157} elapsed 1s
Sat Oct  3 00:56:49 2026 158/4980 {'EXC:BrokenProcessPool': 158} elapsed 1s
Sat Oct  3 00:56:49 2026 159/4980 {'EXC:BrokenProcessPool': 159} elapsed 1s
Sat Oct  3 00:56:49 2026 160/4980 {'EXC:BrokenProcessPool': 160} elapsed 1s
Sat Oct  3 00:56:49 2026 161/4980 {'EXC:BrokenProcessPool': 161} elapsed 1s
Sat Oct  3 00:56:49 2026 162/4980 {'EXC:BrokenProcessPool': 162} elapsed 1s
Sat Oct  3 00:56:49 2026 163/4980 {'EXC:BrokenProcessPool': 163} elapsed 1s
Sat Oct  3 00:56:49 2026 164/4980 {'EXC:BrokenProcessPool': 164} elapsed 1s
Sat Oct  3 00:56:49 2026 165/4980 {'EXC:BrokenProcessPool': 165} elapsed 1s
Sat Oct  3 00:56:49 2026 166/4980 {'EXC:BrokenProcessPool': 166} elapsed 1s
Sat Oct  3 00:56:49 2026 167/4980 {'EXC:BrokenProcessPool': 167} elapsed 1s
Sat Oct  3 00:56:49 2026 168/4980 {'EXC:BrokenProcessPool': 168} elapsed 1s
Sat Oct  3 00:56:49 2026 169/4980 {'EXC:BrokenProcessPool': 169} elapsed 1s
Sat Oct  3 00:56:49 2026 170/4980 {'EXC:BrokenProcessPool': 170} elapsed 1s
Sat Oct  3 00:56:49 2026 171/4980 {'EXC:BrokenProcessPool': 171} elapsed 1s
Sat Oct  3 00:56:49 2026 172/4980 {'EXC:BrokenProcessPool': 172} elapsed 1s
Sat Oct  3 00:56:49 2026 173/4980 {'EXC:BrokenProcessPool': 173} elapsed 1s
Sat Oct  3 00:56:49 2026 174/4980 {'EXC:BrokenProcessPool': 174} elapsed 1s
Sat Oct  3 00:56:49 2026 175/4980 {'EXC:BrokenProcessPool': 175} elapsed 1s
Sat Oct  3 00:56:49 2026 176/4980 {'EXC:BrokenProcessPool': 176} elapsed 1s
Sat Oct  3 00:56:49 2026 177/4980 {'EXC:BrokenProcessPool': 177} elapsed 1s
Sat Oct  3 00:56:49 2026 178/4980 {'EXC:BrokenProcessPool': 178} elapsed 1s
Sat Oct  3 00:56:49 2026 179/4980 {'EXC:BrokenProcessPool': 179} elapsed 1s
Sat Oct  3 00:56:49 2026 180/4980 {'EXC:BrokenProcessPool': 180} elapsed 1s
Sat Oct  3 00:56:49 2026 181/4980 {'EXC:BrokenProcessPool': 181} elapsed 1s
Sat Oct  3 00:56:49 2026 182/4980 {'EXC:BrokenProcessPool': 182} elapsed 1s
Sat Oct  3 00:56:49 2026 183/4980 {'EXC:BrokenProcessPool': 183} elapsed 1s
Sat Oct  3 00:56:49 2026 184/4980 {'EXC:BrokenProcessPool': 184} elapsed 1s
Sat Oct  3 00:56:49 2026 185/4980 {'EXC:BrokenProcessPool': 185} elapsed 1s
Sat Oct  3 00:56:49 2026 186/4980 {'EXC:BrokenProcessPool': 186} elapsed 1s
Sat Oct  3 00:56:49 2026 187/4980 {'EXC:BrokenProcessPool': 187} elapsed 1s
Sat Oct  3 00:56:49 2026 188/4980 {'EXC:BrokenProcessPool': 188} elapsed 1s
Sat Oct  3 00:56:49 2026 189/4980 {'EXC:BrokenProcessPool': 189} elapsed 1s
Sat Oct  3 00:56:49 2026 190/4980 {'EXC:BrokenProcessPool': 190} elapsed 1s
Sat Oct  3 00:56:49 2026 191/4980 {'EXC:BrokenProcessPool': 191} elapsed 1s
Sat Oct  3 00:56:49 2026 192/4980 {'EXC:BrokenProcessPool': 192} elapsed 1s
Sat Oct  3 00:56:49 2026 193/4980 {'EXC:BrokenProcessPool': 193} elapsed 1s
Sat Oct  3 00:56:49 2026 194/4980 {'EXC:BrokenProcessPool': 194} elapsed 1s
Sat Oct  3 00:56:49 2026 195/4980 {'EXC:BrokenProcessPool': 195} elapsed 1s
Sat Oct  3 00:56:49 2026 196/4980 {'EXC:BrokenProcessPool': 196} elapsed 1s
Sat Oct  3 00:56:49 2026 197/4980 {'EXC:BrokenProcessPool': 197} elapsed 1s
Sat Oct  3 00:56:49 2026 198/4980 {'EXC:BrokenProcessPool': 198} elapsed 1s
Sat Oct  3 00:56:49 2026 199/4980 {'EXC:BrokenProcessPool': 199} elapsed 1s
Sat Oct  3 00:56:49 2026 200/4980 {'EXC:BrokenProcessPool': 200} elapsed 1s
Sat Oct  3 00:56:49 2026 201/4980 {'EXC:BrokenProcessPool': 201} elapsed 1s
Sat Oct  3 00:56:49 2026 202/4980 {'EXC:BrokenProcessPool': 202} elapsed 1s
Sat Oct  3 00:56:49 2026 203/4980 {'EXC:BrokenProcessPool': 203} elapsed 1s
Sat Oct  3 00:56:49 2026 204/4980 {'EXC:BrokenProcessPool': 204} elapsed 1s
Sat Oct  3 00:56:49 2026 205/4980 {'EXC:BrokenProcessPool': 205} elapsed 1s
Sat Oct  3 00:56:49 2026 206/4980 {'EXC:BrokenProcessPool': 206} elapsed 1s
Sat Oct  3 00:56:49 2026 207/4980 {'EXC:BrokenProcessPool': 207} elapsed 1s
Sat Oct  3 00:56:49 2026 208/4980 {'EXC:BrokenProcessPool': 208} elapsed 1s
Sat Oct  3 00:56:49 2026 209/4980 {'EXC:BrokenProcessPool': 209} elapsed 1s
Sat Oct  3 00:56:49 2026 210/4980 {'EXC:BrokenProcessPool': 210} elapsed 1s
Sat Oct  3 00:56:49 2026 211/4980 {'EXC:BrokenProcessPool': 211} elapsed 1s
Sat Oct  3 00:56:49 2026 212/4980 {'EXC:BrokenProcessPool': 212} elapsed 1s
Sat Oct  3 00:56:49 2026 213/4980 {'EXC:BrokenProcessPool': 213} elapsed 1s
Sat Oct  3 00:56:49 2026 214/4980 {'EXC:BrokenProcessPool': 214} elapsed 1s
Sat Oct  3 00:56:49 2026 215/4980 {'EXC:BrokenProcessPool': 215} elapsed 1s
Sat Oct  3 00:56:49 2026 216/4980 {'EXC:BrokenProcessPool': 216} elapsed 1s
Sat Oct  3 00:56:49 2026 217/4980 {'EXC:BrokenProcessPool': 217} elapsed 1s
Sat Oct  3 00:56:49 2026 218/4980 {'EXC:BrokenProcessPool': 218} elapsed 1s
Sat Oct  3 00:56:49 2026 219/4980 {'EXC:BrokenProcessPool': 219} elapsed 1s
Sat Oct  3 00:56:49 2026 220/4980 {'EXC:BrokenProcessPool': 220} elapsed 1s
Sat Oct  3 00:56:49 2026 221/4980 {'EXC:BrokenProcessPool': 221} elapsed 1s
Sat Oct  3 00:56:49 2026 222/4980 {'EXC:BrokenProcessPool': 222} elapsed 1s
Sat Oct  3 00:56:49 2026 223/4980 {'EXC:BrokenProcessPool': 223} elapsed 1s
Sat Oct  3 00:56:49 2026 224/4980 {'EXC:BrokenProcessPool': 224} elapsed 1s
Sat Oct  3 00:56:49 2026 225/4980 {'EXC:BrokenProcessPool': 225} elapsed 1s
Sat Oct  3 00:56:49 2026 226/4980 {'EXC:BrokenProcessPool': 226} elapsed 1s
Sat Oct  3 00:56:49 2026 227/4980 {'EXC:BrokenProcessPool': 227} elapsed 1s
Sat Oct  3 00:56:49 2026 228/4980 {'EXC:BrokenProcessPool': 228} elapsed 1s
Sat Oct  3 00:56:49 2026 229/4980 {'EXC:BrokenProcessPool': 229} elapsed 1s
Sat Oct  3 00:56:49 2026 230/4980 {'EXC:BrokenProcessPool': 230} elapsed 1s
Sat Oct  3 00:56:49 2026 231/4980 {'EXC:BrokenProcessPool': 231} elapsed 1s
Sat Oct  3 00:56:49 2026 232/4980 {'EXC:BrokenProcessPool': 232} elapsed 1s
Sat Oct  3 00:56:49 2026 233/4980 {'EXC:BrokenProcessPool': 233} elapsed 1s
Sat Oct  3 00:56:49 2026 234/4980 {'EXC:BrokenProcessPool': 234} elapsed 1s
Sat Oct  3 00:56:49 2026 235/4980 {'EXC:BrokenProcessPool': 235} elapsed 1s
Sat Oct  3 00:56:49 2026 236/4980 {'EXC:BrokenProcessPool': 236} elapsed 1s
Sat Oct  3 00:56:49 2026 237/4980 {'EXC:BrokenProcessPool': 237} elapsed 1s
Sat Oct  3 00:56:49 2026 238/4980 {'EXC:BrokenProcessPool': 238} elapsed 1s
Sat Oct  3 00:56:49 2026 239/4980 {'EXC:BrokenProcessPool': 239} elapsed 1s
Sat Oct  3 00:56:49 2026 240/4980 {'EXC:BrokenProcessPool': 240} elapsed 1s
Sat Oct  3 00:56:49 2026 241/4980 {'EXC:BrokenProcessPool': 241} elapsed 1s
Sat Oct  3 00:56:49 2026 242/4980 {'EXC:BrokenProcessPool': 242} elapsed 1s
Sat Oct  3 00:56:49 2026 243/4980 {'EXC:BrokenProcessPool': 243} elapsed 1s
Sat Oct  3 00:56:49 2026 244/4980 {'EXC:BrokenProcessPool': 244} elapsed 1s
Sat Oct  3 00:56:49 2026 245/4980 {'EXC:BrokenProcessPool': 245} elapsed 1s
Sat Oct  3 00:56:49 2026 246/4980 {'EXC:BrokenProcessPool': 246} elapsed 1s
Sat Oct  3 00:56:49 2026 247/4980 {'EXC:BrokenProcessPool': 247} elapsed 1s
Sat Oct  3 00:56:49 2026 248/4980 {'EXC:BrokenProcessPool': 248} elapsed 1s
Sat Oct  3 00:56:49 2026 249/4980 {'EXC:BrokenProcessPool': 249} elapsed 1s
Sat Oct  3 00:56:49 2026 250/4980 {'EXC:BrokenProcessPool': 250} elapsed 1s
Sat Oct  3 00:56:49 2026 251/4980 {'EXC:BrokenProcessPool': 251} elapsed 1s
Sat Oct  3 00:56:49 2026 252/4980 {'EXC:BrokenProcessPool': 252} elapsed 1s
Sat Oct  3 00:56:49 2026 253/4980 {'EXC:BrokenProcessPool': 253} elapsed 1s
Sat Oct  3 00:56:49 2026 254/4980 {'EXC:BrokenProcessPool': 254} elapsed 1s
Sat Oct  3 00:56:49 2026 255/4980 {'EXC:BrokenProcessPool': 255} elapsed 1s
Sat Oct  3 00:56:49 2026 256/4980 {'EXC:BrokenProcessPool': 256} elapsed 1s
Sat Oct  3 00:56:49 2026 257/4980 {'EXC:BrokenProcessPool': 257} elapsed 1s
Sat Oct  3 00:56:49 2026 258/4980 {'EXC:BrokenProcessPool': 258} elapsed 1s
Sat Oct  3 00:56:49 2026 259/4980 {'EXC:BrokenProcessPool': 259} elapsed 1s
Sat Oct  3 00:56:49 2026 260/4980 {'EXC:BrokenProcessPool': 260} elapsed 1s
Sat Oct  3 00:56:49 2026 261/4980 {'EXC:BrokenProcessPool': 261} elapsed 1s
Sat Oct  3 00:56:49 2026 262/4980 {'EXC:BrokenProcessPool': 262} elapsed 1s
Sat Oct  3 00:56:49 2026 263/4980 {'EXC:BrokenProcessPool': 263} elapsed 1s
Sat Oct  3 00:56:49 2026 264/4980 {'EXC:BrokenProcessPool': 264} elapsed 1s
Sat Oct  3 00:56:49 2026 265/4980 {'EXC:BrokenProcessPool': 265} elapsed 1s
Sat Oct  3 00:56:49 2026 266/4980 {'EXC:BrokenProcessPool': 266} elapsed 1s
Sat Oct  3 00:56:49 2026 267/4980 {'EXC:BrokenProcessPool': 267} elapsed 1s
Sat Oct  3 00:56:49 2026 268/4980 {'EXC:BrokenProcessPool': 268} elapsed 1s
Sat Oct  3 00:56:49 2026 269/4980 {'EXC:BrokenProcessPool': 269} elapsed 1s
Sat Oct  3 00:56:49 2026 270/4980 {'EXC:BrokenProcessPool': 270} elapsed 1s
Sat Oct  3 00:56:49 2026 271/4980 {'EXC:BrokenProcessPool': 271} elapsed 1s
Sat Oct  3 00:56:49 2026 272/4980 {'EXC:BrokenProcessPool': 272} elapsed 1s
Sat Oct  3 00:56:49 2026 273/4980 {'EXC:BrokenProcessPool': 273} elapsed 1s
Sat Oct  3 00:56:49 2026 274/4980 {'EXC:BrokenProcessPool': 274} elapsed 1s
Sat Oct  3 00:56:49 2026 275/4980 {'EXC:BrokenProcessPool': 275} elapsed 1s
Sat Oct  3 00:56:49 2026 276/4980 {'EXC:BrokenProcessPool': 276} elapsed 1s
Sat Oct  3 00:56:49 2026 277/4980 {'EXC:BrokenProcessPool': 277} elapsed 1s
Sat Oct  3 00:56:49 2026 278/4980 {'EXC:BrokenProcessPool': 278} elapsed 1s
Sat Oct  3 00:56:49 2026 279/4980 {'EXC:BrokenProcessPool': 279} elapsed 1s
Sat Oct  3 00:56:49 2026 280/4980 {'EXC:BrokenProcessPool': 280} elapsed 1s
Sat Oct  3 00:56:49 2026 281/4980 {'EXC:BrokenProcessPool': 281} elapsed 1s
Sat Oct  3 00:56:49 2026 282/4980 {'EXC:BrokenProcessPool': 282} elapsed 1s
Sat Oct  3 00:56:49 2026 283/4980 {'EXC:BrokenProcessPool': 283} elapsed 1s
Sat Oct  3 00:56:49 2026 284/4980 {'EXC:BrokenProcessPool': 284} elapsed 1s
Sat Oct  3 00:56:49 2026 285/4980 {'EXC:BrokenProcessPool': 285} elapsed 1s
Sat Oct  3 00:56:49 2026 286/4980 {'EXC:BrokenProcessPool': 286} elapsed 1s
Sat Oct  3 00:56:49 2026 287/4980 {'EXC:BrokenProcessPool': 287} elapsed 1s
Sat Oct  3 00:56:49 2026 288/4980 {'EXC:BrokenProcessPool': 288} elapsed 1s
Sat Oct  3 00:56:49 2026 289/4980 {'EXC:BrokenProcessPool': 289} elapsed 1s
Sat Oct  3 00:56:49 2026 290/4980 {'EXC:BrokenProcessPool': 290} elapsed 1s
Sat Oct  3 00:56:49 2026 291/4980 {'EXC:BrokenProcessPool': 291} elapsed 1s
Sat Oct  3 00:56:49 2026 292/4980 {'EXC:BrokenProcessPool': 292} elapsed 1s
Sat Oct  3 00:56:49 2026 293/4980 {'EXC:BrokenProcessPool': 293} elapsed 1s
Sat Oct  3 00:56:49 2026 294/4980 {'EXC:BrokenProcessPool': 294} elapsed 1s
Sat Oct  3 00:56:49 2026 295/4980 {'EXC:BrokenProcessPool': 295} elapsed 1s
Sat Oct  3 00:56:49 2026 296/4980 {'EXC:BrokenProcessPool': 296} elapsed 1s
Sat Oct  3 00:56:49 2026 297/4980 {'EXC:BrokenProcessPool': 297} elapsed 1s
Sat Oct  3 00:56:49 2026 298/4980 {'EXC:BrokenProcessPool': 298} elapsed 1s
Sat Oct  3 00:56:49 2026 299/4980 {'EXC:BrokenProcessPool': 299} elapsed 1s
Sat Oct  3 00:56:49 2026 300/4980 {'EXC:BrokenProcessPool': 300} elapsed 1s
Sat Oct  3 00:56:49 2026 301/4980 {'EXC:BrokenProcessPool': 301} elapsed 1s
Sat Oct  3 00:56:49 2026 302/4980 {'EXC:BrokenProcessPool': 302} elapsed 1s
Sat Oct  3 00:56:49 2026 303/4980 {'EXC:BrokenProcessPool': 303} elapsed 1s
Sat Oct  3 00:56:49 2026 304/4980 {'EXC:BrokenProcessPool': 304} elapsed 1s
Sat Oct  3 00:56:49 2026 305/4980 {'EXC:BrokenProcessPool': 305} elapsed 1s
Sat Oct  3 00:56:49 2026 306/4980 {'EXC:BrokenProcessPool': 306} elapsed 1s
Sat Oct  3 00:56:49 2026 307/4980 {'EXC:BrokenProcessPool': 307} elapsed 1s
Sat Oct  3 00:56:49 2026 308/4980 {'EXC:BrokenProcessPool': 308} elapsed 1s
Sat Oct  3 00:56:49 2026 309/4980 {'EXC:BrokenProcessPool': 309} elapsed 1s
Sat Oct  3 00:56:49 2026 310/4980 {'EXC:BrokenProcessPool': 310} elapsed 1s
Sat Oct  3 00:56:49 2026 311/4980 {'EXC:BrokenProcessPool': 311} elapsed 1s
Sat Oct  3 00:56:49 2026 312/4980 {'EXC:BrokenProcessPool': 312} elapsed 1s
Sat Oct  3 00:56:49 2026 313/4980 {'EXC:BrokenProcessPool': 313} elapsed 1s
Sat Oct  3 00:56:49 2026 314/4980 {'EXC:BrokenProcessPool': 314} elapsed 1s
Sat Oct  3 00:56:49 2026 315/4980 {'EXC:BrokenProcessPool': 315} elapsed 1s
Sat Oct  3 00:56:49 2026 316/4980 {'EXC:BrokenProcessPool': 316} elapsed 1s
Sat Oct  3 00:56:49 2026 317/4980 {'EXC:BrokenProcessPool': 317} elapsed 1s
Sat Oct  3 00:56:49 2026 318/4980 {'EXC:BrokenProcessPool': 318} elapsed 1s
Sat Oct  3 00:56:49 2026 319/4980 {'EXC:BrokenProcessPool': 319} elapsed 1s
Sat Oct  3 00:56:49 2026 320/4980 {'EXC:BrokenProcessPool': 320} elapsed 1s
Sat Oct  3 00:56:49 2026 321/4980 {'EXC:BrokenProcessPool': 321} elapsed 1s
Sat Oct  3 00:56:49 2026 322/4980 {'EXC:BrokenProcessPool': 322} elapsed 1s
Sat Oct  3 00:56:49 2026 323/4980 {'EXC:BrokenProcessPool': 323} elapsed 1s
Sat Oct  3 00:56:49 2026 324/4980 {'EXC:BrokenProcessPool': 324} elapsed 1s
Sat Oct  3 00:56:49 2026 325/4980 {'EXC:BrokenProcessPool': 325} elapsed 1s
Sat Oct  3 00:56:49 2026 326/4980 {'EXC:BrokenProcessPool': 326} elapsed 1s
Sat Oct  3 00:56:49 2026 327/4980 {'EXC:BrokenProcessPool': 327} elapsed 1s
Sat Oct  3 00:56:49 2026 328/4980 {'EXC:BrokenProcessPool': 328} elapsed 1s
Sat Oct  3 00:56:49 2026 329/4980 {'EXC:BrokenProcessPool': 329} elapsed 1s
Sat Oct  3 00:56:49 2026 330/4980 {'EXC:BrokenProcessPool': 330} elapsed 1s
Sat Oct  3 00:56:49 2026 331/4980 {'EXC:BrokenProcessPool': 331} elapsed 1s
Sat Oct  3 00:56:49 2026 332/4980 {'EXC:BrokenProcessPool': 332} elapsed 1s
Sat Oct  3 00:56:49 2026 333/4980 {'EXC:BrokenProcessPool': 333} elapsed 1s
Sat Oct  3 00:56:49 2026 334/4980 {'EXC:BrokenProcessPool': 334} elapsed 1s
Sat Oct  3 00:56:49 2026 335/4980 {'EXC:BrokenProcessPool': 335} elapsed 1s
Sat Oct  3 00:56:49 2026 336/4980 {'EXC:BrokenProcessPool': 336} elapsed 1s
Sat Oct  3 00:56:49 2026 337/4980 {'EXC:BrokenProcessPool': 337} elapsed 1s
Sat Oct  3 00:56:49 2026 338/4980 {'EXC:BrokenProcessPool': 338} elapsed 1s
Sat Oct  3 00:56:49 2026 339/4980 {'EXC:BrokenProcessPool': 339} elapsed 1s
Sat Oct  3 00:56:49 2026 340/4980 {'EXC:BrokenProcessPool': 340} elapsed 1s
Sat Oct  3 00:56:49 2026 341/4980 {'EXC:BrokenProcessPool': 341} elapsed 1s
Sat Oct  3 00:56:49 2026 342/4980 {'EXC:BrokenProcessPool': 342} elapsed 1s
Sat Oct  3 00:56:49 2026 343/4980 {'EXC:BrokenProcessPool': 343} elapsed 1s
Sat Oct  3 00:56:49 2026 344/4980 {'EXC:BrokenProcessPool': 344} elapsed 1s
Sat Oct  3 00:56:49 2026 345/4980 {'EXC:BrokenProcessPool': 345} elapsed 1s
Sat Oct  3 00:56:49 2026 346/4980 {'EXC:BrokenProcessPool': 346} elapsed 1s
Sat Oct  3 00:56:49 2026 347/4980 {'EXC:BrokenProcessPool': 347} elapsed 1s
Sat Oct  3 00:56:49 2026 348/4980 {'EXC:BrokenProcessPool': 348} elapsed 1s
Sat Oct  3 00:56:49 2026 349/4980 {'EXC:BrokenProcessPool': 349} elapsed 1s
Sat Oct  3 00:56:49 2026 350/4980 {'EXC:BrokenProcessPool': 350} elapsed 1s
Sat Oct  3 00:56:49 2026 351/4980 {'EXC:BrokenProcessPool': 351} elapsed 1s
Sat Oct  3 00:56:49 2026 352/4980 {'EXC:BrokenProcessPool': 352} elapsed 1s
Sat Oct  3 00:56:49 2026 353/4980 {'EXC:BrokenProcessPool': 353} elapsed 1s
Sat Oct  3 00:56:49 2026 354/4980 {'EXC:BrokenProcessPool': 354} elapsed 1s
Sat Oct  3 00:56:49 2026 355/4980 {'EXC:BrokenProcessPool': 355} elapsed 1s
Sat Oct  3 00:56:49 2026 356/4980 {'EXC:BrokenProcessPool': 356} elapsed 1s
Sat Oct  3 00:56:49 2026 357/4980 {'EXC:BrokenProcessPool': 357} elapsed 1s
Sat Oct  3 00:56:49 2026 358/4980 {'EXC:BrokenProcessPool': 358} elapsed 1s
Sat Oct  3 00:56:49 2026 359/4980 {'EXC:BrokenProcessPool': 359} elapsed 1s
Sat Oct  3 00:56:49 2026 360/4980 {'EXC:BrokenProcessPool': 360} elapsed 1s
Sat Oct  3 00:56:49 2026 361/4980 {'EXC:BrokenProcessPool': 361} elapsed 1s
Sat Oct  3 00:56:49 2026 362/4980 {'EXC:BrokenProcessPool': 362} elapsed 1s
Sat Oct  3 00:56:49 2026 363/4980 {'EXC:BrokenProcessPool': 363} elapsed 1s
Sat Oct  3 00:56:49 2026 364/4980 {'EXC:BrokenProcessPool': 364} elapsed 1s
Sat Oct  3 00:56:49 2026 365/4980 {'EXC:BrokenProcessPool': 365} elapsed 1s
Sat Oct  3 00:56:49 2026 366/4980 {'EXC:BrokenProcessPool': 366} elapsed 1s
Sat Oct  3 00:56:49 2026 367/4980 {'EXC:BrokenProcessPool': 367} elapsed 1s
Sat Oct  3 00:56:49 2026 368/4980 {'EXC:BrokenProcessPool': 368} elapsed 1s
Sat Oct  3 00:56:49 2026 369/4980 {'EXC:BrokenProcessPool': 369} elapsed 1s
Sat Oct  3 00:56:49 2026 370/4980 {'EXC:BrokenProcessPool': 370} elapsed 1s
Sat Oct  3 00:56:49 2026 371/4980 {'EXC:BrokenProcessPool': 371} elapsed 1s
Sat Oct  3 00:56:49 2026 372/4980 {'EXC:BrokenProcessPool': 372} elapsed 1s
Sat Oct  3 00:56:49 2026 373/4980 {'EXC:BrokenProcessPool': 373} elapsed 1s
Sat Oct  3 00:56:49 2026 374/4980 {'EXC:BrokenProcessPool': 374} elapsed 1s
Sat Oct  3 00:56:49 2026 375/4980 {'EXC:BrokenProcessPool': 375} elapsed 1s
Sat Oct  3 00:56:49 2026 376/4980 {'EXC:BrokenProcessPool': 376} elapsed 1s
Sat Oct  3 00:56:49 2026 377/4980 {'EXC:BrokenProcessPool': 377} elapsed 1s
Sat Oct  3 00:56:49 2026 378/4980 {'EXC:BrokenProcessPool': 378} elapsed 1s
Sat Oct  3 00:56:49 2026 379/4980 {'EXC:BrokenProcessPool': 379} elapsed 1s
Sat Oct  3 00:56:49 2026 380/4980 {'EXC:BrokenProcessPool': 380} elapsed 1s
Sat Oct  3 00:56:49 2026 381/4980 {'EXC:BrokenProcessPool': 381} elapsed 1s
Sat Oct  3 00:56:49 2026 382/4980 {'EXC:BrokenProcessPool': 382} elapsed 1s
Sat Oct  3 00:56:49 2026 383/4980 {'EXC:BrokenProcessPool': 383} elapsed 1s
Sat Oct  3 00:56:49 2026 384/4980 {'EXC:BrokenProcessPool': 384} elapsed 1s
Sat Oct  3 00:56:49 2026 385/4980 {'EXC:BrokenProcessPool': 385} elapsed 1s
Sat Oct  3 00:56:49 2026 386/4980 {'EXC:BrokenProcessPool': 386} elapsed 1s
Sat Oct  3 00:56:49 2026 387/4980 {'EXC:BrokenProcessPool': 387} elapsed 1s
Sat Oct  3 00:56:49 2026 388/4980 {'EXC:BrokenProcessPool': 388} elapsed 1s
Sat Oct  3 00:56:49 2026 389/4980 {'EXC:BrokenProcessPool': 389} elapsed 1s
Sat Oct  3 00:56:49 2026 390/4980 {'EXC:BrokenProcessPool': 390} elapsed 1s
Sat Oct  3 00:56:49 2026 391/4980 {'EXC:BrokenProcessPool': 391} elapsed 1s
Sat Oct  3 00:56:49 2026 392/4980 {'EXC:BrokenProcessPool': 392} elapsed 1s
Sat Oct  3 00:56:49 2026 393/4980 {'EXC:BrokenProcessPool': 393} elapsed 1s
Sat Oct  3 00:56:49 2026 394/4980 {'EXC:BrokenProcessPool': 394} elapsed 1s
Sat Oct  3 00:56:49 2026 395/4980 {'EXC:BrokenProcessPool': 395} elapsed 1s
Sat Oct  3 00:56:49 2026 396/4980 {'EXC:BrokenProcessPool': 396} elapsed 1s
Sat Oct  3 00:56:49 2026 397/4980 {'EXC:BrokenProcessPool': 397} elapsed 1s
Sat Oct  3 00:56:49 2026 398/4980 {'EXC:BrokenProcessPool': 398} elapsed 1s
Sat Oct  3 00:56:49 2026 399/4980 {'EXC:BrokenProcessPool': 399} elapsed 1s
Sat Oct  3 00:56:49 2026 400/4980 {'EXC:BrokenProcessPool': 400} elapsed 1s
Sat Oct  3 00:56:49 2026 401/4980 {'EXC:BrokenProcessPool': 401} elapsed 1s
Sat Oct  3 00:56:49 2026 402/4980 {'EXC:BrokenProcessPool': 402} elapsed 1s
Sat Oct  3 00:56:49 2026 403/4980 {'EXC:BrokenProcessPool': 403} elapsed 1s
Sat Oct  3 00:56:49 2026 404/4980 {'EXC:BrokenProcessPool': 404} elapsed 1s
Sat Oct  3 00:56:49 2026 405/4980 {'EXC:BrokenProcessPool': 405} elapsed 1s
Sat Oct  3 00:56:49 2026 406/4980 {'EXC:BrokenProcessPool': 406} elapsed 1s
Sat Oct  3 00:56:49 2026 407/4980 {'EXC:BrokenProcessPool': 407} elapsed 1s
Sat Oct  3 00:56:49 2026 408/4980 {'EXC:BrokenProcessPool': 408} elapsed 1s
Sat Oct  3 00:56:49 2026 409/4980 {'EXC:BrokenProcessPool': 409} elapsed 1s
Sat Oct  3 00:56:49 2026 410/4980 {'EXC:BrokenProcessPool': 410} elapsed 1s
Sat Oct  3 00:56:49 2026 411/4980 {'EXC:BrokenProcessPool': 411} elapsed 1s
Sat Oct  3 00:56:49 2026 412/4980 {'EXC:BrokenProcessPool': 412} elapsed 1s
Sat Oct  3 00:56:49 2026 413/4980 {'EXC:BrokenProcessPool': 413} elapsed 1s
Sat Oct  3 00:56:49 2026 414/4980 {'EXC:BrokenProcessPool': 414} elapsed 1s
Sat Oct  3 00:56:49 2026 415/4980 {'EXC:BrokenProcessPool': 415} elapsed 1s
Sat Oct  3 00:56:49 2026 416/4980 {'EXC:BrokenProcessPool': 416} elapsed 1s
Sat Oct  3 00:56:49 2026 417/4980 {'EXC:BrokenProcessPool': 417} elapsed 1s
Sat Oct  3 00:56:49 2026 418/4980 {'EXC:BrokenProcessPool': 418} elapsed 1s
Sat Oct  3 00:56:49 2026 419/4980 {'EXC:BrokenProcessPool': 419} elapsed 1s
Sat Oct  3 00:56:49 2026 420/4980 {'EXC:BrokenProcessPool': 420} elapsed 1s
Sat Oct  3 00:56:49 2026 421/4980 {'EXC:BrokenProcessPool': 421} elapsed 1s
Sat Oct  3 00:56:49 2026 422/4980 {'EXC:BrokenProcessPool': 422} elapsed 1s
Sat Oct  3 00:56:49 2026 423/4980 {'EXC:BrokenProcessPool': 423} elapsed 1s
Sat Oct  3 00:56:49 2026 424/4980 {'EXC:BrokenProcessPool': 424} elapsed 1s
Sat Oct  3 00:56:49 2026 425/4980 {'EXC:BrokenProcessPool': 425} elapsed 1s
Sat Oct  3 00:56:49 2026 426/4980 {'EXC:BrokenProcessPool': 426} elapsed 1s
Sat Oct  3 00:56:49 2026 427/4980 {'EXC:BrokenProcessPool': 427} elapsed 1s
Sat Oct  3 00:56:49 2026 428/4980 {'EXC:BrokenProcessPool': 428} elapsed 1s
Sat Oct  3 00:56:49 2026 429/4980 {'EXC:BrokenProcessPool': 429} elapsed 1s
Sat Oct  3 00:56:49 2026 430/4980 {'EXC:BrokenProcessPool': 430} elapsed 1s
Sat Oct  3 00:56:49 2026 431/4980 {'EXC:BrokenProcessPool': 431} elapsed 1s
Sat Oct  3 00:56:49 2026 432/4980 {'EXC:BrokenProcessPool': 432} elapsed 1s
Sat Oct  3 00:56:49 2026 433/4980 {'EXC:BrokenProcessPool': 433} elapsed 1s
Sat Oct  3 00:56:49 2026 434/4980 {'EXC:BrokenProcessPool': 434} elapsed 1s
Sat Oct  3 00:56:49 2026 435/4980 {'EXC:BrokenProcessPool': 435} elapsed 1s
Sat Oct  3 00:56:49 2026 436/4980 {'EXC:BrokenProcessPool': 436} elapsed 1s
Sat Oct  3 00:56:49 2026 437/4980 {'EXC:BrokenProcessPool': 437} elapsed 1s
Sat Oct  3 00:56:49 2026 438/4980 {'EXC:BrokenProcessPool': 438} elapsed 1s
Sat Oct  3 00:56:49 2026 439/4980 {'EXC:BrokenProcessPool': 439} elapsed 1s
Sat Oct  3 00:56:49 2026 440/4980 {'EXC:BrokenProcessPool': 440} elapsed 1s
Sat Oct  3 00:56:49 2026 441/4980 {'EXC:BrokenProcessPool': 441} elapsed 1s
Sat Oct  3 00:56:49 2026 442/4980 {'EXC:BrokenProcessPool': 442} elapsed 1s
Sat Oct  3 00:56:49 2026 443/4980 {'EXC:BrokenProcessPool': 443} elapsed 1s
Sat Oct  3 00:56:49 2026 444/4980 {'EXC:BrokenProcessPool': 444} elapsed 1s
Sat Oct  3 00:56:49 2026 445/4980 {'EXC:BrokenProcessPool': 445} elapsed 1s
Sat Oct  3 00:56:49 2026 446/4980 {'EXC:BrokenProcessPool': 446} elapsed 1s
Sat Oct  3 00:56:49 2026 447/4980 {'EXC:BrokenProcessPool': 447} elapsed 1s
Sat Oct  3 00:56:49 2026 448/4980 {'EXC:BrokenProcessPool': 448} elapsed 1s
Sat Oct  3 00:56:49 2026 449/4980 {'EXC:BrokenProcessPool': 449} elapsed 1s
Sat Oct  3 00:56:49 2026 450/4980 {'EXC:BrokenProcessPool': 450} elapsed 1s
Sat Oct  3 00:56:49 2026 451/4980 {'EXC:BrokenProcessPool': 451} elapsed 1s
Sat Oct  3 00:56:49 2026 452/4980 {'EXC:BrokenProcessPool': 452} elapsed 1s
Sat Oct  3 00:56:49 2026 453/4980 {'EXC:BrokenProcessPool': 453} elapsed 1s
Sat Oct  3 00:56:49 2026 454/4980 {'EXC:BrokenProcessPool': 454} elapsed 1s
Sat Oct  3 00:56:49 2026 455/4980 {'EXC:BrokenProcessPool': 455} elapsed 1s
Sat Oct  3 00:56:49 2026 456/4980 {'EXC:BrokenProcessPool': 456} elapsed 1s
Sat Oct  3 00:56:49 2026 457/4980 {'EXC:BrokenProcessPool': 457} elapsed 1s
Sat Oct  3 00:56:49 2026 458/4980 {'EXC:BrokenProcessPool': 458} elapsed 1s
Sat Oct  3 00:56:49 2026 459/4980 {'EXC:BrokenProcessPool': 459} elapsed 1s
Sat Oct  3 00:56:49 2026 460/4980 {'EXC:BrokenProcessPool': 460} elapsed 1s
Sat Oct  3 00:56:49 2026 461/4980 {'EXC:BrokenProcessPool': 461} elapsed 1s
Sat Oct  3 00:56:49 2026 462/4980 {'EXC:BrokenProcessPool': 462} elapsed 1s
Sat Oct  3 00:56:49 2026 463/4980 {'EXC:BrokenProcessPool': 463} elapsed 1s
Sat Oct  3 00:56:49 2026 464/4980 {'EXC:BrokenProcessPool': 464} elapsed 1s
Sat Oct  3 00:56:49 2026 465/4980 {'EXC:BrokenProcessPool': 465} elapsed 1s
Sat Oct  3 00:56:49 2026 466/4980 {'EXC:BrokenProcessPool': 466} elapsed 1s
Sat Oct  3 00:56:49 2026 467/4980 {'EXC:BrokenProcessPool': 467} elapsed 1s
Sat Oct  3 00:56:49 2026 468/4980 {'EXC:BrokenProcessPool': 468} elapsed 1s
Sat Oct  3 00:56:49 2026 469/4980 {'EXC:BrokenProcessPool': 469} elapsed 1s
Sat Oct  3 00:56:49 2026 470/4980 {'EXC:BrokenProcessPool': 470} elapsed 1s
Sat Oct  3 00:56:49 2026 471/4980 {'EXC:BrokenProcessPool': 471} elapsed 1s
Sat Oct  3 00:56:49 2026 472/4980 {'EXC:BrokenProcessPool': 472} elapsed 1s
Sat Oct  3 00:56:49 2026 473/4980 {'EXC:BrokenProcessPool': 473} elapsed 1s
Sat Oct  3 00:56:49 2026 474/4980 {'EXC:BrokenProcessPool': 474} elapsed 1s
Sat Oct  3 00:56:49 2026 475/4980 {'EXC:BrokenProcessPool': 475} elapsed 1s
Sat Oct  3 00:56:49 2026 476/4980 {'EXC:BrokenProcessPool': 476} elapsed 1s
Sat Oct  3 00:56:49 2026 477/4980 {'EXC:BrokenProcessPool': 477} elapsed 1s
Sat Oct  3 00:56:49 2026 478/4980 {'EXC:BrokenProcessPool': 478} elapsed 1s
Sat Oct  3 00:56:49 2026 479/4980 {'EXC:BrokenProcessPool': 479} elapsed 1s
Sat Oct  3 00:56:49 2026 480/4980 {'EXC:BrokenProcessPool': 480} elapsed 1s
Sat Oct  3 00:56:49 2026 481/4980 {'EXC:BrokenProcessPool': 481} elapsed 1s
Sat Oct  3 00:56:49 2026 482/4980 {'EXC:BrokenProcessPool': 482} elapsed 1s
Sat Oct  3 00:56:49 2026 483/4980 {'EXC:BrokenProcessPool': 483} elapsed 1s
Sat Oct  3 00:56:49 2026 484/4980 {'EXC:BrokenProcessPool': 484} elapsed 1s
Sat Oct  3 00:56:49 2026 485/4980 {'EXC:BrokenProcessPool': 485} elapsed 1s
Sat Oct  3 00:56:49 2026 486/4980 {'EXC:BrokenProcessPool': 486} elapsed 1s
Sat Oct  3 00:56:49 2026 487/4980 {'EXC:BrokenProcessPool': 487} elapsed 1s
Sat Oct  3 00:56:49 2026 488/4980 {'EXC:BrokenProcessPool': 488} elapsed 1s
Sat Oct  3 00:56:49 2026 489/4980 {'EXC:BrokenProcessPool': 489} elapsed 1s
Sat Oct  3 00:56:49 2026 490/4980 {'EXC:BrokenProcessPool': 490} elapsed 1s
Sat Oct  3 00:56:49 2026 491/4980 {'EXC:BrokenProcessPool': 491} elapsed 1s
Sat Oct  3 00:56:49 2026 492/4980 {'EXC:BrokenProcessPool': 492} elapsed 1s
Sat Oct  3 00:56:49 2026 493/4980 {'EXC:BrokenProcessPool': 493} elapsed 1s
Sat Oct  3 00:56:49 2026 494/4980 {'EXC:BrokenProcessPool': 494} elapsed 1s
Sat Oct  3 00:56:49 2026 495/4980 {'EXC:BrokenProcessPool': 495} elapsed 1s
Sat Oct  3 00:56:49 2026 496/4980 {'EXC:BrokenProcessPool': 496} elapsed 1s
Sat Oct  3 00:56:49 2026 497/4980 {'EXC:BrokenProcessPool': 497} elapsed 1s
Sat Oct  3 00:56:49 2026 498/4980 {'EXC:BrokenProcessPool': 498} elapsed 1s
Sat Oct  3 00:56:49 2026 499/4980 {'EXC:BrokenProcessPool': 499} elapsed 1s
Sat Oct  3 00:56:49 2026 500/4980 {'EXC:BrokenProcessPool': 500} elapsed 1s
Sat Oct  3 00:56:49 2026 501/4980 {'EXC:BrokenProcessPool': 501} elapsed 1s
Sat Oct  3 00:56:49 2026 502/4980 {'EXC:BrokenProcessPool': 502} elapsed 1s
Sat Oct  3 00:56:49 2026 503/4980 {'EXC:BrokenProcessPool': 503} elapsed 1s
Sat Oct  3 00:56:49 2026 504/4980 {'EXC:BrokenProcessPool': 504} elapsed 1s
Sat Oct  3 00:56:49 2026 505/4980 {'EXC:BrokenProcessPool': 505} elapsed 1s
Sat Oct  3 00:56:49 2026 506/4980 {'EXC:BrokenProcessPool': 506} elapsed 1s
Sat Oct  3 00:56:49 2026 507/4980 {'EXC:BrokenProcessPool': 507} elapsed 1s
Sat Oct  3 00:56:49 2026 508/4980 {'EXC:BrokenProcessPool': 508} elapsed 1s
Sat Oct  3 00:56:49 2026 509/4980 {'EXC:BrokenProcessPool': 509} elapsed 1s
Sat Oct  3 00:56:49 2026 510/4980 {'EXC:BrokenProcessPool': 510} elapsed 1s
Sat Oct  3 00:56:49 2026 511/4980 {'EXC:BrokenProcessPool': 511} elapsed 1s
Sat Oct  3 00:56:49 2026 512/4980 {'EXC:BrokenProcessPool': 512} elapsed 1s
Sat Oct  3 00:56:49 2026 513/4980 {'EXC:BrokenProcessPool': 513} elapsed 1s
Sat Oct  3 00:56:49 2026 514/4980 {'EXC:BrokenProcessPool': 514} elapsed 1s
Sat Oct  3 00:56:49 2026 515/4980 {'EXC:BrokenProcessPool': 515} elapsed 1s
Sat Oct  3 00:56:49 2026 516/4980 {'EXC:BrokenProcessPool': 516} elapsed 1s
Sat Oct  3 00:56:49 2026 517/4980 {'EXC:BrokenProcessPool': 517} elapsed 1s
Sat Oct  3 00:56:49 2026 518/4980 {'EXC:BrokenProcessPool': 518} elapsed 1s
Sat Oct  3 00:56:49 2026 519/4980 {'EXC:BrokenProcessPool': 519} elapsed 1s
Sat Oct  3 00:56:49 2026 520/4980 {'EXC:BrokenProcessPool': 520} elapsed 1s
Sat Oct  3 00:56:49 2026 521/4980 {'EXC:BrokenProcessPool': 521} elapsed 1s
Sat Oct  3 00:56:49 2026 522/4980 {'EXC:BrokenProcessPool': 522} elapsed 1s
Sat Oct  3 00:56:49 2026 523/4980 {'EXC:BrokenProcessPool': 523} elapsed 1s
Sat Oct  3 00:56:49 2026 524/4980 {'EXC:BrokenProcessPool': 524} elapsed 1s
Sat Oct  3 00:56:49 2026 525/4980 {'EXC:BrokenProcessPool': 525} elapsed 1s
Sat Oct  3 00:56:49 2026 526/4980 {'EXC:BrokenProcessPool': 526} elapsed 1s
Sat Oct  3 00:56:49 2026 527/4980 {'EXC:BrokenProcessPool': 527} elapsed 1s
Sat Oct  3 00:56:49 2026 528/4980 {'EXC:BrokenProcessPool': 528} elapsed 1s
Sat Oct  3 00:56:49 2026 529/4980 {'EXC:BrokenProcessPool': 529} elapsed 1s
Sat Oct  3 00:56:49 2026 530/4980 {'EXC:BrokenProcessPool': 530} elapsed 1s
Sat Oct  3 00:56:49 2026 531/4980 {'EXC:BrokenProcessPool': 531} elapsed 1s
Sat Oct  3 00:56:49 2026 532/4980 {'EXC:BrokenProcessPool': 532} elapsed 1s
Sat Oct  3 00:56:49 2026 533/4980 {'EXC:BrokenProcessPool': 533} elapsed 1s
Sat Oct  3 00:56:49 2026 534/4980 {'EXC:BrokenProcessPool': 534} elapsed 1s
Sat Oct  3 00:56:49 2026 535/4980 {'EXC:BrokenProcessPool': 535} elapsed 1s
Sat Oct  3 00:56:49 2026 536/4980 {'EXC:BrokenProcessPool': 536} elapsed 1s
Sat Oct  3 00:56:49 2026 537/4980 {'EXC:BrokenProcessPool': 537} elapsed 1s
Sat Oct  3 00:56:49 2026 538/4980 {'EXC:BrokenProcessPool': 538} elapsed 1s
Sat Oct  3 00:56:49 2026 539/4980 {'EXC:BrokenProcessPool': 539} elapsed 1s
Sat Oct  3 00:56:49 2026 540/4980 {'EXC:BrokenProcessPool': 540} elapsed 1s
Sat Oct  3 00:56:49 2026 541/4980 {'EXC:BrokenProcessPool': 541} elapsed 1s
Sat Oct  3 00:56:49 2026 542/4980 {'EXC:BrokenProcessPool': 542} elapsed 1s
Sat Oct  3 00:56:49 2026 543/4980 {'EXC:BrokenProcessPool': 543} elapsed 1s
Sat Oct  3 00:56:49 2026 544/4980 {'EXC:BrokenProcessPool': 544} elapsed 1s
Sat Oct  3 00:56:49 2026 545/4980 {'EXC:BrokenProcessPool': 545} elapsed 1s
Sat Oct  3 00:56:49 2026 546/4980 {'EXC:BrokenProcessPool': 546} elapsed 1s
Sat Oct  3 00:56:49 2026 547/4980 {'EXC:BrokenProcessPool': 547} elapsed 1s
Sat Oct  3 00:56:49 2026 548/4980 {'EXC:BrokenProcessPool': 548} elapsed 1s
Sat Oct  3 00:56:49 2026 549/4980 {'EXC:BrokenProcessPool': 549} elapsed 1s
Sat Oct  3 00:56:49 2026 550/4980 {'EXC:BrokenProcessPool': 550} elapsed 1s
Sat Oct  3 00:56:49 2026 551/4980 {'EXC:BrokenProcessPool': 551} elapsed 1s
Sat Oct  3 00:56:49 2026 552/4980 {'EXC:BrokenProcessPool': 552} elapsed 1s
Sat Oct  3 00:56:49 2026 553/4980 {'EXC:BrokenProcessPool': 553} elapsed 1s
Sat Oct  3 00:56:49 2026 554/4980 {'EXC:BrokenProcessPool': 554} elapsed 1s
Sat Oct  3 00:56:49 2026 555/4980 {'EXC:BrokenProcessPool': 555} elapsed 1s
Sat Oct  3 00:56:49 2026 556/4980 {'EXC:BrokenProcessPool': 556} elapsed 1s
Sat Oct  3 00:56:49 2026 557/4980 {'EXC:BrokenProcessPool': 557} elapsed 1s
Sat Oct  3 00:56:49 2026 558/4980 {'EXC:BrokenProcessPool': 558} elapsed 1s
Sat Oct  3 00:56:49 2026 559/4980 {'EXC:BrokenProcessPool': 559} elapsed 1s
Sat Oct  3 00:56:49 2026 560/4980 {'EXC:BrokenProcessPool': 560} elapsed 1s
Sat Oct  3 00:56:49 2026 561/4980 {'EXC:BrokenProcessPool': 561} elapsed 1s
Sat Oct  3 00:56:49 2026 562/4980 {'EXC:BrokenProcessPool': 562} elapsed 1s
Sat Oct  3 00:56:49 2026 563/4980 {'EXC:BrokenProcessPool': 563} elapsed 1s
Sat Oct  3 00:56:49 2026 564/4980 {'EXC:BrokenProcessPool': 564} elapsed 1s
Sat Oct  3 00:56:49 2026 565/4980 {'EXC:BrokenProcessPool': 565} elapsed 1s
Sat Oct  3 00:56:49 2026 566/4980 {'EXC:BrokenProcessPool': 566} elapsed 1s
Sat Oct  3 00:56:49 2026 567/4980 {'EXC:BrokenProcessPool': 567} elapsed 1s
Sat Oct  3 00:56:49 2026 568/4980 {'EXC:BrokenProcessPool': 568} elapsed 1s
Sat Oct  3 00:56:49 2026 569/4980 {'EXC:BrokenProcessPool': 569} elapsed 1s
Sat Oct  3 00:56:49 2026 570/4980 {'EXC:BrokenProcessPool': 570} elapsed 1s
Sat Oct  3 00:56:49 2026 571/4980 {'EXC:BrokenProcessPool': 571} elapsed 1s
Sat Oct  3 00:56:49 2026 572/4980 {'EXC:BrokenProcessPool': 572} elapsed 1s
Sat Oct  3 00:56:49 2026 573/4980 {'EXC:BrokenProcessPool': 573} elapsed 1s
Sat Oct  3 00:56:49 2026 574/4980 {'EXC:BrokenProcessPool': 574} elapsed 1s
Sat Oct  3 00:56:49 2026 575/4980 {'EXC:BrokenProcessPool': 575} elapsed 1s
Sat Oct  3 00:56:49 2026 576/4980 {'EXC:BrokenProcessPool': 576} elapsed 1s
Sat Oct  3 00:56:49 2026 577/4980 {'EXC:BrokenProcessPool': 577} elapsed 1s
Sat Oct  3 00:56:49 2026 578/4980 {'EXC:BrokenProcessPool': 578} elapsed 1s
Sat Oct  3 00:56:49 2026 579/4980 {'EXC:BrokenProcessPool': 579} elapsed 1s
Sat Oct  3 00:56:49 2026 580/4980 {'EXC:BrokenProcessPool': 580} elapsed 1s
Sat Oct  3 00:56:49 2026 581/4980 {'EXC:BrokenProcessPool': 581} elapsed 1s
Sat Oct  3 00:56:49 2026 582/4980 {'EXC:BrokenProcessPool': 582} elapsed 1s
Sat Oct  3 00:56:49 2026 583/4980 {'EXC:BrokenProcessPool': 583} elapsed 1s
Sat Oct  3 00:56:49 2026 584/4980 {'EXC:BrokenProcessPool': 584} elapsed 1s
Sat Oct  3 00:56:49 2026 585/4980 {'EXC:BrokenProcessPool': 585} elapsed 1s
Sat Oct  3 00:56:49 2026 586/4980 {'EXC:BrokenProcessPool': 586} elapsed 1s
Sat Oct  3 00:56:49 2026 587/4980 {'EXC:BrokenProcessPool': 587} elapsed 1s
Sat Oct  3 00:56:49 2026 588/4980 {'EXC:BrokenProcessPool': 588} elapsed 1s
Sat Oct  3 00:56:49 2026 589/4980 {'EXC:BrokenProcessPool': 589} elapsed 1s
Sat Oct  3 00:56:49 2026 590/4980 {'EXC:BrokenProcessPool': 590} elapsed 1s
Sat Oct  3 00:56:49 2026 591/4980 {'EXC:BrokenProcessPool': 591} elapsed 1s
Sat Oct  3 00:56:49 2026 592/4980 {'EXC:BrokenProcessPool': 592} elapsed 1s
Sat Oct  3 00:56:49 2026 593/4980 {'EXC:BrokenProcessPool': 593} elapsed 1s
Sat Oct  3 00:56:49 2026 594/4980 {'EXC:BrokenProcessPool': 594} elapsed 1s
Sat Oct  3 00:56:49 2026 595/4980 {'EXC:BrokenProcessPool': 595} elapsed 1s
Sat Oct  3 00:56:49 2026 596/4980 {'EXC:BrokenProcessPool': 596} elapsed 1s
Sat Oct  3 00:56:49 2026 597/4980 {'EXC:BrokenProcessPool': 597} elapsed 1s
Sat Oct  3 00:56:49 2026 598/4980 {'EXC:BrokenProcessPool': 598} elapsed 1s
Sat Oct  3 00:56:49 2026 599/4980 {'EXC:BrokenProcessPool': 599} elapsed 1s
Sat Oct  3 00:56:49 2026 600/4980 {'EXC:BrokenProcessPool': 600} elapsed 1s
Sat Oct  3 00:56:49 2026 601/4980 {'EXC:BrokenProcessPool': 601} elapsed 1s
Sat Oct  3 00:56:49 2026 602/4980 {'EXC:BrokenProcessPool': 602} elapsed 1s
Sat Oct  3 00:56:49 2026 603/4980 {'EXC:BrokenProcessPool': 603} elapsed 1s
Sat Oct  3 00:56:49 2026 604/4980 {'EXC:BrokenProcessPool': 604} elapsed 1s
Sat Oct  3 00:56:49 2026 605/4980 {'EXC:BrokenProcessPool': 605} elapsed 1s
Sat Oct  3 00:56:49 2026 606/4980 {'EXC:BrokenProcessPool': 606} elapsed 1s
Sat Oct  3 00:56:49 2026 607/4980 {'EXC:BrokenProcessPool': 607} elapsed 1s
Sat Oct  3 00:56:49 2026 608/4980 {'EXC:BrokenProcessPool': 608} elapsed 1s
Sat Oct  3 00:56:49 2026 609/4980 {'EXC:BrokenProcessPool': 609} elapsed 1s
Sat Oct  3 00:56:49 2026 610/4980 {'EXC:BrokenProcessPool': 610} elapsed 1s
Sat Oct  3 00:56:49 2026 611/4980 {'EXC:BrokenProcessPool': 611} elapsed 1s
Sat Oct  3 00:56:49 2026 612/4980 {'EXC:BrokenProcessPool': 612} elapsed 1s
Sat Oct  3 00:56:49 2026 613/4980 {'EXC:BrokenProcessPool': 613} elapsed 1s
Sat Oct  3 00:56:49 2026 614/4980 {'EXC:BrokenProcessPool': 614} elapsed 1s
Sat Oct  3 00:56:49 2026 615/4980 {'EXC:BrokenProcessPool': 615} elapsed 1s
Sat Oct  3 00:56:49 2026 616/4980 {'EXC:BrokenProcessPool': 616} elapsed 1s
Sat Oct  3 00:56:49 2026 617/4980 {'EXC:BrokenProcessPool': 617} elapsed 1s
Sat Oct  3 00:56:49 2026 618/4980 {'EXC:BrokenProcessPool': 618} elapsed 1s
Sat Oct  3 00:56:49 2026 619/4980 {'EXC:BrokenProcessPool': 619} elapsed 1s
Sat Oct  3 00:56:49 2026 620/4980 {'EXC:BrokenProcessPool': 620} elapsed 1s
Sat Oct  3 00:56:49 2026 621/4980 {'EXC:BrokenProcessPool': 621} elapsed 1s
Sat Oct  3 00:56:49 2026 622/4980 {'EXC:BrokenProcessPool': 622} elapsed 1s
Sat Oct  3 00:56:49 2026 623/4980 {'EXC:BrokenProcessPool': 623} elapsed 1s
Sat Oct  3 00:56:49 2026 624/4980 {'EXC:BrokenProcessPool': 624} elapsed 1s
Sat Oct  3 00:56:49 2026 625/4980 {'EXC:BrokenProcessPool': 625} elapsed 1s
Sat Oct  3 00:56:49 2026 626/4980 {'EXC:BrokenProcessPool': 626} elapsed 1s
Sat Oct  3 00:56:49 2026 627/4980 {'EXC:BrokenProcessPool': 627} elapsed 1s
Sat Oct  3 00:56:49 2026 628/4980 {'EXC:BrokenProcessPool': 628} elapsed 1s
Sat Oct  3 00:56:49 2026 629/4980 {'EXC:BrokenProcessPool': 629} elapsed 1s
Sat Oct  3 00:56:49 2026 630/4980 {'EXC:BrokenProcessPool': 630} elapsed 1s
Sat Oct  3 00:56:49 2026 631/4980 {'EXC:BrokenProcessPool': 631} elapsed 1s
Sat Oct  3 00:56:49 2026 632/4980 {'EXC:BrokenProcessPool': 632} elapsed 1s
Sat Oct  3 00:56:49 2026 633/4980 {'EXC:BrokenProcessPool': 633} elapsed 1s
Sat Oct  3 00:56:49 2026 634/4980 {'EXC:BrokenProcessPool': 634} elapsed 1s
Sat Oct  3 00:56:49 2026 635/4980 {'EXC:BrokenProcessPool': 635} elapsed 1s
Sat Oct  3 00:56:49 2026 636/4980 {'EXC:BrokenProcessPool': 636} elapsed 1s
Sat Oct  3 00:56:49 2026 637/4980 {'EXC:BrokenProcessPool': 637} elapsed 1s
Sat Oct  3 00:56:49 2026 638/4980 {'EXC:BrokenProcessPool': 638} elapsed 1s
Sat Oct  3 00:56:49 2026 639/4980 {'EXC:BrokenProcessPool': 639} elapsed 1s
Sat Oct  3 00:56:49 2026 640/4980 {'EXC:BrokenProcessPool': 640} elapsed 1s
Sat Oct  3 00:56:49 2026 641/4980 {'EXC:BrokenProcessPool': 641} elapsed 1s
Sat Oct  3 00:56:49 2026 642/4980 {'EXC:BrokenProcessPool': 642} elapsed 1s
Sat Oct  3 00:56:49 2026 643/4980 {'EXC:BrokenProcessPool': 643} elapsed 1s
Sat Oct  3 00:56:49 2026 644/4980 {'EXC:BrokenProcessPool': 644} elapsed 1s
Sat Oct  3 00:56:49 2026 645/4980 {'EXC:BrokenProcessPool': 645} elapsed 1s
Sat Oct  3 00:56:49 2026 646/4980 {'EXC:BrokenProcessPool': 646} elapsed 1s
Sat Oct  3 00:56:49 2026 647/4980 {'EXC:BrokenProcessPool': 647} elapsed 1s
Sat Oct  3 00:56:49 2026 648/4980 {'EXC:BrokenProcessPool': 648} elapsed 1s
Sat Oct  3 00:56:49 2026 649/4980 {'EXC:BrokenProcessPool': 649} elapsed 1s
Sat Oct  3 00:56:49 2026 650/4980 {'EXC:BrokenProcessPool': 650} elapsed 1s
Sat Oct  3 00:56:49 2026 651/4980 {'EXC:BrokenProcessPool': 651} elapsed 1s
Sat Oct  3 00:56:49 2026 652/4980 {'EXC:BrokenProcessPool': 652} elapsed 1s
Sat Oct  3 00:56:49 2026 653/4980 {'EXC:BrokenProcessPool': 653} elapsed 1s
Sat Oct  3 00:56:49 2026 654/4980 {'EXC:BrokenProcessPool': 654} elapsed 1s
Sat Oct  3 00:56:49 2026 655/4980 {'EXC:BrokenProcessPool': 655} elapsed 1s
Sat Oct  3 00:56:49 2026 656/4980 {'EXC:BrokenProcessPool': 656} elapsed 1s
Sat Oct  3 00:56:49 2026 657/4980 {'EXC:BrokenProcessPool': 657} elapsed 1s
Sat Oct  3 00:56:49 2026 658/4980 {'EXC:BrokenProcessPool': 658} elapsed 1s
Sat Oct  3 00:56:49 2026 659/4980 {'EXC:BrokenProcessPool': 659} elapsed 1s
Sat Oct  3 00:56:49 2026 660/4980 {'EXC:BrokenProcessPool': 660} elapsed 1s
Sat Oct  3 00:56:49 2026 661/4980 {'EXC:BrokenProcessPool': 661} elapsed 1s
Sat Oct  3 00:56:49 2026 662/4980 {'EXC:BrokenProcessPool': 662} elapsed 1s
Sat Oct  3 00:56:49 2026 663/4980 {'EXC:BrokenProcessPool': 663} elapsed 1s
Sat Oct  3 00:56:49 2026 664/4980 {'EXC:BrokenProcessPool': 664} elapsed 1s
Sat Oct  3 00:56:49 2026 665/4980 {'EXC:BrokenProcessPool': 665} elapsed 1s
Sat Oct  3 00:56:49 2026 666/4980 {'EXC:BrokenProcessPool': 666} elapsed 1s
Sat Oct  3 00:56:49 2026 667/4980 {'EXC:BrokenProcessPool': 667} elapsed 1s
Sat Oct  3 00:56:49 2026 668/4980 {'EXC:BrokenProcessPool': 668} elapsed 1s
Sat Oct  3 00:56:49 2026 669/4980 {'EXC:BrokenProcessPool': 669} elapsed 1s
Sat Oct  3 00:56:49 2026 670/4980 {'EXC:BrokenProcessPool': 670} elapsed 1s
Sat Oct  3 00:56:49 2026 671/4980 {'EXC:BrokenProcessPool': 671} elapsed 1s
Sat Oct  3 00:56:49 2026 672/4980 {'EXC:BrokenProcessPool': 672} elapsed 1s
Sat Oct  3 00:56:49 2026 673/4980 {'EXC:BrokenProcessPool': 673} elapsed 1s
Sat Oct  3 00:56:49 2026 674/4980 {'EXC:BrokenProcessPool': 674} elapsed 1s
Sat Oct  3 00:56:49 2026 675/4980 {'EXC:BrokenProcessPool': 675} elapsed 1s
Sat Oct  3 00:56:49 2026 676/4980 {'EXC:BrokenProcessPool': 676} elapsed 1s
Sat Oct  3 00:56:49 2026 677/4980 {'EXC:BrokenProcessPool': 677} elapsed 1s
Sat Oct  3 00:56:49 2026 678/4980 {'EXC:BrokenProcessPool': 678} elapsed 1s
Sat Oct  3 00:56:49 2026 679/4980 {'EXC:BrokenProcessPool': 679} elapsed 1s
Sat Oct  3 00:56:49 2026 680/4980 {'EXC:BrokenProcessPool': 680} elapsed 1s
Sat Oct  3 00:56:49 2026 681/4980 {'EXC:BrokenProcessPool': 681} elapsed 1s
Sat Oct  3 00:56:49 2026 682/4980 {'EXC:BrokenProcessPool': 682} elapsed 1s
Sat Oct  3 00:56:49 2026 683/4980 {'EXC:BrokenProcessPool': 683} elapsed 1s
Sat Oct  3 00:56:49 2026 684/4980 {'EXC:BrokenProcessPool': 684} elapsed 1s
Sat Oct  3 00:56:49 2026 685/4980 {'EXC:BrokenProcessPool': 685} elapsed 1s
Sat Oct  3 00:56:49 2026 686/4980 {'EXC:BrokenProcessPool': 686} elapsed 1s
Sat Oct  3 00:56:49 2026 687/4980 {'EXC:BrokenProcessPool': 687} elapsed 1s
Sat Oct  3 00:56:49 2026 688/4980 {'EXC:BrokenProcessPool': 688} elapsed 1s
Sat Oct  3 00:56:49 2026 689/4980 {'EXC:BrokenProcessPool': 689} elapsed 1s
Sat Oct  3 00:56:49 2026 690/4980 {'EXC:BrokenProcessPool': 690} elapsed 1s
Sat Oct  3 00:56:49 2026 691/4980 {'EXC:BrokenProcessPool': 691} elapsed 1s
Sat Oct  3 00:56:49 2026 692/4980 {'EXC:BrokenProcessPool': 692} elapsed 1s
Sat Oct  3 00:56:49 2026 693/4980 {'EXC:BrokenProcessPool': 693} elapsed 1s
Sat Oct  3 00:56:49 2026 694/4980 {'EXC:BrokenProcessPool': 694} elapsed 1s
Sat Oct  3 00:56:49 2026 695/4980 {'EXC:BrokenProcessPool': 695} elapsed 1s
Sat Oct  3 00:56:49 2026 696/4980 {'EXC:BrokenProcessPool': 696} elapsed 1s
Sat Oct  3 00:56:49 2026 697/4980 {'EXC:BrokenProcessPool': 697} elapsed 1s
Sat Oct  3 00:56:49 2026 698/4980 {'EXC:BrokenProcessPool': 698} elapsed 1s
Sat Oct  3 00:56:49 2026 699/4980 {'EXC:BrokenProcessPool': 699} elapsed 1s
Sat Oct  3 00:56:49 2026 700/4980 {'EXC:BrokenProcessPool': 700} elapsed 1s
Sat Oct  3 00:56:49 2026 701/4980 {'EXC:BrokenProcessPool': 701} elapsed 1s
Sat Oct  3 00:56:49 2026 702/4980 {'EXC:BrokenProcessPool': 702} elapsed 1s
Sat Oct  3 00:56:49 2026 703/4980 {'EXC:BrokenProcessPool': 703} elapsed 1s
Sat Oct  3 00:56:49 2026 704/4980 {'EXC:BrokenProcessPool': 704} elapsed 1s
Sat Oct  3 00:56:49 2026 705/4980 {'EXC:BrokenProcessPool': 705} elapsed 1s
Sat Oct  3 00:56:49 2026 706/4980 {'EXC:BrokenProcessPool': 706} elapsed 1s
Sat Oct  3 00:56:49 2026 707/4980 {'EXC:BrokenProcessPool': 707} elapsed 1s
Sat Oct  3 00:56:49 2026 708/4980 {'EXC:BrokenProcessPool': 708} elapsed 1s
Sat Oct  3 00:56:49 2026 709/4980 {'EXC:BrokenProcessPool': 709} elapsed 1s
Sat Oct  3 00:56:49 2026 710/4980 {'EXC:BrokenProcessPool': 710} elapsed 1s
Sat Oct  3 00:56:49 2026 711/4980 {'EXC:BrokenProcessPool': 711} elapsed 1s
Sat Oct  3 00:56:49 2026 712/4980 {'EXC:BrokenProcessPool': 712} elapsed 1s
Sat Oct  3 00:56:49 2026 713/4980 {'EXC:BrokenProcessPool': 713} elapsed 1s
Sat Oct  3 00:56:49 2026 714/4980 {'EXC:BrokenProcessPool': 714} elapsed 1s
Sat Oct  3 00:56:49 2026 715/4980 {'EXC:BrokenProcessPool': 715} elapsed 1s
Sat Oct  3 00:56:49 2026 716/4980 {'EXC:BrokenProcessPool': 716} elapsed 1s
Sat Oct  3 00:56:49 2026 717/4980 {'EXC:BrokenProcessPool': 717} elapsed 1s
Sat Oct  3 00:56:49 2026 718/4980 {'EXC:BrokenProcessPool': 718} elapsed 1s
Sat Oct  3 00:56:49 2026 719/4980 {'EXC:BrokenProcessPool': 719} elapsed 1s
Sat Oct  3 00:56:49 2026 720/4980 {'EXC:BrokenProcessPool': 720} elapsed 1s
Sat Oct  3 00:56:49 2026 721/4980 {'EXC:BrokenProcessPool': 721} elapsed 1s
Sat Oct  3 00:56:49 2026 722/4980 {'EXC:BrokenProcessPool': 722} elapsed 1s
Sat Oct  3 00:56:49 2026 723/4980 {'EXC:BrokenProcessPool': 723} elapsed 1s
Sat Oct  3 00:56:49 2026 724/4980 {'EXC:BrokenProcessPool': 724} elapsed 1s
Sat Oct  3 00:56:49 2026 725/4980 {'EXC:BrokenProcessPool': 725} elapsed 1s
Sat Oct  3 00:56:49 2026 726/4980 {'EXC:BrokenProcessPool': 726} elapsed 1s
Sat Oct  3 00:56:49 2026 727/4980 {'EXC:BrokenProcessPool': 727} elapsed 1s
Sat Oct  3 00:56:49 2026 728/4980 {'EXC:BrokenProcessPool': 728} elapsed 1s
Sat Oct  3 00:56:49 2026 729/4980 {'EXC:BrokenProcessPool': 729} elapsed 1s
Sat Oct  3 00:56:49 2026 730/4980 {'EXC:BrokenProcessPool': 730} elapsed 1s
Sat Oct  3 00:56:49 2026 731/4980 {'EXC:BrokenProcessPool': 731} elapsed 1s
Sat Oct  3 00:56:49 2026 732/4980 {'EXC:BrokenProcessPool': 732} elapsed 1s
Sat Oct  3 00:56:49 2026 733/4980 {'EXC:BrokenProcessPool': 733} elapsed 1s
Sat Oct  3 00:56:49 2026 734/4980 {'EXC:BrokenProcessPool': 734} elapsed 1s
Sat Oct  3 00:56:49 2026 735/4980 {'EXC:BrokenProcessPool': 735} elapsed 1s
Sat Oct  3 00:56:49 2026 736/4980 {'EXC:BrokenProcessPool': 736} elapsed 1s
Sat Oct  3 00:56:49 2026 737/4980 {'EXC:BrokenProcessPool': 737} elapsed 1s
Sat Oct  3 00:56:49 2026 738/4980 {'EXC:BrokenProcessPool': 738} elapsed 1s
Sat Oct  3 00:56:49 2026 739/4980 {'EXC:BrokenProcessPool': 739} elapsed 1s
Sat Oct  3 00:56:49 2026 740/4980 {'EXC:BrokenProcessPool': 740} elapsed 1s
Sat Oct  3 00:56:49 2026 741/4980 {'EXC:BrokenProcessPool': 741} elapsed 1s
Sat Oct  3 00:56:49 2026 742/4980 {'EXC:BrokenProcessPool': 742} elapsed 1s
Sat Oct  3 00:56:49 2026 743/4980 {'EXC:BrokenProcessPool': 743} elapsed 1s
Sat Oct  3 00:56:49 2026 744/4980 {'EXC:BrokenProcessPool': 744} elapsed 1s
Sat Oct  3 00:56:49 2026 745/4980 {'EXC:BrokenProcessPool': 745} elapsed 1s
Sat Oct  3 00:56:49 2026 746/4980 {'EXC:BrokenProcessPool': 746} elapsed 1s
Sat Oct  3 00:56:49 2026 747/4980 {'EXC:BrokenProcessPool': 747} elapsed 1s
Sat Oct  3 00:56:49 2026 748/4980 {'EXC:BrokenProcessPool': 748} elapsed 1s
Sat Oct  3 00:56:49 2026 749/4980 {'EXC:BrokenProcessPool': 749} elapsed 1s
Sat Oct  3 00:56:49 2026 750/4980 {'EXC:BrokenProcessPool': 750} elapsed 1s
Sat Oct  3 00:56:49 2026 751/4980 {'EXC:BrokenProcessPool': 751} elapsed 1s
Sat Oct  3 00:56:49 2026 752/4980 {'EXC:BrokenProcessPool': 752} elapsed 1s
Sat Oct  3 00:56:49 2026 753/4980 {'EXC:BrokenProcessPool': 753} elapsed 1s
Sat Oct  3 00:56:49 2026 754/4980 {'EXC:BrokenProcessPool': 754} elapsed 1s
Sat Oct  3 00:56:49 2026 755/4980 {'EXC:BrokenProcessPool': 755} elapsed 1s
Sat Oct  3 00:56:49 2026 756/4980 {'EXC:BrokenProcessPool': 756} elapsed 1s
Sat Oct  3 00:56:49 2026 757/4980 {'EXC:BrokenProcessPool': 757} elapsed 1s
Sat Oct  3 00:56:49 2026 758/4980 {'EXC:BrokenProcessPool': 758} elapsed 1s
Sat Oct  3 00:56:49 2026 759/4980 {'EXC:BrokenProcessPool': 759} elapsed 1s
Sat Oct  3 00:56:49 2026 760/4980 {'EXC:BrokenProcessPool': 760} elapsed 1s
Sat Oct  3 00:56:49 2026 761/4980 {'EXC:BrokenProcessPool': 761} elapsed 1s
Sat Oct  3 00:56:49 2026 762/4980 {'EXC:BrokenProcessPool': 762} elapsed 1s
Sat Oct  3 00:56:49 2026 763/4980 {'EXC:BrokenProcessPool': 763} elapsed 1s
Sat Oct  3 00:56:49 2026 764/4980 {'EXC:BrokenProcessPool': 764} elapsed 1s
Sat Oct  3 00:56:49 2026 765/4980 {'EXC:BrokenProcessPool': 765} elapsed 1s
Sat Oct  3 00:56:49 2026 766/4980 {'EXC:BrokenProcessPool': 766} elapsed 1s
Sat Oct  3 00:56:49 2026 767/4980 {'EXC:BrokenProcessPool': 767} elapsed 1s
Sat Oct  3 00:56:49 2026 768/4980 {'EXC:BrokenProcessPool': 768} elapsed 1s
Sat Oct  3 00:56:49 2026 769/4980 {'EXC:BrokenProcessPool': 769} elapsed 1s
Sat Oct  3 00:56:49 2026 770/4980 {'EXC:BrokenProcessPool': 770} elapsed 1s
Sat Oct  3 00:56:49 2026 771/4980 {'EXC:BrokenProcessPool': 771} elapsed 1s
Sat Oct  3 00:56:49 2026 772/4980 {'EXC:BrokenProcessPool': 772} elapsed 1s
Sat Oct  3 00:56:49 2026 773/4980 {'EXC:BrokenProcessPool': 773} elapsed 1s
Sat Oct  3 00:56:49 2026 774/4980 {'EXC:BrokenProcessPool': 774} elapsed 1s
Sat Oct  3 00:56:49 2026 775/4980 {'EXC:BrokenProcessPool': 775} elapsed 1s
Sat Oct  3 00:56:49 2026 776/4980 {'EXC:BrokenProcessPool': 776} elapsed 1s
Sat Oct  3 00:56:49 2026 777/4980 {'EXC:BrokenProcessPool': 777} elapsed 1s
Sat Oct  3 00:56:49 2026 778/4980 {'EXC:BrokenProcessPool': 778} elapsed 1s
Sat Oct  3 00:56:49 2026 779/4980 {'EXC:BrokenProcessPool': 779} elapsed 1s
Sat Oct  3 00:56:49 2026 780/4980 {'EXC:BrokenProcessPool': 780} elapsed 1s
Sat Oct  3 00:56:49 2026 781/4980 {'EXC:BrokenProcessPool': 781} elapsed 1s
Sat Oct  3 00:56:49 2026 782/4980 {'EXC:BrokenProcessPool': 782} elapsed 1s
Sat Oct  3 00:56:49 2026 783/4980 {'EXC:BrokenProcessPool': 783} elapsed 1s
Sat Oct  3 00:56:49 2026 784/4980 {'EXC:BrokenProcessPool': 784} elapsed 1s
Sat Oct  3 00:56:49 2026 785/4980 {'EXC:BrokenProcessPool': 785} elapsed 1s
Sat Oct  3 00:56:49 2026 786/4980 {'EXC:BrokenProcessPool': 786} elapsed 1s
Sat Oct  3 00:56:49 2026 787/4980 {'EXC:BrokenProcessPool': 787} elapsed 1s
Sat Oct  3 00:56:49 2026 788/4980 {'EXC:BrokenProcessPool': 788} elapsed 1s
Sat Oct  3 00:56:49 2026 789/4980 {'EXC:BrokenProcessPool': 789} elapsed 1s
Sat Oct  3 00:56:49 2026 790/4980 {'EXC:BrokenProcessPool': 790} elapsed 1s
Sat Oct  3 00:56:49 2026 791/4980 {'EXC:BrokenProcessPool': 791} elapsed 1s
Sat Oct  3 00:56:49 2026 792/4980 {'EXC:BrokenProcessPool': 792} elapsed 1s
Sat Oct  3 00:56:49 2026 793/4980 {'EXC:BrokenProcessPool': 793} elapsed 1s
Sat Oct  3 00:56:49 2026 794/4980 {'EXC:BrokenProcessPool': 794} elapsed 1s
Sat Oct  3 00:56:49 2026 795/4980 {'EXC:BrokenProcessPool': 795} elapsed 1s
Sat Oct  3 00:56:49 2026 796/4980 {'EXC:BrokenProcessPool': 796} elapsed 1s
Sat Oct  3 00:56:49 2026 797/4980 {'EXC:BrokenProcessPool': 797} elapsed 1s
Sat Oct  3 00:56:49 2026 798/4980 {'EXC:BrokenProcessPool': 798} elapsed 1s
Sat Oct  3 00:56:49 2026 799/4980 {'EXC:BrokenProcessPool': 799} elapsed 1s
Sat Oct  3 00:56:49 2026 800/4980 {'EXC:BrokenProcessPool': 800} elapsed 1s
Sat Oct  3 00:56:49 2026 801/4980 {'EXC:BrokenProcessPool': 801} elapsed 1s
Sat Oct  3 00:56:49 2026 802/4980 {'EXC:BrokenProcessPool': 802} elapsed 1s
Sat Oct  3 00:56:49 2026 803/4980 {'EXC:BrokenProcessPool': 803} elapsed 1s
Sat Oct  3 00:56:49 2026 804/4980 {'EXC:BrokenProcessPool': 804} elapsed 1s
Sat Oct  3 00:56:49 2026 805/4980 {'EXC:BrokenProcessPool': 805} elapsed 1s
Sat Oct  3 00:56:49 2026 806/4980 {'EXC:BrokenProcessPool': 806} elapsed 1s
Sat Oct  3 00:56:49 2026 807/4980 {'EXC:BrokenProcessPool': 807} elapsed 1s
Sat Oct  3 00:56:49 2026 808/4980 {'EXC:BrokenProcessPool': 808} elapsed 1s
Sat Oct  3 00:56:49 2026 809/4980 {'EXC:BrokenProcessPool': 809} elapsed 1s
Sat Oct  3 00:56:49 2026 810/4980 {'EXC:BrokenProcessPool': 810} elapsed 1s
Sat Oct  3 00:56:49 2026 811/4980 {'EXC:BrokenProcessPool': 811} elapsed 1s
Sat Oct  3 00:56:49 2026 812/4980 {'EXC:BrokenProcessPool': 812} elapsed 1s
Sat Oct  3 00:56:49 2026 813/4980 {'EXC:BrokenProcessPool': 813} elapsed 1s
Sat Oct  3 00:56:49 2026 814/4980 {'EXC:BrokenProcessPool': 814} elapsed 1s
Sat Oct  3 00:56:49 2026 815/4980 {'EXC:BrokenProcessPool': 815} elapsed 1s
Sat Oct  3 00:56:49 2026 816/4980 {'EXC:BrokenProcessPool': 816} elapsed 1s
Sat Oct  3 00:56:49 2026 817/4980 {'EXC:BrokenProcessPool': 817} elapsed 1s
Sat Oct  3 00:56:49 2026 818/4980 {'EXC:BrokenProcessPool': 818} elapsed 1s
Sat Oct  3 00:56:49 2026 819/4980 {'EXC:BrokenProcessPool': 819} elapsed 1s
Sat Oct  3 00:56:49 2026 820/4980 {'EXC:BrokenProcessPool': 820} elapsed 1s
Sat Oct  3 00:56:49 2026 821/4980 {'EXC:BrokenProcessPool': 821} elapsed 1s
Sat Oct  3 00:56:49 2026 822/4980 {'EXC:BrokenProcessPool': 822} elapsed 1s
Sat Oct  3 00:56:49 2026 823/4980 {'EXC:BrokenProcessPool': 823} elapsed 1s
Sat Oct  3 00:56:49 2026 824/4980 {'EXC:BrokenProcessPool': 824} elapsed 1s
Sat Oct  3 00:56:49 2026 825/4980 {'EXC:BrokenProcessPool': 825} elapsed 1s
Sat Oct  3 00:56:49 2026 826/4980 {'EXC:BrokenProcessPool': 826} elapsed 1s
Sat Oct  3 00:56:49 2026 827/4980 {'EXC:BrokenProcessPool': 827} elapsed 1s
Sat Oct  3 00:56:49 2026 828/4980 {'EXC:BrokenProcessPool': 828} elapsed 1s
Sat Oct  3 00:56:49 2026 829/4980 {'EXC:BrokenProcessPool': 829} elapsed 1s
Sat Oct  3 00:56:49 2026 830/4980 {'EXC:BrokenProcessPool': 830} elapsed 1s
Sat Oct  3 00:56:49 2026 831/4980 {'EXC:BrokenProcessPool': 831} elapsed 1s
Sat Oct  3 00:56:49 2026 832/4980 {'EXC:BrokenProcessPool': 832} elapsed 1s
Sat Oct  3 00:56:49 2026 833/4980 {'EXC:BrokenProcessPool': 833} elapsed 1s
Sat Oct  3 00:56:49 2026 834/4980 {'EXC:BrokenProcessPool': 834} elapsed 1s
Sat Oct  3 00:56:49 2026 835/4980 {'EXC:BrokenProcessPool': 835} elapsed 1s
Sat Oct  3 00:56:49 2026 836/4980 {'EXC:BrokenProcessPool': 836} elapsed 1s
Sat Oct  3 00:56:49 2026 837/4980 {'EXC:BrokenProcessPool': 837} elapsed 1s
Sat Oct  3 00:56:49 2026 838/4980 {'EXC:BrokenProcessPool': 838} elapsed 1s
Sat Oct  3 00:56:49 2026 839/4980 {'EXC:BrokenProcessPool': 839} elapsed 1s
Sat Oct  3 00:56:49 2026 840/4980 {'EXC:BrokenProcessPool': 840} elapsed 1s
Sat Oct  3 00:56:49 2026 841/4980 {'EXC:BrokenProcessPool': 841} elapsed 1s
Sat Oct  3 00:56:49 2026 842/4980 {'EXC:BrokenProcessPool': 842} elapsed 1s
Sat Oct  3 00:56:49 2026 843/4980 {'EXC:BrokenProcessPool': 843} elapsed 1s
Sat Oct  3 00:56:49 2026 844/4980 {'EXC:BrokenProcessPool': 844} elapsed 1s
Sat Oct  3 00:56:49 2026 845/4980 {'EXC:BrokenProcessPool': 845} elapsed 1s
Sat Oct  3 00:56:49 2026 846/4980 {'EXC:BrokenProcessPool': 846} elapsed 1s
Sat Oct  3 00:56:49 2026 847/4980 {'EXC:BrokenProcessPool': 847} elapsed 1s
Sat Oct  3 00:56:49 2026 848/4980 {'EXC:BrokenProcessPool': 848} elapsed 1s
Sat Oct  3 00:56:49 2026 849/4980 {'EXC:BrokenProcessPool': 849} elapsed 1s
Sat Oct  3 00:56:49 2026 850/4980 {'EXC:BrokenProcessPool': 850} elapsed 1s
Sat Oct  3 00:56:49 2026 851/4980 {'EXC:BrokenProcessPool': 851} elapsed 1s
Sat Oct  3 00:56:49 2026 852/4980 {'EXC:BrokenProcessPool': 852} elapsed 1s
Sat Oct  3 00:56:49 2026 853/4980 {'EXC:BrokenProcessPool': 853} elapsed 1s
Sat Oct  3 00:56:49 2026 854/4980 {'EXC:BrokenProcessPool': 854} elapsed 1s
Sat Oct  3 00:56:49 2026 855/4980 {'EXC:BrokenProcessPool': 855} elapsed 1s
Sat Oct  3 00:56:49 2026 856/4980 {'EXC:BrokenProcessPool': 856} elapsed 1s
Sat Oct  3 00:56:49 2026 857/4980 {'EXC:BrokenProcessPool': 857} elapsed 1s
Sat Oct  3 00:56:49 2026 858/4980 {'EXC:BrokenProcessPool': 858} elapsed 1s
Sat Oct  3 00:56:49 2026 859/4980 {'EXC:BrokenProcessPool': 859} elapsed 1s
Sat Oct  3 00:56:49 2026 860/4980 {'EXC:BrokenProcessPool': 860} elapsed 1s
Sat Oct  3 00:56:49 2026 861/4980 {'EXC:BrokenProcessPool': 861} elapsed 1s
Sat Oct  3 00:56:49 2026 862/4980 {'EXC:BrokenProcessPool': 862} elapsed 1s
Sat Oct  3 00:56:49 2026 863/4980 {'EXC:BrokenProcessPool': 863} elapsed 1s
Sat Oct  3 00:56:49 2026 864/4980 {'EXC:BrokenProcessPool': 864} elapsed 1s
Sat Oct  3 00:56:49 2026 865/4980 {'EXC:BrokenProcessPool': 865} elapsed 1s
Sat Oct  3 00:56:49 2026 866/4980 {'EXC:BrokenProcessPool': 866} elapsed 1s
Sat Oct  3 00:56:49 2026 867/4980 {'EXC:BrokenProcessPool': 867} elapsed 1s
Sat Oct  3 00:56:49 2026 868/4980 {'EXC:BrokenProcessPool': 868} elapsed 1s
Sat Oct  3 00:56:49 2026 869/4980 {'EXC:BrokenProcessPool': 869} elapsed 1s
Sat Oct  3 00:56:49 2026 870/4980 {'EXC:BrokenProcessPool': 870} elapsed 1s
Sat Oct  3 00:56:49 2026 871/4980 {'EXC:BrokenProcessPool': 871} elapsed 1s
Sat Oct  3 00:56:49 2026 872/4980 {'EXC:BrokenProcessPool': 872} elapsed 1s
Sat Oct  3 00:56:49 2026 873/4980 {'EXC:BrokenProcessPool': 873} elapsed 1s
Sat Oct  3 00:56:49 2026 874/4980 {'EXC:BrokenProcessPool': 874} elapsed 1s
Sat Oct  3 00:56:49 2026 875/4980 {'EXC:BrokenProcessPool': 875} elapsed 1s
Sat Oct  3 00:56:49 2026 876/4980 {'EXC:BrokenProcessPool': 876} elapsed 1s
Sat Oct  3 00:56:49 2026 877/4980 {'EXC:BrokenProcessPool': 877} elapsed 1s
Sat Oct  3 00:56:49 2026 878/4980 {'EXC:BrokenProcessPool': 878} elapsed 1s
Sat Oct  3 00:56:49 2026 879/4980 {'EXC:BrokenProcessPool': 879} elapsed 1s
Sat Oct  3 00:56:49 2026 880/4980 {'EXC:BrokenProcessPool': 880} elapsed 1s
Sat Oct  3 00:56:49 2026 881/4980 {'EXC:BrokenProcessPool': 881} elapsed 1s
Sat Oct  3 00:56:49 2026 882/4980 {'EXC:BrokenProcessPool': 882} elapsed 1s
Sat Oct  3 00:56:49 2026 883/4980 {'EXC:BrokenProcessPool': 883} elapsed 1s
Sat Oct  3 00:56:49 2026 884/4980 {'EXC:BrokenProcessPool': 884} elapsed 1s
Sat Oct  3 00:56:49 2026 885/4980 {'EXC:BrokenProcessPool': 885} elapsed 1s
Sat Oct  3 00:56:49 2026 886/4980 {'EXC:BrokenProcessPool': 886} elapsed 1s
Sat Oct  3 00:56:49 2026 887/4980 {'EXC:BrokenProcessPool': 887} elapsed 1s
Sat Oct  3 00:56:49 2026 888/4980 {'EXC:BrokenProcessPool': 888} elapsed 1s
Sat Oct  3 00:56:49 2026 889/4980 {'EXC:BrokenProcessPool': 889} elapsed 1s
Sat Oct  3 00:56:49 2026 890/4980 {'EXC:BrokenProcessPool': 890} elapsed 1s
Sat Oct  3 00:56:49 2026 891/4980 {'EXC:BrokenProcessPool': 891} elapsed 1s
Sat Oct  3 00:56:49 2026 892/4980 {'EXC:BrokenProcessPool': 892} elapsed 1s
Sat Oct  3 00:56:49 2026 893/4980 {'EXC:BrokenProcessPool': 893} elapsed 1s
Sat Oct  3 00:56:49 2026 894/4980 {'EXC:BrokenProcessPool': 894} elapsed 1s
Sat Oct  3 00:56:49 2026 895/4980 {'EXC:BrokenProcessPool': 895} elapsed 1s
Sat Oct  3 00:56:49 2026 896/4980 {'EXC:BrokenProcessPool': 896} elapsed 1s
Sat Oct  3 00:56:49 2026 897/4980 {'EXC:BrokenProcessPool': 897} elapsed 1s
Sat Oct  3 00:56:49 2026 898/4980 {'EXC:BrokenProcessPool': 898} elapsed 1s
Sat Oct  3 00:56:49 2026 899/4980 {'EXC:BrokenProcessPool': 899} elapsed 1s
Sat Oct  3 00:56:49 2026 900/4980 {'EXC:BrokenProcessPool': 900} elapsed 1s
Sat Oct  3 00:56:49 2026 901/4980 {'EXC:BrokenProcessPool': 901} elapsed 1s
Sat Oct  3 00:56:49 2026 902/4980 {'EXC:BrokenProcessPool': 902} elapsed 1s
Sat Oct  3 00:56:49 2026 903/4980 {'EXC:BrokenProcessPool': 903} elapsed 1s
Sat Oct  3 00:56:49 2026 904/4980 {'EXC:BrokenProcessPool': 904} elapsed 1s
Sat Oct  3 00:56:49 2026 905/4980 {'EXC:BrokenProcessPool': 905} elapsed 1s
Sat Oct  3 00:56:49 2026 906/4980 {'EXC:BrokenProcessPool': 906} elapsed 1s
Sat Oct  3 00:56:49 2026 907/4980 {'EXC:BrokenProcessPool': 907} elapsed 1s
Sat Oct  3 00:56:49 2026 908/4980 {'EXC:BrokenProcessPool': 908} elapsed 1s
Sat Oct  3 00:56:49 2026 909/4980 {'EXC:BrokenProcessPool': 909} elapsed 1s
Sat Oct  3 00:56:49 2026 910/4980 {'EXC:BrokenProcessPool': 910} elapsed 1s
Sat Oct  3 00:56:49 2026 911/4980 {'EXC:BrokenProcessPool': 911} elapsed 1s
Sat Oct  3 00:56:49 2026 912/4980 {'EXC:BrokenProcessPool': 912} elapsed 1s
Sat Oct  3 00:56:49 2026 913/4980 {'EXC:BrokenProcessPool': 913} elapsed 1s
Sat Oct  3 00:56:49 2026 914/4980 {'EXC:BrokenProcessPool': 914} elapsed 1s
Sat Oct  3 00:56:49 2026 915/4980 {'EXC:BrokenProcessPool': 915} elapsed 1s
Sat Oct  3 00:56:49 2026 916/4980 {'EXC:BrokenProcessPool': 916} elapsed 1s
Sat Oct  3 00:56:49 2026 917/4980 {'EXC:BrokenProcessPool': 917} elapsed 1s
Sat Oct  3 00:56:49 2026 918/4980 {'EXC:BrokenProcessPool': 918} elapsed 1s
Sat Oct  3 00:56:49 2026 919/4980 {'EXC:BrokenProcessPool': 919} elapsed 1s
Sat Oct  3 00:56:49 2026 920/4980 {'EXC:BrokenProcessPool': 920} elapsed 1s
Sat Oct  3 00:56:49 2026 921/4980 {'EXC:BrokenProcessPool': 921} elapsed 1s
Sat Oct  3 00:56:49 2026 922/4980 {'EXC:BrokenProcessPool': 922} elapsed 1s
Sat Oct  3 00:56:49 2026 923/4980 {'EXC:BrokenProcessPool': 923} elapsed 1s
Sat Oct  3 00:56:49 2026 924/4980 {'EXC:BrokenProcessPool': 924} elapsed 1s
Sat Oct  3 00:56:49 2026 925/4980 {'EXC:BrokenProcessPool': 925} elapsed 1s
Sat Oct  3 00:56:49 2026 926/4980 {'EXC:BrokenProcessPool': 926} elapsed 1s
Sat Oct  3 00:56:49 2026 927/4980 {'EXC:BrokenProcessPool': 927} elapsed 1s
Sat Oct  3 00:56:49 2026 928/4980 {'EXC:BrokenProcessPool': 928} elapsed 1s
Sat Oct  3 00:56:49 2026 929/4980 {'EXC:BrokenProcessPool': 929} elapsed 1s
Sat Oct  3 00:56:49 2026 930/4980 {'EXC:BrokenProcessPool': 930} elapsed 1s
Sat Oct  3 00:56:49 2026 931/4980 {'EXC:BrokenProcessPool': 931} elapsed 1s
Sat Oct  3 00:56:49 2026 932/4980 {'EXC:BrokenProcessPool': 932} elapsed 1s
Sat Oct  3 00:56:49 2026 933/4980 {'EXC:BrokenProcessPool': 933} elapsed 1s
Sat Oct  3 00:56:49 2026 934/4980 {'EXC:BrokenProcessPool': 934} elapsed 1s
Sat Oct  3 00:56:49 2026 935/4980 {'EXC:BrokenProcessPool': 935} elapsed 1s
Sat Oct  3 00:56:49 2026 936/4980 {'EXC:BrokenProcessPool': 936} elapsed 1s
Sat Oct  3 00:56:49 2026 937/4980 {'EXC:BrokenProcessPool': 937} elapsed 1s
Sat Oct  3 00:56:49 2026 938/4980 {'EXC:BrokenProcessPool': 938} elapsed 1s
Sat Oct  3 00:56:49 2026 939/4980 {'EXC:BrokenProcessPool': 939} elapsed 1s
Sat Oct  3 00:56:49 2026 940/4980 {'EXC:BrokenProcessPool': 940} elapsed 1s
Sat Oct  3 00:56:49 2026 941/4980 {'EXC:BrokenProcessPool': 941} elapsed 1s
Sat Oct  3 00:56:49 2026 942/4980 {'EXC:BrokenProcessPool': 942} elapsed 1s
Sat Oct  3 00:56:49 2026 943/4980 {'EXC:BrokenProcessPool': 943} elapsed 1s
Sat Oct  3 00:56:49 2026 944/4980 {'EXC:BrokenProcessPool': 944} elapsed 1s
Sat Oct  3 00:56:49 2026 945/4980 {'EXC:BrokenProcessPool': 945} elapsed 1s
Sat Oct  3 00:56:49 2026 946/4980 {'EXC:BrokenProcessPool': 946} elapsed 1s
Sat Oct  3 00:56:49 2026 947/4980 {'EXC:BrokenProcessPool': 947} elapsed 1s
Sat Oct  3 00:56:49 2026 948/4980 {'EXC:BrokenProcessPool': 948} elapsed 1s
Sat Oct  3 00:56:49 2026 949/4980 {'EXC:BrokenProcessPool': 949} elapsed 1s
Sat Oct  3 00:56:49 2026 950/4980 {'EXC:BrokenProcessPool': 950} elapsed 1s
Sat Oct  3 00:56:49 2026 951/4980 {'EXC:BrokenProcessPool': 951} elapsed 1s
Sat Oct  3 00:56:49 2026 952/4980 {'EXC:BrokenProcessPool': 952} elapsed 1s
Sat Oct  3 00:56:49 2026 953/4980 {'EXC:BrokenProcessPool': 953} elapsed 1s
Sat Oct  3 00:56:49 2026 954/4980 {'EXC:BrokenProcessPool': 954} elapsed 1s
Sat Oct  3 00:56:49 2026 955/4980 {'EXC:BrokenProcessPool': 955} elapsed 1s
Sat Oct  3 00:56:49 2026 956/4980 {'EXC:BrokenProcessPool': 956} elapsed 1s
Sat Oct  3 00:56:49 2026 957/4980 {'EXC:BrokenProcessPool': 957} elapsed 1s
Sat Oct  3 00:56:49 2026 958/4980 {'EXC:BrokenProcessPool': 958} elapsed 1s
Sat Oct  3 00:56:49 2026 959/4980 {'EXC:BrokenProcessPool': 959} elapsed 1s
Sat Oct  3 00:56:49 2026 960/4980 {'EXC:BrokenProcessPool': 960} elapsed 1s
Sat Oct  3 00:56:49 2026 961/4980 {'EXC:BrokenProcessPool': 961} elapsed 1s
Sat Oct  3 00:56:49 2026 962/4980 {'EXC:BrokenProcessPool': 962} elapsed 1s
Sat Oct  3 00:56:49 2026 963/4980 {'EXC:BrokenProcessPool': 963} elapsed 1s
Sat Oct  3 00:56:49 2026 964/4980 {'EXC:BrokenProcessPool': 964} elapsed 1s
Sat Oct  3 00:56:49 2026 965/4980 {'EXC:BrokenProcessPool': 965} elapsed 1s
Sat Oct  3 00:56:49 2026 966/4980 {'EXC:BrokenProcessPool': 966} elapsed 1s
Sat Oct  3 00:56:49 2026 967/4980 {'EXC:BrokenProcessPool': 967} elapsed 1s
Sat Oct  3 00:56:49 2026 968/4980 {'EXC:BrokenProcessPool': 968} elapsed 1s
Sat Oct  3 00:56:49 2026 969/4980 {'EXC:BrokenProcessPool': 969} elapsed 1s
Sat Oct  3 00:56:49 2026 970/4980 {'EXC:BrokenProcessPool': 970} elapsed 1s
Sat Oct  3 00:56:49 2026 971/4980 {'EXC:BrokenProcessPool': 971} elapsed 1s
Sat Oct  3 00:56:49 2026 972/4980 {'EXC:BrokenProcessPool': 972} elapsed 1s
Sat Oct  3 00:56:49 2026 973/4980 {'EXC:BrokenProcessPool': 973} elapsed 1s
Sat Oct  3 00:56:49 2026 974/4980 {'EXC:BrokenProcessPool': 974} elapsed 1s
Sat Oct  3 00:56:49 2026 975/4980 {'EXC:BrokenProcessPool': 975} elapsed 1s
Sat Oct  3 00:56:49 2026 976/4980 {'EXC:BrokenProcessPool': 976} elapsed 1s
Sat Oct  3 00:56:49 2026 977/4980 {'EXC:BrokenProcessPool': 977} elapsed 1s
Sat Oct  3 00:56:49 2026 978/4980 {'EXC:BrokenProcessPool': 978} elapsed 1s
Sat Oct  3 00:56:49 2026 979/4980 {'EXC:BrokenProcessPool': 979} elapsed 1s
Sat Oct  3 00:56:49 2026 980/4980 {'EXC:BrokenProcessPool': 980} elapsed 1s
Sat Oct  3 00:56:49 2026 981/4980 {'EXC:BrokenProcessPool': 981} elapsed 1s
Sat Oct  3 00:56:49 2026 982/4980 {'EXC:BrokenProcessPool': 982} elapsed 1s
Sat Oct  3 00:56:49 2026 983/4980 {'EXC:BrokenProcessPool': 983} elapsed 1s
Sat Oct  3 00:56:49 2026 984/4980 {'EXC:BrokenProcessPool': 984} elapsed 1s
Sat Oct  3 00:56:49 2026 985/4980 {'EXC:BrokenProcessPool': 985} elapsed 1s
Sat Oct  3 00:56:49 2026 986/4980 {'EXC:BrokenProcessPool': 986} elapsed 1s
Sat Oct  3 00:56:49 2026 987/4980 {'EXC:BrokenProcessPool': 987} elapsed 1s
Sat Oct  3 00:56:49 2026 988/4980 {'EXC:BrokenProcessPool': 988} elapsed 1s
Sat Oct  3 00:56:49 2026 989/4980 {'EXC:BrokenProcessPool': 989} elapsed 1s
Sat Oct  3 00:56:49 2026 990/4980 {'EXC:BrokenProcessPool': 990} elapsed 1s
Sat Oct  3 00:56:49 2026 991/4980 {'EXC:BrokenProcessPool': 991} elapsed 1s
Sat Oct  3 00:56:49 2026 992/4980 {'EXC:BrokenProcessPool': 992} elapsed 1s
Sat Oct  3 00:56:49 2026 993/4980 {'EXC:BrokenProcessPool': 993} elapsed 1s
Sat Oct  3 00:56:49 2026 994/4980 {'EXC:BrokenProcessPool': 994} elapsed 1s
Sat Oct  3 00:56:49 2026 995/4980 {'EXC:BrokenProcessPool': 995} elapsed 1s
Sat Oct  3 00:56:49 2026 996/4980 {'EXC:BrokenProcessPool': 996} elapsed 1s
Sat Oct  3 00:56:49 2026 997/4980 {'EXC:BrokenProcessPool': 997} elapsed 1s
Sat Oct  3 00:56:49 2026 998/4980 {'EXC:BrokenProcessPool': 998} elapsed 1s
Sat Oct  3 00:56:49 2026 999/4980 {'EXC:BrokenProcessPool': 999} elapsed 1s
Sat Oct  3 00:56:49 2026 1000/4980 {'EXC:BrokenProcessPool': 1000} elapsed 1s
Sat Oct  3 00:56:49 2026 1001/4980 {'EXC:BrokenProcessPool': 1001} elapsed 1s
Sat Oct  3 00:56:49 2026 1002/4980 {'EXC:BrokenProcessPool': 1002} elapsed 1s
Sat Oct  3 00:56:49 2026 1003/4980 {'EXC:BrokenProcessPool': 1003} elapsed 1s
Sat Oct  3 00:56:49 2026 1004/4980 {'EXC:BrokenProcessPool': 1004} elapsed 1s
Sat Oct  3 00:56:49 2026 1005/4980 {'EXC:BrokenProcessPool': 1005} elapsed 1s
Sat Oct  3 00:56:49 2026 1006/4980 {'EXC:BrokenProcessPool': 1006} elapsed 1s
Sat Oct  3 00:56:49 2026 1007/4980 {'EXC:BrokenProcessPool': 1007} elapsed 1s
Sat Oct  3 00:56:49 2026 1008/4980 {'EXC:BrokenProcessPool': 1008} elapsed 1s
Sat Oct  3 00:56:49 2026 1009/4980 {'EXC:BrokenProcessPool': 1009} elapsed 1s
Sat Oct  3 00:56:49 2026 1010/4980 {'EXC:BrokenProcessPool': 1010} elapsed 1s
Sat Oct  3 00:56:49 2026 1011/4980 {'EXC:BrokenProcessPool': 1011} elapsed 1s
Sat Oct  3 00:56:49 2026 1012/4980 {'EXC:BrokenProcessPool': 1012} elapsed 1s
Sat Oct  3 00:56:49 2026 1013/4980 {'EXC:BrokenProcessPool': 1013} elapsed 1s
Sat Oct  3 00:56:49 2026 1014/4980 {'EXC:BrokenProcessPool': 1014} elapsed 1s
Sat Oct  3 00:56:49 2026 1015/4980 {'EXC:BrokenProcessPool': 1015} elapsed 1s
Sat Oct  3 00:56:49 2026 1016/4980 {'EXC:BrokenProcessPool': 1016} elapsed 1s
Sat Oct  3 00:56:49 2026 1017/4980 {'EXC:BrokenProcessPool': 1017} elapsed 1s
Sat Oct  3 00:56:49 2026 1018/4980 {'EXC:BrokenProcessPool': 1018} elapsed 1s
Sat Oct  3 00:56:49 2026 1019/4980 {'EXC:BrokenProcessPool': 1019} elapsed 1s
Sat Oct  3 00:56:49 2026 1020/4980 {'EXC:BrokenProcessPool': 1020} elapsed 1s
Sat Oct  3 00:56:49 2026 1021/4980 {'EXC:BrokenProcessPool': 1021} elapsed 1s
Sat Oct  3 00:56:49 2026 1022/4980 {'EXC:BrokenProcessPool': 1022} elapsed 1s
Sat Oct  3 00:56:49 2026 1023/4980 {'EXC:BrokenProcessPool': 1023} elapsed 1s
Sat Oct  3 00:56:49 2026 1024/4980 {'EXC:BrokenProcessPool': 1024} elapsed 1s
Sat Oct  3 00:56:49 2026 1025/4980 {'EXC:BrokenProcessPool': 1025} elapsed 1s
Sat Oct  3 00:56:49 2026 1026/4980 {'EXC:BrokenProcessPool': 1026} elapsed 1s
Sat Oct  3 00:56:49 2026 1027/4980 {'EXC:BrokenProcessPool': 1027} elapsed 1s
Sat Oct  3 00:56:49 2026 1028/4980 {'EXC:BrokenProcessPool': 1028} elapsed 1s
Sat Oct  3 00:56:49 2026 1029/4980 {'EXC:BrokenProcessPool': 1029} elapsed 1s
Sat Oct  3 00:56:49 2026 1030/4980 {'EXC:BrokenProcessPool': 1030} elapsed 1s
Sat Oct  3 00:56:49 2026 1031/4980 {'EXC:BrokenProcessPool': 1031} elapsed 1s
Sat Oct  3 00:56:49 2026 1032/4980 {'EXC:BrokenProcessPool': 1032} elapsed 1s
Sat Oct  3 00:56:49 2026 1033/4980 {'EXC:BrokenProcessPool': 1033} elapsed 1s
Sat Oct  3 00:56:49 2026 1034/4980 {'EXC:BrokenProcessPool': 1034} elapsed 1s
Sat Oct  3 00:56:49 2026 1035/4980 {'EXC:BrokenProcessPool': 1035} elapsed 1s
Sat Oct  3 00:56:49 2026 1036/4980 {'EXC:BrokenProcessPool': 1036} elapsed 1s
Sat Oct  3 00:56:49 2026 1037/4980 {'EXC:BrokenProcessPool': 1037} elapsed 1s
Sat Oct  3 00:56:49 2026 1038/4980 {'EXC:BrokenProcessPool': 1038} elapsed 1s
Sat Oct  3 00:56:49 2026 1039/4980 {'EXC:BrokenProcessPool': 1039} elapsed 1s
Sat Oct  3 00:56:49 2026 1040/4980 {'EXC:BrokenProcessPool': 1040} elapsed 1s
Sat Oct  3 00:56:49 2026 1041/4980 {'EXC:BrokenProcessPool': 1041} elapsed 1s
Sat Oct  3 00:56:49 2026 1042/4980 {'EXC:BrokenProcessPool': 1042} elapsed 1s
Sat Oct  3 00:56:49 2026 1043/4980 {'EXC:BrokenProcessPool': 1043} elapsed 1s
Sat Oct  3 00:56:49 2026 1044/4980 {'EXC:BrokenProcessPool': 1044} elapsed 1s
Sat Oct  3 00:56:49 2026 1045/4980 {'EXC:BrokenProcessPool': 1045} elapsed 1s
Sat Oct  3 00:56:49 2026 1046/4980 {'EXC:BrokenProcessPool': 1046} elapsed 1s
Sat Oct  3 00:56:49 2026 1047/4980 {'EXC:BrokenProcessPool': 1047} elapsed 1s
Sat Oct  3 00:56:49 2026 1048/4980 {'EXC:BrokenProcessPool': 1048} elapsed 1s
Sat Oct  3 00:56:49 2026 1049/4980 {'EXC:BrokenProcessPool': 1049} elapsed 1s
Sat Oct  3 00:56:49 2026 1050/4980 {'EXC:BrokenProcessPool': 1050} elapsed 1s
Sat Oct  3 00:56:49 2026 1051/4980 {'EXC:BrokenProcessPool': 1051} elapsed 1s
Sat Oct  3 00:56:49 2026 1052/4980 {'EXC:BrokenProcessPool': 1052} elapsed 1s
Sat Oct  3 00:56:49 2026 1053/4980 {'EXC:BrokenProcessPool': 1053} elapsed 1s
Sat Oct  3 00:56:49 2026 1054/4980 {'EXC:BrokenProcessPool': 1054} elapsed 1s
Sat Oct  3 00:56:49 2026 1055/4980 {'EXC:BrokenProcessPool': 1055} elapsed 1s
Sat Oct  3 00:56:49 2026 1056/4980 {'EXC:BrokenProcessPool': 1056} elapsed 1s
Sat Oct  3 00:56:49 2026 1057/4980 {'EXC:BrokenProcessPool': 1057} elapsed 1s
Sat Oct  3 00:56:49 2026 1058/4980 {'EXC:BrokenProcessPool': 1058} elapsed 1s
Sat Oct  3 00:56:49 2026 1059/4980 {'EXC:BrokenProcessPool': 1059} elapsed 1s
Sat Oct  3 00:56:49 2026 1060/4980 {'EXC:BrokenProcessPool': 1060} elapsed 1s
Sat Oct  3 00:56:49 2026 1061/4980 {'EXC:BrokenProcessPool': 1061} elapsed 1s
Sat Oct  3 00:56:49 2026 1062/4980 {'EXC:BrokenProcessPool': 1062} elapsed 1s
Sat Oct  3 00:56:49 2026 1063/4980 {'EXC:BrokenProcessPool': 1063} elapsed 1s
Sat Oct  3 00:56:49 2026 1064/4980 {'EXC:BrokenProcessPool': 1064} elapsed 1s
Sat Oct  3 00:56:49 2026 1065/4980 {'EXC:BrokenProcessPool': 1065} elapsed 1s
Sat Oct  3 00:56:49 2026 1066/4980 {'EXC:BrokenProcessPool': 1066} elapsed 1s
Sat Oct  3 00:56:49 2026 1067/4980 {'EXC:BrokenProcessPool': 1067} elapsed 1s
Sat Oct  3 00:56:49 2026 1068/4980 {'EXC:BrokenProcessPool': 1068} elapsed 1s
Sat Oct  3 00:56:49 2026 1069/4980 {'EXC:BrokenProcessPool': 1069} elapsed 1s
Sat Oct  3 00:56:49 2026 1070/4980 {'EXC:BrokenProcessPool': 1070} elapsed 1s
Sat Oct  3 00:56:49 2026 1071/4980 {'EXC:BrokenProcessPool': 1071} elapsed 1s
Sat Oct  3 00:56:49 2026 1072/4980 {'EXC:BrokenProcessPool': 1072} elapsed 1s
Sat Oct  3 00:56:49 2026 1073/4980 {'EXC:BrokenProcessPool': 1073} elapsed 1s
Sat Oct  3 00:56:49 2026 1074/4980 {'EXC:BrokenProcessPool': 1074} elapsed 1s
Sat Oct  3 00:56:49 2026 1075/4980 {'EXC:BrokenProcessPool': 1075} elapsed 1s
Sat Oct  3 00:56:49 2026 1076/4980 {'EXC:BrokenProcessPool': 1076} elapsed 1s
Sat Oct  3 00:56:49 2026 1077/4980 {'EXC:BrokenProcessPool': 1077} elapsed 1s
Sat Oct  3 00:56:49 2026 1078/4980 {'EXC:BrokenProcessPool': 1078} elapsed 1s
Sat Oct  3 00:56:49 2026 1079/4980 {'EXC:BrokenProcessPool': 1079} elapsed 1s
Sat Oct  3 00:56:49 2026 1080/4980 {'EXC:BrokenProcessPool': 1080} elapsed 1s
Sat Oct  3 00:56:49 2026 1081/4980 {'EXC:BrokenProcessPool': 1081} elapsed 1s
Sat Oct  3 00:56:49 2026 1082/4980 {'EXC:BrokenProcessPool': 1082} elapsed 1s
Sat Oct  3 00:56:49 2026 1083/4980 {'EXC:BrokenProcessPool': 1083} elapsed 1s
Sat Oct  3 00:56:49 2026 1084/4980 {'EXC:BrokenProcessPool': 1084} elapsed 1s
Sat Oct  3 00:56:49 2026 1085/4980 {'EXC:BrokenProcessPool': 1085} elapsed 1s
Sat Oct  3 00:56:49 2026 1086/4980 {'EXC:BrokenProcessPool': 1086} elapsed 1s
Sat Oct  3 00:56:49 2026 1087/4980 {'EXC:BrokenProcessPool': 1087} elapsed 1s
Sat Oct  3 00:56:49 2026 1088/4980 {'EXC:BrokenProcessPool': 1088} elapsed 1s
Sat Oct  3 00:56:49 2026 1089/4980 {'EXC:BrokenProcessPool': 1089} elapsed 1s
Sat Oct  3 00:56:49 2026 1090/4980 {'EXC:BrokenProcessPool': 1090} elapsed 1s
Sat Oct  3 00:56:49 2026 1091/4980 {'EXC:BrokenProcessPool': 1091} elapsed 1s
Sat Oct  3 00:56:49 2026 1092/4980 {'EXC:BrokenProcessPool': 1092} elapsed 1s
Sat Oct  3 00:56:49 2026 1093/4980 {'EXC:BrokenProcessPool': 1093} elapsed 1s
Sat Oct  3 00:56:49 2026 1094/4980 {'EXC:BrokenProcessPool': 1094} elapsed 1s
Sat Oct  3 00:56:49 2026 1095/4980 {'EXC:BrokenProcessPool': 1095} elapsed 1s
Sat Oct  3 00:56:49 2026 1096/4980 {'EXC:BrokenProcessPool': 1096} elapsed 1s
Sat Oct  3 00:56:49 2026 1097/4980 {'EXC:BrokenProcessPool': 1097} elapsed 1s
Sat Oct  3 00:56:49 2026 1098/4980 {'EXC:BrokenProcessPool': 1098} elapsed 1s
Sat Oct  3 00:56:49 2026 1099/4980 {'EXC:BrokenProcessPool': 1099} elapsed 1s
Sat Oct  3 00:56:49 2026 1100/4980 {'EXC:BrokenProcessPool': 1100} elapsed 1s
Sat Oct  3 00:56:49 2026 1101/4980 {'EXC:BrokenProcessPool': 1101} elapsed 1s
Sat Oct  3 00:56:49 2026 1102/4980 {'EXC:BrokenProcessPool': 1102} elapsed 1s
Sat Oct  3 00:56:49 2026 1103/4980 {'EXC:BrokenProcessPool': 1103} elapsed 1s
Sat Oct  3 00:56:49 2026 1104/4980 {'EXC:BrokenProcessPool': 1104} elapsed 1s
Sat Oct  3 00:56:49 2026 1105/4980 {'EXC:BrokenProcessPool': 1105} elapsed 1s
Sat Oct  3 00:56:49 2026 1106/4980 {'EXC:BrokenProcessPool': 1106} elapsed 1s
Sat Oct  3 00:56:49 2026 1107/4980 {'EXC:BrokenProcessPool': 1107} elapsed 1s
Sat Oct  3 00:56:49 2026 1108/4980 {'EXC:BrokenProcessPool': 1108} elapsed 1s
Sat Oct  3 00:56:49 2026 1109/4980 {'EXC:BrokenProcessPool': 1109} elapsed 1s
Sat Oct  3 00:56:49 2026 1110/4980 {'EXC:BrokenProcessPool': 1110} elapsed 1s
Sat Oct  3 00:56:49 2026 1111/4980 {'EXC:BrokenProcessPool': 1111} elapsed 1s
Sat Oct  3 00:56:49 2026 1112/4980 {'EXC:BrokenProcessPool': 1112} elapsed 1s
Sat Oct  3 00:56:49 2026 1113/4980 {'EXC:BrokenProcessPool': 1113} elapsed 1s
Sat Oct  3 00:56:49 2026 1114/4980 {'EXC:BrokenProcessPool': 1114} elapsed 1s
Sat Oct  3 00:56:49 2026 1115/4980 {'EXC:BrokenProcessPool': 1115} elapsed 1s
Sat Oct  3 00:56:49 2026 1116/4980 {'EXC:BrokenProcessPool': 1116} elapsed 1s
Sat Oct  3 00:56:49 2026 1117/4980 {'EXC:BrokenProcessPool': 1117} elapsed 1s
Sat Oct  3 00:56:49 2026 1118/4980 {'EXC:BrokenProcessPool': 1118} elapsed 1s
Sat Oct  3 00:56:49 2026 1119/4980 {'EXC:BrokenProcessPool': 1119} elapsed 1s
Sat Oct  3 00:56:49 2026 1120/4980 {'EXC:BrokenProcessPool': 1120} elapsed 1s
Sat Oct  3 00:56:49 2026 1121/4980 {'EXC:BrokenProcessPool': 1121} elapsed 1s
Sat Oct  3 00:56:49 2026 1122/4980 {'EXC:BrokenProcessPool': 1122} elapsed 1s
Sat Oct  3 00:56:49 2026 1123/4980 {'EXC:BrokenProcessPool': 1123} elapsed 1s
Sat Oct  3 00:56:49 2026 1124/4980 {'EXC:BrokenProcessPool': 1124} elapsed 1s
Sat Oct  3 00:56:49 2026 1125/4980 {'EXC:BrokenProcessPool': 1125} elapsed 1s
Sat Oct  3 00:56:49 2026 1126/4980 {'EXC:BrokenProcessPool': 1126} elapsed 1s
Sat Oct  3 00:56:49 2026 1127/4980 {'EXC:BrokenProcessPool': 1127} elapsed 1s
Sat Oct  3 00:56:49 2026 1128/4980 {'EXC:BrokenProcessPool': 1128} elapsed 1s
Sat Oct  3 00:56:49 2026 1129/4980 {'EXC:BrokenProcessPool': 1129} elapsed 1s
Sat Oct  3 00:56:49 2026 1130/4980 {'EXC:BrokenProcessPool': 1130} elapsed 1s
Sat Oct  3 00:56:49 2026 1131/4980 {'EXC:BrokenProcessPool': 1131} elapsed 1s
Sat Oct  3 00:56:49 2026 1132/4980 {'EXC:BrokenProcessPool': 1132} elapsed 1s
Sat Oct  3 00:56:49 2026 1133/4980 {'EXC:BrokenProcessPool': 1133} elapsed 1s
Sat Oct  3 00:56:49 2026 1134/4980 {'EXC:BrokenProcessPool': 1134} elapsed 1s
Sat Oct  3 00:56:49 2026 1135/4980 {'EXC:BrokenProcessPool': 1135} elapsed 1s
Sat Oct  3 00:56:49 2026 1136/4980 {'EXC:BrokenProcessPool': 1136} elapsed 1s
Sat Oct  3 00:56:49 2026 1137/4980 {'EXC:BrokenProcessPool': 1137} elapsed 1s
Sat Oct  3 00:56:49 2026 1138/4980 {'EXC:BrokenProcessPool': 1138} elapsed 1s
Sat Oct  3 00:56:49 2026 1139/4980 {'EXC:BrokenProcessPool': 1139} elapsed 1s
Sat Oct  3 00:56:49 2026 1140/4980 {'EXC:BrokenProcessPool': 1140} elapsed 1s
Sat Oct  3 00:56:49 2026 1141/4980 {'EXC:BrokenProcessPool': 1141} elapsed 1s
Sat Oct  3 00:56:49 2026 1142/4980 {'EXC:BrokenProcessPool': 1142} elapsed 1s
Sat Oct  3 00:56:49 2026 1143/4980 {'EXC:BrokenProcessPool': 1143} elapsed 1s
Sat Oct  3 00:56:49 2026 1144/4980 {'EXC:BrokenProcessPool': 1144} elapsed 1s
Sat Oct  3 00:56:49 2026 1145/4980 {'EXC:BrokenProcessPool': 1145} elapsed 1s
Sat Oct  3 00:56:49 2026 1146/4980 {'EXC:BrokenProcessPool': 1146} elapsed 1s
Sat Oct  3 00:56:49 2026 1147/4980 {'EXC:BrokenProcessPool': 1147} elapsed 1s
Sat Oct  3 00:56:49 2026 1148/4980 {'EXC:BrokenProcessPool': 1148} elapsed 1s
Sat Oct  3 00:56:49 2026 1149/4980 {'EXC:BrokenProcessPool': 1149} elapsed 1s
Sat Oct  3 00:56:49 2026 1150/4980 {'EXC:BrokenProcessPool': 1150} elapsed 1s
Sat Oct  3 00:56:49 2026 1151/4980 {'EXC:BrokenProcessPool': 1151} elapsed 1s
Sat Oct  3 00:56:49 2026 1152/4980 {'EXC:BrokenProcessPool': 1152} elapsed 1s
Sat Oct  3 00:56:49 2026 1153/4980 {'EXC:BrokenProcessPool': 1153} elapsed 1s
Sat Oct  3 00:56:49 2026 1154/4980 {'EXC:BrokenProcessPool': 1154} elapsed 1s
Sat Oct  3 00:56:49 2026 1155/4980 {'EXC:BrokenProcessPool': 1155} elapsed 1s
Sat Oct  3 00:56:49 2026 1156/4980 {'EXC:BrokenProcessPool': 1156} elapsed 1s
Sat Oct  3 00:56:49 2026 1157/4980 {'EXC:BrokenProcessPool': 1157} elapsed 1s
Sat Oct  3 00:56:49 2026 1158/4980 {'EXC:BrokenProcessPool': 1158} elapsed 1s
Sat Oct  3 00:56:49 2026 1159/4980 {'EXC:BrokenProcessPool': 1159} elapsed 1s
Sat Oct  3 00:56:49 2026 1160/4980 {'EXC:BrokenProcessPool': 1160} elapsed 1s
Sat Oct  3 00:56:49 2026 1161/4980 {'EXC:BrokenProcessPool': 1161} elapsed 1s
Sat Oct  3 00:56:49 2026 1162/4980 {'EXC:BrokenProcessPool': 1162} elapsed 1s
Sat Oct  3 00:56:49 2026 1163/4980 {'EXC:BrokenProcessPool': 1163} elapsed 1s
Sat Oct  3 00:56:49 2026 1164/4980 {'EXC:BrokenProcessPool': 1164} elapsed 1s
Sat Oct  3 00:56:49 2026 1165/4980 {'EXC:BrokenProcessPool': 1165} elapsed 1s
Sat Oct  3 00:56:49 2026 1166/4980 {'EXC:BrokenProcessPool': 1166} elapsed 1s
Sat Oct  3 00:56:49 2026 1167/4980 {'EXC:BrokenProcessPool': 1167} elapsed 1s
Sat Oct  3 00:56:49 2026 1168/4980 {'EXC:BrokenProcessPool': 1168} elapsed 1s
Sat Oct  3 00:56:49 2026 1169/4980 {'EXC:BrokenProcessPool': 1169} elapsed 1s
Sat Oct  3 00:56:49 2026 1170/4980 {'EXC:BrokenProcessPool': 1170} elapsed 1s
Sat Oct  3 00:56:49 2026 1171/4980 {'EXC:BrokenProcessPool': 1171} elapsed 1s
Sat Oct  3 00:56:49 2026 1172/4980 {'EXC:BrokenProcessPool': 1172} elapsed 1s
Sat Oct  3 00:56:49 2026 1173/4980 {'EXC:BrokenProcessPool': 1173} elapsed 1s
Sat Oct  3 00:56:49 2026 1174/4980 {'EXC:BrokenProcessPool': 1174} elapsed 1s
Sat Oct  3 00:56:49 2026 1175/4980 {'EXC:BrokenProcessPool': 1175} elapsed 1s
Sat Oct  3 00:56:49 2026 1176/4980 {'EXC:BrokenProcessPool': 1176} elapsed 1s
Sat Oct  3 00:56:49 2026 1177/4980 {'EXC:BrokenProcessPool': 1177} elapsed 1s
Sat Oct  3 00:56:49 2026 1178/4980 {'EXC:BrokenProcessPool': 1178} elapsed 1s
Sat Oct  3 00:56:49 2026 1179/4980 {'EXC:BrokenProcessPool': 1179} elapsed 1s
Sat Oct  3 00:56:49 2026 1180/4980 {'EXC:BrokenProcessPool': 1180} elapsed 1s
Sat Oct  3 00:56:49 2026 1181/4980 {'EXC:BrokenProcessPool': 1181} elapsed 1s
Sat Oct  3 00:56:49 2026 1182/4980 {'EXC:BrokenProcessPool': 1182} elapsed 1s
Sat Oct  3 00:56:49 2026 1183/4980 {'EXC:BrokenProcessPool': 1183} elapsed 1s
Sat Oct  3 00:56:49 2026 1184/4980 {'EXC:BrokenProcessPool': 1184} elapsed 1s
Sat Oct  3 00:56:49 2026 1185/4980 {'EXC:BrokenProcessPool': 1185} elapsed 1s
Sat Oct  3 00:56:49 2026 1186/4980 {'EXC:BrokenProcessPool': 1186} elapsed 1s
Sat Oct  3 00:56:49 2026 1187/4980 {'EXC:BrokenProcessPool': 1187} elapsed 1s
Sat Oct  3 00:56:49 2026 1188/4980 {'EXC:BrokenProcessPool': 1188} elapsed 1s
Sat Oct  3 00:56:49 2026 1189/4980 {'EXC:BrokenProcessPool': 1189} elapsed 1s
Sat Oct  3 00:56:49 2026 1190/4980 {'EXC:BrokenProcessPool': 1190} elapsed 1s
Sat Oct  3 00:56:49 2026 1191/4980 {'EXC:BrokenProcessPool': 1191} elapsed 1s
Sat Oct  3 00:56:49 2026 1192/4980 {'EXC:BrokenProcessPool': 1192} elapsed 1s
Sat Oct  3 00:56:49 2026 1193/4980 {'EXC:BrokenProcessPool': 1193} elapsed 1s
Sat Oct  3 00:56:49 2026 1194/4980 {'EXC:BrokenProcessPool': 1194} elapsed 1s
Sat Oct  3 00:56:49 2026 1195/4980 {'EXC:BrokenProcessPool': 1195} elapsed 1s
Sat Oct  3 00:56:49 2026 1196/4980 {'EXC:BrokenProcessPool': 1196} elapsed 1s
Sat Oct  3 00:56:49 2026 1197/4980 {'EXC:BrokenProcessPool': 1197} elapsed 1s
Sat Oct  3 00:56:49 2026 1198/4980 {'EXC:BrokenProcessPool': 1198} elapsed 1s
Sat Oct  3 00:56:49 2026 1199/4980 {'EXC:BrokenProcessPool': 1199} elapsed 1s
Sat Oct  3 00:56:49 2026 1200/4980 {'EXC:BrokenProcessPool': 1200} elapsed 1s
Sat Oct  3 00:56:49 2026 1201/4980 {'EXC:BrokenProcessPool': 1201} elapsed 1s
Sat Oct  3 00:56:49 2026 1202/4980 {'EXC:BrokenProcessPool': 1202} elapsed 1s
Sat Oct  3 00:56:49 2026 1203/4980 {'EXC:BrokenProcessPool': 1203} elapsed 1s
Sat Oct  3 00:56:49 2026 1204/4980 {'EXC:BrokenProcessPool': 1204} elapsed 1s
Sat Oct  3 00:56:49 2026 1205/4980 {'EXC:BrokenProcessPool': 1205} elapsed 1s
Sat Oct  3 00:56:49 2026 1206/4980 {'EXC:BrokenProcessPool': 1206} elapsed 1s
Sat Oct  3 00:56:49 2026 1207/4980 {'EXC:BrokenProcessPool': 1207} elapsed 1s
Sat Oct  3 00:56:49 2026 1208/4980 {'EXC:BrokenProcessPool': 1208} elapsed 1s
Sat Oct  3 00:56:49 2026 1209/4980 {'EXC:BrokenProcessPool': 1209} elapsed 1s
Sat Oct  3 00:56:49 2026 1210/4980 {'EXC:BrokenProcessPool': 1210} elapsed 1s
Sat Oct  3 00:56:49 2026 1211/4980 {'EXC:BrokenProcessPool': 1211} elapsed 1s
Sat Oct  3 00:56:49 2026 1212/4980 {'EXC:BrokenProcessPool': 1212} elapsed 1s
Sat Oct  3 00:56:49 2026 1213/4980 {'EXC:BrokenProcessPool': 1213} elapsed 1s
Sat Oct  3 00:56:49 2026 1214/4980 {'EXC:BrokenProcessPool': 1214} elapsed 1s
Sat Oct  3 00:56:49 2026 1215/4980 {'EXC:BrokenProcessPool': 1215} elapsed 1s
Sat Oct  3 00:56:49 2026 1216/4980 {'EXC:BrokenProcessPool': 1216} elapsed 1s
Sat Oct  3 00:56:49 2026 1217/4980 {'EXC:BrokenProcessPool': 1217} elapsed 1s
Sat Oct  3 00:56:49 2026 1218/4980 {'EXC:BrokenProcessPool': 1218} elapsed 1s
Sat Oct  3 00:56:49 2026 1219/4980 {'EXC:BrokenProcessPool': 1219} elapsed 1s
Sat Oct  3 00:56:49 2026 1220/4980 {'EXC:BrokenProcessPool': 1220} elapsed 1s
Sat Oct  3 00:56:49 2026 1221/4980 {'EXC:BrokenProcessPool': 1221} elapsed 1s
Sat Oct  3 00:56:49 2026 1222/4980 {'EXC:BrokenProcessPool': 1222} elapsed 1s
Sat Oct  3 00:56:49 2026 1223/4980 {'EXC:BrokenProcessPool': 1223} elapsed 1s
Sat Oct  3 00:56:49 2026 1224/4980 {'EXC:BrokenProcessPool': 1224} elapsed 1s
Sat Oct  3 00:56:49 2026 1225/4980 {'EXC:BrokenProcessPool': 1225} elapsed 1s
Sat Oct  3 00:56:49 2026 1226/4980 {'EXC:BrokenProcessPool': 1226} elapsed 1s
Sat Oct  3 00:56:49 2026 1227/4980 {'EXC:BrokenProcessPool': 1227} elapsed 1s
Sat Oct  3 00:56:49 2026 1228/4980 {'EXC:BrokenProcessPool': 1228} elapsed 1s
Sat Oct  3 00:56:49 2026 1229/4980 {'EXC:BrokenProcessPool': 1229} elapsed 1s
Sat Oct  3 00:56:49 2026 1230/4980 {'EXC:BrokenProcessPool': 1230} elapsed 1s
Sat Oct  3 00:56:49 2026 1231/4980 {'EXC:BrokenProcessPool': 1231} elapsed 1s
Sat Oct  3 00:56:49 2026 1232/4980 {'EXC:BrokenProcessPool': 1232} elapsed 1s
Sat Oct  3 00:56:49 2026 1233/4980 {'EXC:BrokenProcessPool': 1233} elapsed 1s
Sat Oct  3 00:56:49 2026 1234/4980 {'EXC:BrokenProcessPool': 1234} elapsed 1s
Sat Oct  3 00:56:49 2026 1235/4980 {'EXC:BrokenProcessPool': 1235} elapsed 1s
Sat Oct  3 00:56:49 2026 1236/4980 {'EXC:BrokenProcessPool': 1236} elapsed 1s
Sat Oct  3 00:56:49 2026 1237/4980 {'EXC:BrokenProcessPool': 1237} elapsed 1s
Sat Oct  3 00:56:49 2026 1238/4980 {'EXC:BrokenProcessPool': 1238} elapsed 1s
Sat Oct  3 00:56:49 2026 1239/4980 {'EXC:BrokenProcessPool': 1239} elapsed 1s
Sat Oct  3 00:56:49 2026 1240/4980 {'EXC:BrokenProcessPool': 1240} elapsed 1s
Sat Oct  3 00:56:49 2026 1241/4980 {'EXC:BrokenProcessPool': 1241} elapsed 1s
Sat Oct  3 00:56:49 2026 1242/4980 {'EXC:BrokenProcessPool': 1242} elapsed 1s
Sat Oct  3 00:56:49 2026 1243/4980 {'EXC:BrokenProcessPool': 1243} elapsed 1s
Sat Oct  3 00:56:49 2026 1244/4980 {'EXC:BrokenProcessPool': 1244} elapsed 1s
Sat Oct  3 00:56:49 2026 1245/4980 {'EXC:BrokenProcessPool': 1245} elapsed 1s
Sat Oct  3 00:56:49 2026 1246/4980 {'EXC:BrokenProcessPool': 1246} elapsed 1s
Sat Oct  3 00:56:49 2026 1247/4980 {'EXC:BrokenProcessPool': 1247} elapsed 1s
Sat Oct  3 00:56:49 2026 1248/4980 {'EXC:BrokenProcessPool': 1248} elapsed 1s
Sat Oct  3 00:56:49 2026 1249/4980 {'EXC:BrokenProcessPool': 1249} elapsed 1s
Sat Oct  3 00:56:49 2026 1250/4980 {'EXC:BrokenProcessPool': 1250} elapsed 1s
Sat Oct  3 00:56:49 2026 1251/4980 {'EXC:BrokenProcessPool': 1251} elapsed 1s
Sat Oct  3 00:56:49 2026 1252/4980 {'EXC:BrokenProcessPool': 1252} elapsed 1s
Sat Oct  3 00:56:49 2026 1253/4980 {'EXC:BrokenProcessPool': 1253} elapsed 1s
Sat Oct  3 00:56:49 2026 1254/4980 {'EXC:BrokenProcessPool': 1254} elapsed 1s
Sat Oct  3 00:56:49 2026 1255/4980 {'EXC:BrokenProcessPool': 1255} elapsed 1s
Sat Oct  3 00:56:49 2026 1256/4980 {'EXC:BrokenProcessPool': 1256} elapsed 1s
Sat Oct  3 00:56:49 2026 1257/4980 {'EXC:BrokenProcessPool': 1257} elapsed 1s
Sat Oct  3 00:56:49 2026 1258/4980 {'EXC:BrokenProcessPool': 1258} elapsed 1s
Sat Oct  3 00:56:49 2026 1259/4980 {'EXC:BrokenProcessPool': 1259} elapsed 1s
Sat Oct  3 00:56:49 2026 1260/4980 {'EXC:BrokenProcessPool': 1260} elapsed 1s
Sat Oct  3 00:56:49 2026 1261/4980 {'EXC:BrokenProcessPool': 1261} elapsed 1s
Sat Oct  3 00:56:49 2026 1262/4980 {'EXC:BrokenProcessPool': 1262} elapsed 1s
Sat Oct  3 00:56:49 2026 1263/4980 {'EXC:BrokenProcessPool': 1263} elapsed 1s
Sat Oct  3 00:56:49 2026 1264/4980 {'EXC:BrokenProcessPool': 1264} elapsed 1s
Sat Oct  3 00:56:49 2026 1265/4980 {'EXC:BrokenProcessPool': 1265} elapsed 1s
Sat Oct  3 00:56:49 2026 1266/4980 {'EXC:BrokenProcessPool': 1266} elapsed 1s
Sat Oct  3 00:56:49 2026 1267/4980 {'EXC:BrokenProcessPool': 1267} elapsed 1s
Sat Oct  3 00:56:49 2026 1268/4980 {'EXC:BrokenProcessPool': 1268} elapsed 1s
Sat Oct  3 00:56:49 2026 1269/4980 {'EXC:BrokenProcessPool': 1269} elapsed 1s
Sat Oct  3 00:56:49 2026 1270/4980 {'EXC:BrokenProcessPool': 1270} elapsed 1s
Sat Oct  3 00:56:49 2026 1271/4980 {'EXC:BrokenProcessPool': 1271} elapsed 1s
Sat Oct  3 00:56:49 2026 1272/4980 {'EXC:BrokenProcessPool': 1272} elapsed 1s
Sat Oct  3 00:56:49 2026 1273/4980 {'EXC:BrokenProcessPool': 1273} elapsed 1s
Sat Oct  3 00:56:49 2026 1274/4980 {'EXC:BrokenProcessPool': 1274} elapsed 1s
Sat Oct  3 00:56:49 2026 1275/4980 {'EXC:BrokenProcessPool': 1275} elapsed 1s
Sat Oct  3 00:56:49 2026 1276/4980 {'EXC:BrokenProcessPool': 1276} elapsed 1s
Sat Oct  3 00:56:49 2026 1277/4980 {'EXC:BrokenProcessPool': 1277} elapsed 1s
Sat Oct  3 00:56:49 2026 1278/4980 {'EXC:BrokenProcessPool': 1278} elapsed 1s
Sat Oct  3 00:56:49 2026 1279/4980 {'EXC:BrokenProcessPool': 1279} elapsed 1s
Sat Oct  3 00:56:49 2026 1280/4980 {'EXC:BrokenProcessPool': 1280} elapsed 1s
Sat Oct  3 00:56:49 2026 1281/4980 {'EXC:BrokenProcessPool': 1281} elapsed 1s
Sat Oct  3 00:56:49 2026 1282/4980 {'EXC:BrokenProcessPool': 1282} elapsed 1s
Sat Oct  3 00:56:49 2026 1283/4980 {'EXC:BrokenProcessPool': 1283} elapsed 1s
Sat Oct  3 00:56:49 2026 1284/4980 {'EXC:BrokenProcessPool': 1284} elapsed 1s
Sat Oct  3 00:56:49 2026 1285/4980 {'EXC:BrokenProcessPool': 1285} elapsed 1s
Sat Oct  3 00:56:49 2026 1286/4980 {'EXC:BrokenProcessPool': 1286} elapsed 1s
Sat Oct  3 00:56:49 2026 1287/4980 {'EXC:BrokenProcessPool': 1287} elapsed 1s
Sat Oct  3 00:56:49 2026 1288/4980 {'EXC:BrokenProcessPool': 1288} elapsed 1s
Sat Oct  3 00:56:49 2026 1289/4980 {'EXC:BrokenProcessPool': 1289} elapsed 1s
Sat Oct  3 00:56:49 2026 1290/4980 {'EXC:BrokenProcessPool': 1290} elapsed 1s
Sat Oct  3 00:56:49 2026 1291/4980 {'EXC:BrokenProcessPool': 1291} elapsed 1s
Sat Oct  3 00:56:49 2026 1292/4980 {'EXC:BrokenProcessPool': 1292} elapsed 1s
Sat Oct  3 00:56:49 2026 1293/4980 {'EXC:BrokenProcessPool': 1293} elapsed 1s
Sat Oct  3 00:56:49 2026 1294/4980 {'EXC:BrokenProcessPool': 1294} elapsed 1s
Sat Oct  3 00:56:49 2026 1295/4980 {'EXC:BrokenProcessPool': 1295} elapsed 1s
Sat Oct  3 00:56:49 2026 1296/4980 {'EXC:BrokenProcessPool': 1296} elapsed 1s
Sat Oct  3 00:56:49 2026 1297/4980 {'EXC:BrokenProcessPool': 1297} elapsed 1s
Sat Oct  3 00:56:49 2026 1298/4980 {'EXC:BrokenProcessPool': 1298} elapsed 1s
Sat Oct  3 00:56:49 2026 1299/4980 {'EXC:BrokenProcessPool': 1299} elapsed 1s
Sat Oct  3 00:56:49 2026 1300/4980 {'EXC:BrokenProcessPool': 1300} elapsed 1s
Sat Oct  3 00:56:49 2026 1301/4980 {'EXC:BrokenProcessPool': 1301} elapsed 1s
Sat Oct  3 00:56:49 2026 1302/4980 {'EXC:BrokenProcessPool': 1302} elapsed 1s
Sat Oct  3 00:56:49 2026 1303/4980 {'EXC:BrokenProcessPool': 1303} elapsed 1s
Sat Oct  3 00:56:49 2026 1304/4980 {'EXC:BrokenProcessPool': 1304} elapsed 1s
Sat Oct  3 00:56:49 2026 1305/4980 {'EXC:BrokenProcessPool': 1305} elapsed 1s
Sat Oct  3 00:56:49 2026 1306/4980 {'EXC:BrokenProcessPool': 1306} elapsed 1s
Sat Oct  3 00:56:49 2026 1307/4980 {'EXC:BrokenProcessPool': 1307} elapsed 1s
Sat Oct  3 00:56:49 2026 1308/4980 {'EXC:BrokenProcessPool': 1308} elapsed 1s
Sat Oct  3 00:56:49 2026 1309/4980 {'EXC:BrokenProcessPool': 1309} elapsed 1s
Sat Oct  3 00:56:49 2026 1310/4980 {'EXC:BrokenProcessPool': 1310} elapsed 1s
Sat Oct  3 00:56:49 2026 1311/4980 {'EXC:BrokenProcessPool': 1311} elapsed 1s
Sat Oct  3 00:56:49 2026 1312/4980 {'EXC:BrokenProcessPool': 1312} elapsed 1s
Sat Oct  3 00:56:49 2026 1313/4980 {'EXC:BrokenProcessPool': 1313} elapsed 1s
Sat Oct  3 00:56:49 2026 1314/4980 {'EXC:BrokenProcessPool': 1314} elapsed 1s
Sat Oct  3 00:56:49 2026 1315/4980 {'EXC:BrokenProcessPool': 1315} elapsed 1s
Sat Oct  3 00:56:49 2026 1316/4980 {'EXC:BrokenProcessPool': 1316} elapsed 1s
Sat Oct  3 00:56:49 2026 1317/4980 {'EXC:BrokenProcessPool': 1317} elapsed 1s
Sat Oct  3 00:56:49 2026 1318/4980 {'EXC:BrokenProcessPool': 1318} elapsed 1s
Sat Oct  3 00:56:49 2026 1319/4980 {'EXC:BrokenProcessPool': 1319} elapsed 1s
Sat Oct  3 00:56:49 2026 1320/4980 {'EXC:BrokenProcessPool': 1320} elapsed 1s
Sat Oct  3 00:56:49 2026 1321/4980 {'EXC:BrokenProcessPool': 1321} elapsed 1s
Sat Oct  3 00:56:49 2026 1322/4980 {'EXC:BrokenProcessPool': 1322} elapsed 1s
Sat Oct  3 00:56:49 2026 1323/4980 {'EXC:BrokenProcessPool': 1323} elapsed 1s
Sat Oct  3 00:56:49 2026 1324/4980 {'EXC:BrokenProcessPool': 1324} elapsed 1s
Sat Oct  3 00:56:49 2026 1325/4980 {'EXC:BrokenProcessPool': 1325} elapsed 1s
Sat Oct  3 00:56:49 2026 1326/4980 {'EXC:BrokenProcessPool': 1326} elapsed 1s
Sat Oct  3 00:56:49 2026 1327/4980 {'EXC:BrokenProcessPool': 1327} elapsed 1s
Sat Oct  3 00:56:49 2026 1328/4980 {'EXC:BrokenProcessPool': 1328} elapsed 1s
Sat Oct  3 00:56:49 2026 1329/4980 {'EXC:BrokenProcessPool': 1329} elapsed 1s
Sat Oct  3 00:56:49 2026 1330/4980 {'EXC:BrokenProcessPool': 1330} elapsed 1s
Sat Oct  3 00:56:49 2026 1331/4980 {'EXC:BrokenProcessPool': 1331} elapsed 1s
Sat Oct  3 00:56:49 2026 1332/4980 {'EXC:BrokenProcessPool': 1332} elapsed 1s
Sat Oct  3 00:56:49 2026 1333/4980 {'EXC:BrokenProcessPool': 1333} elapsed 1s
Sat Oct  3 00:56:49 2026 1334/4980 {'EXC:BrokenProcessPool': 1334} elapsed 1s
Sat Oct  3 00:56:49 2026 1335/4980 {'EXC:BrokenProcessPool': 1335} elapsed 1s
Sat Oct  3 00:56:49 2026 1336/4980 {'EXC:BrokenProcessPool': 1336} elapsed 1s
Sat Oct  3 00:56:49 2026 1337/4980 {'EXC:BrokenProcessPool': 1337} elapsed 1s
Sat Oct  3 00:56:49 2026 1338/4980 {'EXC:BrokenProcessPool': 1338} elapsed 1s
Sat Oct  3 00:56:49 2026 1339/4980 {'EXC:BrokenProcessPool': 1339} elapsed 1s
Sat Oct  3 00:56:49 2026 1340/4980 {'EXC:BrokenProcessPool': 1340} elapsed 1s
Sat Oct  3 00:56:49 2026 1341/4980 {'EXC:BrokenProcessPool': 1341} elapsed 1s
Sat Oct  3 00:56:49 2026 1342/4980 {'EXC:BrokenProcessPool': 1342} elapsed 1s
Sat Oct  3 00:56:49 2026 1343/4980 {'EXC:BrokenProcessPool': 1343} elapsed 1s
Sat Oct  3 00:56:49 2026 1344/4980 {'EXC:BrokenProcessPool': 1344} elapsed 1s
Sat Oct  3 00:56:49 2026 1345/4980 {'EXC:BrokenProcessPool': 1345} elapsed 1s
Sat Oct  3 00:56:49 2026 1346/4980 {'EXC:BrokenProcessPool': 1346} elapsed 1s
Sat Oct  3 00:56:49 2026 1347/4980 {'EXC:BrokenProcessPool': 1347} elapsed 1s
Sat Oct  3 00:56:49 2026 1348/4980 {'EXC:BrokenProcessPool': 1348} elapsed 1s
Sat Oct  3 00:56:49 2026 1349/4980 {'EXC:BrokenProcessPool': 1349} elapsed 1s
Sat Oct  3 00:56:49 2026 1350/4980 {'EXC:BrokenProcessPool': 1350} elapsed 1s
Sat Oct  3 00:56:49 2026 1351/4980 {'EXC:BrokenProcessPool': 1351} elapsed 1s
Sat Oct  3 00:56:49 2026 1352/4980 {'EXC:BrokenProcessPool': 1352} elapsed 1s
Sat Oct  3 00:56:49 2026 1353/4980 {'EXC:BrokenProcessPool': 1353} elapsed 1s
Sat Oct  3 00:56:49 2026 1354/4980 {'EXC:BrokenProcessPool': 1354} elapsed 1s
Sat Oct  3 00:56:49 2026 1355/4980 {'EXC:BrokenProcessPool': 1355} elapsed 1s
Sat Oct  3 00:56:49 2026 1356/4980 {'EXC:BrokenProcessPool': 1356} elapsed 1s
Sat Oct  3 00:56:49 2026 1357/4980 {'EXC:BrokenProcessPool': 1357} elapsed 1s
Sat Oct  3 00:56:49 2026 1358/4980 {'EXC:BrokenProcessPool': 1358} elapsed 1s
Sat Oct  3 00:56:49 2026 1359/4980 {'EXC:BrokenProcessPool': 1359} elapsed 1s
Sat Oct  3 00:56:49 2026 1360/4980 {'EXC:BrokenProcessPool': 1360} elapsed 1s
Sat Oct  3 00:56:49 2026 1361/4980 {'EXC:BrokenProcessPool': 1361} elapsed 1s
Sat Oct  3 00:56:49 2026 1362/4980 {'EXC:BrokenProcessPool': 1362} elapsed 1s
Sat Oct  3 00:56:49 2026 1363/4980 {'EXC:BrokenProcessPool': 1363} elapsed 1s
Sat Oct  3 00:56:49 2026 1364/4980 {'EXC:BrokenProcessPool': 1364} elapsed 1s
Sat Oct  3 00:56:49 2026 1365/4980 {'EXC:BrokenProcessPool': 1365} elapsed 1s
Sat Oct  3 00:56:49 2026 1366/4980 {'EXC:BrokenProcessPool': 1366} elapsed 1s
Sat Oct  3 00:56:49 2026 1367/4980 {'EXC:BrokenProcessPool': 1367} elapsed 1s
Sat Oct  3 00:56:49 2026 1368/4980 {'EXC:BrokenProcessPool': 1368} elapsed 1s
Sat Oct  3 00:56:49 2026 1369/4980 {'EXC:BrokenProcessPool': 1369} elapsed 1s
Sat Oct  3 00:56:49 2026 1370/4980 {'EXC:BrokenProcessPool': 1370} elapsed 1s
Sat Oct  3 00:56:49 2026 1371/4980 {'EXC:BrokenProcessPool': 1371} elapsed 1s
Sat Oct  3 00:56:49 2026 1372/4980 {'EXC:BrokenProcessPool': 1372} elapsed 1s
Sat Oct  3 00:56:49 2026 1373/4980 {'EXC:BrokenProcessPool': 1373} elapsed 1s
Sat Oct  3 00:56:49 2026 1374/4980 {'EXC:BrokenProcessPool': 1374} elapsed 1s
Sat Oct  3 00:56:49 2026 1375/4980 {'EXC:BrokenProcessPool': 1375} elapsed 1s
Sat Oct  3 00:56:49 2026 1376/4980 {'EXC:BrokenProcessPool': 1376} elapsed 1s
Sat Oct  3 00:56:49 2026 1377/4980 {'EXC:BrokenProcessPool': 1377} elapsed 1s
Sat Oct  3 00:56:49 2026 1378/4980 {'EXC:BrokenProcessPool': 1378} elapsed 1s
Sat Oct  3 00:56:49 2026 1379/4980 {'EXC:BrokenProcessPool': 1379} elapsed 1s
Sat Oct  3 00:56:49 2026 1380/4980 {'EXC:BrokenProcessPool': 1380} elapsed 1s
Sat Oct  3 00:56:49 2026 1381/4980 {'EXC:BrokenProcessPool': 1381} elapsed 1s
Sat Oct  3 00:56:49 2026 1382/4980 {'EXC:BrokenProcessPool': 1382} elapsed 1s
Sat Oct  3 00:56:49 2026 1383/4980 {'EXC:BrokenProcessPool': 1383} elapsed 1s
Sat Oct  3 00:56:49 2026 1384/4980 {'EXC:BrokenProcessPool': 1384} elapsed 1s
Sat Oct  3 00:56:49 2026 1385/4980 {'EXC:BrokenProcessPool': 1385} elapsed 1s
Sat Oct  3 00:56:49 2026 1386/4980 {'EXC:BrokenProcessPool': 1386} elapsed 1s
Sat Oct  3 00:56:49 2026 1387/4980 {'EXC:BrokenProcessPool': 1387} elapsed 1s
Sat Oct  3 00:56:49 2026 1388/4980 {'EXC:BrokenProcessPool': 1388} elapsed 1s
Sat Oct  3 00:56:49 2026 1389/4980 {'EXC:BrokenProcessPool': 1389} elapsed 1s
Sat Oct  3 00:56:49 2026 1390/4980 {'EXC:BrokenProcessPool': 1390} elapsed 1s
Sat Oct  3 00:56:49 2026 1391/4980 {'EXC:BrokenProcessPool': 1391} elapsed 1s
Sat Oct  3 00:56:49 2026 1392/4980 {'EXC:BrokenProcessPool': 1392} elapsed 1s
Sat Oct  3 00:56:49 2026 1393/4980 {'EXC:BrokenProcessPool': 1393} elapsed 1s
Sat Oct  3 00:56:49 2026 1394/4980 {'EXC:BrokenProcessPool': 1394} elapsed 1s
Sat Oct  3 00:56:49 2026 1395/4980 {'EXC:BrokenProcessPool': 1395} elapsed 1s
Sat Oct  3 00:56:49 2026 1396/4980 {'EXC:BrokenProcessPool': 1396} elapsed 1s
Sat Oct  3 00:56:49 2026 1397/4980 {'EXC:BrokenProcessPool': 1397} elapsed 1s
Sat Oct  3 00:56:49 2026 1398/4980 {'EXC:BrokenProcessPool': 1398} elapsed 1s
Sat Oct  3 00:56:49 2026 1399/4980 {'EXC:BrokenProcessPool': 1399} elapsed 1s
Sat Oct  3 00:56:49 2026 1400/4980 {'EXC:BrokenProcessPool': 1400} elapsed 1s
Sat Oct  3 00:56:49 2026 1401/4980 {'EXC:BrokenProcessPool': 1401} elapsed 1s
Sat Oct  3 00:56:49 2026 1402/4980 {'EXC:BrokenProcessPool': 1402} elapsed 1s
Sat Oct  3 00:56:49 2026 1403/4980 {'EXC:BrokenProcessPool': 1403} elapsed 1s
Sat Oct  3 00:56:49 2026 1404/4980 {'EXC:BrokenProcessPool': 1404} elapsed 1s
Sat Oct  3 00:56:49 2026 1405/4980 {'EXC:BrokenProcessPool': 1405} elapsed 1s
Sat Oct  3 00:56:49 2026 1406/4980 {'EXC:BrokenProcessPool': 1406} elapsed 1s
Sat Oct  3 00:56:49 2026 1407/4980 {'EXC:BrokenProcessPool': 1407} elapsed 1s
Sat Oct  3 00:56:49 2026 1408/4980 {'EXC:BrokenProcessPool': 1408} elapsed 1s
Sat Oct  3 00:56:49 2026 1409/4980 {'EXC:BrokenProcessPool': 1409} elapsed 1s
Sat Oct  3 00:56:49 2026 1410/4980 {'EXC:BrokenProcessPool': 1410} elapsed 1s
Sat Oct  3 00:56:49 2026 1411/4980 {'EXC:BrokenProcessPool': 1411} elapsed 1s
Sat Oct  3 00:56:49 2026 1412/4980 {'EXC:BrokenProcessPool': 1412} elapsed 1s
Sat Oct  3 00:56:49 2026 1413/4980 {'EXC:BrokenProcessPool': 1413} elapsed 1s
Sat Oct  3 00:56:49 2026 1414/4980 {'EXC:BrokenProcessPool': 1414} elapsed 1s
Sat Oct  3 00:56:49 2026 1415/4980 {'EXC:BrokenProcessPool': 1415} elapsed 1s
Sat Oct  3 00:56:49 2026 1416/4980 {'EXC:BrokenProcessPool': 1416} elapsed 1s
Sat Oct  3 00:56:49 2026 1417/4980 {'EXC:BrokenProcessPool': 1417} elapsed 1s
Sat Oct  3 00:56:49 2026 1418/4980 {'EXC:BrokenProcessPool': 1418} elapsed 1s
Sat Oct  3 00:56:49 2026 1419/4980 {'EXC:BrokenProcessPool': 1419} elapsed 1s
Sat Oct  3 00:56:49 2026 1420/4980 {'EXC:BrokenProcessPool': 1420} elapsed 1s
Sat Oct  3 00:56:49 2026 1421/4980 {'EXC:BrokenProcessPool': 1421} elapsed 1s
Sat Oct  3 00:56:49 2026 1422/4980 {'EXC:BrokenProcessPool': 1422} elapsed 1s
Sat Oct  3 00:56:49 2026 1423/4980 {'EXC:BrokenProcessPool': 1423} elapsed 1s
Sat Oct  3 00:56:49 2026 1424/4980 {'EXC:BrokenProcessPool': 1424} elapsed 1s
Sat Oct  3 00:56:49 2026 1425/4980 {'EXC:BrokenProcessPool': 1425} elapsed 1s
Sat Oct  3 00:56:49 2026 1426/4980 {'EXC:BrokenProcessPool': 1426} elapsed 1s
Sat Oct  3 00:56:49 2026 1427/4980 {'EXC:BrokenProcessPool': 1427} elapsed 1s
Sat Oct  3 00:56:49 2026 1428/4980 {'EXC:BrokenProcessPool': 1428} elapsed 1s
Sat Oct  3 00:56:49 2026 1429/4980 {'EXC:BrokenProcessPool': 1429} elapsed 1s
Sat Oct  3 00:56:49 2026 1430/4980 {'EXC:BrokenProcessPool': 1430} elapsed 1s
Sat Oct  3 00:56:49 2026 1431/4980 {'EXC:BrokenProcessPool': 1431} elapsed 1s
Sat Oct  3 00:56:49 2026 1432/4980 {'EXC:BrokenProcessPool': 1432} elapsed 1s
Sat Oct  3 00:56:49 2026 1433/4980 {'EXC:BrokenProcessPool': 1433} elapsed 1s
Sat Oct  3 00:56:49 2026 1434/4980 {'EXC:BrokenProcessPool': 1434} elapsed 1s
Sat Oct  3 00:56:49 2026 1435/4980 {'EXC:BrokenProcessPool': 1435} elapsed 1s
Sat Oct  3 00:56:49 2026 1436/4980 {'EXC:BrokenProcessPool': 1436} elapsed 1s
Sat Oct  3 00:56:49 2026 1437/4980 {'EXC:BrokenProcessPool': 1437} elapsed 1s
Sat Oct  3 00:56:49 2026 1438/4980 {'EXC:BrokenProcessPool': 1438} elapsed 1s
Sat Oct  3 00:56:49 2026 1439/4980 {'EXC:BrokenProcessPool': 1439} elapsed 1s
Sat Oct  3 00:56:49 2026 1440/4980 {'EXC:BrokenProcessPool': 1440} elapsed 1s
Sat Oct  3 00:56:49 2026 1441/4980 {'EXC:BrokenProcessPool': 1441} elapsed 1s
Sat Oct  3 00:56:49 2026 1442/4980 {'EXC:BrokenProcessPool': 1442} elapsed 1s
Sat Oct  3 00:56:49 2026 1443/4980 {'EXC:BrokenProcessPool': 1443} elapsed 1s
Sat Oct  3 00:56:49 2026 1444/4980 {'EXC:BrokenProcessPool': 1444} elapsed 1s
Sat Oct  3 00:56:49 2026 1445/4980 {'EXC:BrokenProcessPool': 1445} elapsed 1s
Sat Oct  3 00:56:49 2026 1446/4980 {'EXC:BrokenProcessPool': 1446} elapsed 1s
Sat Oct  3 00:56:49 2026 1447/4980 {'EXC:BrokenProcessPool': 1447} elapsed 1s
Sat Oct  3 00:56:49 2026 1448/4980 {'EXC:BrokenProcessPool': 1448} elapsed 1s
Sat Oct  3 00:56:49 2026 1449/4980 {'EXC:BrokenProcessPool': 1449} elapsed 1s
Sat Oct  3 00:56:49 2026 1450/4980 {'EXC:BrokenProcessPool': 1450} elapsed 1s
Sat Oct  3 00:56:49 2026 1451/4980 {'EXC:BrokenProcessPool': 1451} elapsed 1s
Sat Oct  3 00:56:49 2026 1452/4980 {'EXC:BrokenProcessPool': 1452} elapsed 1s
Sat Oct  3 00:56:49 2026 1453/4980 {'EXC:BrokenProcessPool': 1453} elapsed 1s
Sat Oct  3 00:56:49 2026 1454/4980 {'EXC:BrokenProcessPool': 1454} elapsed 1s
Sat Oct  3 00:56:49 2026 1455/4980 {'EXC:BrokenProcessPool': 1455} elapsed 1s
Sat Oct  3 00:56:49 2026 1456/4980 {'EXC:BrokenProcessPool': 1456} elapsed 1s
Sat Oct  3 00:56:49 2026 1457/4980 {'EXC:BrokenProcessPool': 1457} elapsed 1s
Sat Oct  3 00:56:49 2026 1458/4980 {'EXC:BrokenProcessPool': 1458} elapsed 1s
Sat Oct  3 00:56:49 2026 1459/4980 {'EXC:BrokenProcessPool': 1459} elapsed 1s
Sat Oct  3 00:56:49 2026 1460/4980 {'EXC:BrokenProcessPool': 1460} elapsed 1s
Sat Oct  3 00:56:49 2026 1461/4980 {'EXC:BrokenProcessPool': 1461} elapsed 1s
Sat Oct  3 00:56:49 2026 1462/4980 {'EXC:BrokenProcessPool': 1462} elapsed 1s
Sat Oct  3 00:56:49 2026 1463/4980 {'EXC:BrokenProcessPool': 1463} elapsed 1s
Sat Oct  3 00:56:49 2026 1464/4980 {'EXC:BrokenProcessPool': 1464} elapsed 1s
Sat Oct  3 00:56:49 2026 1465/4980 {'EXC:BrokenProcessPool': 1465} elapsed 1s
Sat Oct  3 00:56:49 2026 1466/4980 {'EXC:BrokenProcessPool': 1466} elapsed 1s
Sat Oct  3 00:56:49 2026 1467/4980 {'EXC:BrokenProcessPool': 1467} elapsed 1s
Sat Oct  3 00:56:49 2026 1468/4980 {'EXC:BrokenProcessPool': 1468} elapsed 1s
Sat Oct  3 00:56:49 2026 1469/4980 {'EXC:BrokenProcessPool': 1469} elapsed 1s
Sat Oct  3 00:56:49 2026 1470/4980 {'EXC:BrokenProcessPool': 1470} elapsed 1s
Sat Oct  3 00:56:49 2026 1471/4980 {'EXC:BrokenProcessPool': 1471} elapsed 1s
Sat Oct  3 00:56:49 2026 1472/4980 {'EXC:BrokenProcessPool': 1472} elapsed 1s
Sat Oct  3 00:56:49 2026 1473/4980 {'EXC:BrokenProcessPool': 1473} elapsed 1s
Sat Oct  3 00:56:49 2026 1474/4980 {'EXC:BrokenProcessPool': 1474} elapsed 1s
Sat Oct  3 00:56:49 2026 1475/4980 {'EXC:BrokenProcessPool': 1475} elapsed 1s
Sat Oct  3 00:56:49 2026 1476/4980 {'EXC:BrokenProcessPool': 1476} elapsed 1s
Sat Oct  3 00:56:49 2026 1477/4980 {'EXC:BrokenProcessPool': 1477} elapsed 1s
Sat Oct  3 00:56:49 2026 1478/4980 {'EXC:BrokenProcessPool': 1478} elapsed 1s
Sat Oct  3 00:56:49 2026 1479/4980 {'EXC:BrokenProcessPool': 1479} elapsed 1s
Sat Oct  3 00:56:49 2026 1480/4980 {'EXC:BrokenProcessPool': 1480} elapsed 1s
Sat Oct  3 00:56:49 2026 1481/4980 {'EXC:BrokenProcessPool': 1481} elapsed 1s
Sat Oct  3 00:56:49 2026 1482/4980 {'EXC:BrokenProcessPool': 1482} elapsed 1s
Sat Oct  3 00:56:49 2026 1483/4980 {'EXC:BrokenProcessPool': 1483} elapsed 1s
Sat Oct  3 00:56:49 2026 1484/4980 {'EXC:BrokenProcessPool': 1484} elapsed 1s
Sat Oct  3 00:56:49 2026 1485/4980 {'EXC:BrokenProcessPool': 1485} elapsed 1s
Sat Oct  3 00:56:49 2026 1486/4980 {'EXC:BrokenProcessPool': 1486} elapsed 1s
Sat Oct  3 00:56:49 2026 1487/4980 {'EXC:BrokenProcessPool': 1487} elapsed 1s
Sat Oct  3 00:56:49 2026 1488/4980 {'EXC:BrokenProcessPool': 1488} elapsed 1s
Sat Oct  3 00:56:49 2026 1489/4980 {'EXC:BrokenProcessPool': 1489} elapsed 1s
Sat Oct  3 00:56:49 2026 1490/4980 {'EXC:BrokenProcessPool': 1490} elapsed 1s
Sat Oct  3 00:56:49 2026 1491/4980 {'EXC:BrokenProcessPool': 1491} elapsed 1s
Sat Oct  3 00:56:49 2026 1492/4980 {'EXC:BrokenProcessPool': 1492} elapsed 1s
Sat Oct  3 00:56:49 2026 1493/4980 {'EXC:BrokenProcessPool': 1493} elapsed 1s
Sat Oct  3 00:56:49 2026 1494/4980 {'EXC:BrokenProcessPool': 1494} elapsed 1s
Sat Oct  3 00:56:49 2026 1495/4980 {'EXC:BrokenProcessPool': 1495} elapsed 1s
Sat Oct  3 00:56:49 2026 1496/4980 {'EXC:BrokenProcessPool': 1496} elapsed 1s
Sat Oct  3 00:56:49 2026 1497/4980 {'EXC:BrokenProcessPool': 1497} elapsed 1s
Sat Oct  3 00:56:49 2026 1498/4980 {'EXC:BrokenProcessPool': 1498} elapsed 1s
Sat Oct  3 00:56:49 2026 1499/4980 {'EXC:BrokenProcessPool': 1499} elapsed 1s
Sat Oct  3 00:56:49 2026 1500/4980 {'EXC:BrokenProcessPool': 1500} elapsed 1s
Sat Oct  3 00:56:49 2026 1501/4980 {'EXC:BrokenProcessPool': 1501} elapsed 1s
Sat Oct  3 00:56:49 2026 1502/4980 {'EXC:BrokenProcessPool': 1502} elapsed 1s
Sat Oct  3 00:56:49 2026 1503/4980 {'EXC:BrokenProcessPool': 1503} elapsed 1s
Sat Oct  3 00:56:49 2026 1504/4980 {'EXC:BrokenProcessPool': 1504} elapsed 1s
Sat Oct  3 00:56:49 2026 1505/4980 {'EXC:BrokenProcessPool': 1505} elapsed 1s
Sat Oct  3 00:56:49 2026 1506/4980 {'EXC:BrokenProcessPool': 1506} elapsed 1s
Sat Oct  3 00:56:49 2026 1507/4980 {'EXC:BrokenProcessPool': 1507} elapsed 1s
Sat Oct  3 00:56:49 2026 1508/4980 {'EXC:BrokenProcessPool': 1508} elapsed 1s
Sat Oct  3 00:56:49 2026 1509/4980 {'EXC:BrokenProcessPool': 1509} elapsed 1s
Sat Oct  3 00:56:49 2026 1510/4980 {'EXC:BrokenProcessPool': 1510} elapsed 1s
Sat Oct  3 00:56:49 2026 1511/4980 {'EXC:BrokenProcessPool': 1511} elapsed 1s
Sat Oct  3 00:56:49 2026 1512/4980 {'EXC:BrokenProcessPool': 1512} elapsed 1s
Sat Oct  3 00:56:49 2026 1513/4980 {'EXC:BrokenProcessPool': 1513} elapsed 1s
Sat Oct  3 00:56:49 2026 1514/4980 {'EXC:BrokenProcessPool': 1514} elapsed 1s
Sat Oct  3 00:56:49 2026 1515/4980 {'EXC:BrokenProcessPool': 1515} elapsed 1s
Sat Oct  3 00:56:49 2026 1516/4980 {'EXC:BrokenProcessPool': 1516} elapsed 1s
Sat Oct  3 00:56:49 2026 1517/4980 {'EXC:BrokenProcessPool': 1517} elapsed 1s
Sat Oct  3 00:56:49 2026 1518/4980 {'EXC:BrokenProcessPool': 1518} elapsed 1s
Sat Oct  3 00:56:49 2026 1519/4980 {'EXC:BrokenProcessPool': 1519} elapsed 1s
Sat Oct  3 00:56:49 2026 1520/4980 {'EXC:BrokenProcessPool': 1520} elapsed 1s
Sat Oct  3 00:56:49 2026 1521/4980 {'EXC:BrokenProcessPool': 1521} elapsed 1s
Sat Oct  3 00:56:49 2026 1522/4980 {'EXC:BrokenProcessPool': 1522} elapsed 1s
Sat Oct  3 00:56:49 2026 1523/4980 {'EXC:BrokenProcessPool': 1523} elapsed 1s
Sat Oct  3 00:56:49 2026 1524/4980 {'EXC:BrokenProcessPool': 1524} elapsed 1s
Sat Oct  3 00:56:49 2026 1525/4980 {'EXC:BrokenProcessPool': 1525} elapsed 1s
Sat Oct  3 00:56:49 2026 1526/4980 {'EXC:BrokenProcessPool': 1526} elapsed 1s
Sat Oct  3 00:56:49 2026 1527/4980 {'EXC:BrokenProcessPool': 1527} elapsed 1s
Sat Oct  3 00:56:49 2026 1528/4980 {'EXC:BrokenProcessPool': 1528} elapsed 1s
Sat Oct  3 00:56:49 2026 1529/4980 {'EXC:BrokenProcessPool': 1529} elapsed 1s
Sat Oct  3 00:56:49 2026 1530/4980 {'EXC:BrokenProcessPool': 1530} elapsed 1s
Sat Oct  3 00:56:49 2026 1531/4980 {'EXC:BrokenProcessPool': 1531} elapsed 1s
Sat Oct  3 00:56:49 2026 1532/4980 {'EXC:BrokenProcessPool': 1532} elapsed 1s
Sat Oct  3 00:56:49 2026 1533/4980 {'EXC:BrokenProcessPool': 1533} elapsed 1s
Sat Oct  3 00:56:49 2026 1534/4980 {'EXC:BrokenProcessPool': 1534} elapsed 1s
Sat Oct  3 00:56:49 2026 1535/4980 {'EXC:BrokenProcessPool': 1535} elapsed 1s
Sat Oct  3 00:56:49 2026 1536/4980 {'EXC:BrokenProcessPool': 1536} elapsed 1s
Sat Oct  3 00:56:49 2026 1537/4980 {'EXC:BrokenProcessPool': 1537} elapsed 1s
Sat Oct  3 00:56:49 2026 1538/4980 {'EXC:BrokenProcessPool': 1538} elapsed 1s
Sat Oct  3 00:56:49 2026 1539/4980 {'EXC:BrokenProcessPool': 1539} elapsed 1s
Sat Oct  3 00:56:49 2026 1540/4980 {'EXC:BrokenProcessPool': 1540} elapsed 1s
Sat Oct  3 00:56:49 2026 1541/4980 {'EXC:BrokenProcessPool': 1541} elapsed 1s
Sat Oct  3 00:56:49 2026 1542/4980 {'EXC:BrokenProcessPool': 1542} elapsed 1s
Sat Oct  3 00:56:49 2026 1543/4980 {'EXC:BrokenProcessPool': 1543} elapsed 1s
Sat Oct  3 00:56:49 2026 1544/4980 {'EXC:BrokenProcessPool': 1544} elapsed 1s
Sat Oct  3 00:56:49 2026 1545/4980 {'EXC:BrokenProcessPool': 1545} elapsed 1s
Sat Oct  3 00:56:49 2026 1546/4980 {'EXC:BrokenProcessPool': 1546} elapsed 1s
Sat Oct  3 00:56:49 2026 1547/4980 {'EXC:BrokenProcessPool': 1547} elapsed 1s
Sat Oct  3 00:56:49 2026 1548/4980 {'EXC:BrokenProcessPool': 1548} elapsed 1s
Sat Oct  3 00:56:49 2026 1549/4980 {'EXC:BrokenProcessPool': 1549} elapsed 1s
Sat Oct  3 00:56:49 2026 1550/4980 {'EXC:BrokenProcessPool': 1550} elapsed 1s
Sat Oct  3 00:56:49 2026 1551/4980 {'EXC:BrokenProcessPool': 1551} elapsed 1s
Sat Oct  3 00:56:49 2026 1552/4980 {'EXC:BrokenProcessPool': 1552} elapsed 1s
Sat Oct  3 00:56:49 2026 1553/4980 {'EXC:BrokenProcessPool': 1553} elapsed 1s
Sat Oct  3 00:56:49 2026 1554/4980 {'EXC:BrokenProcessPool': 1554} elapsed 1s
Sat Oct  3 00:56:49 2026 1555/4980 {'EXC:BrokenProcessPool': 1555} elapsed 1s
Sat Oct  3 00:56:49 2026 1556/4980 {'EXC:BrokenProcessPool': 1556} elapsed 1s
Sat Oct  3 00:56:49 2026 1557/4980 {'EXC:BrokenProcessPool': 1557} elapsed 1s
Sat Oct  3 00:56:49 2026 1558/4980 {'EXC:BrokenProcessPool': 1558} elapsed 1s
Sat Oct  3 00:56:49 2026 1559/4980 {'EXC:BrokenProcessPool': 1559} elapsed 1s
Sat Oct  3 00:56:49 2026 1560/4980 {'EXC:BrokenProcessPool': 1560} elapsed 1s
Sat Oct  3 00:56:49 2026 1561/4980 {'EXC:BrokenProcessPool': 1561} elapsed 1s
Sat Oct  3 00:56:49 2026 1562/4980 {'EXC:BrokenProcessPool': 1562} elapsed 1s
Sat Oct  3 00:56:49 2026 1563/4980 {'EXC:BrokenProcessPool': 1563} elapsed 1s
Sat Oct  3 00:56:49 2026 1564/4980 {'EXC:BrokenProcessPool': 1564} elapsed 1s
Sat Oct  3 00:56:49 2026 1565/4980 {'EXC:BrokenProcessPool': 1565} elapsed 1s
Sat Oct  3 00:56:49 2026 1566/4980 {'EXC:BrokenProcessPool': 1566} elapsed 1s
Sat Oct  3 00:56:49 2026 1567/4980 {'EXC:BrokenProcessPool': 1567} elapsed 1s
Sat Oct  3 00:56:49 2026 1568/4980 {'EXC:BrokenProcessPool': 1568} elapsed 1s
Sat Oct  3 00:56:49 2026 1569/4980 {'EXC:BrokenProcessPool': 1569} elapsed 1s
Sat Oct  3 00:56:49 2026 1570/4980 {'EXC:BrokenProcessPool': 1570} elapsed 1s
Sat Oct  3 00:56:49 2026 1571/4980 {'EXC:BrokenProcessPool': 1571} elapsed 1s
Sat Oct  3 00:56:49 2026 1572/4980 {'EXC:BrokenProcessPool': 1572} elapsed 1s
Sat Oct  3 00:56:49 2026 1573/4980 {'EXC:BrokenProcessPool': 1573} elapsed 1s
Sat Oct  3 00:56:49 2026 1574/4980 {'EXC:BrokenProcessPool': 1574} elapsed 1s
Sat Oct  3 00:56:49 2026 1575/4980 {'EXC:BrokenProcessPool': 1575} elapsed 1s
Sat Oct  3 00:56:49 2026 1576/4980 {'EXC:BrokenProcessPool': 1576} elapsed 1s
Sat Oct  3 00:56:49 2026 1577/4980 {'EXC:BrokenProcessPool': 1577} elapsed 1s
Sat Oct  3 00:56:49 2026 1578/4980 {'EXC:BrokenProcessPool': 1578} elapsed 1s
Sat Oct  3 00:56:49 2026 1579/4980 {'EXC:BrokenProcessPool': 1579} elapsed 1s
Sat Oct  3 00:56:49 2026 1580/4980 {'EXC:BrokenProcessPool': 1580} elapsed 1s
Sat Oct  3 00:56:49 2026 1581/4980 {'EXC:BrokenProcessPool': 1581} elapsed 1s
Sat Oct  3 00:56:49 2026 1582/4980 {'EXC:BrokenProcessPool': 1582} elapsed 1s
Sat Oct  3 00:56:49 2026 1583/4980 {'EXC:BrokenProcessPool': 1583} elapsed 1s
Sat Oct  3 00:56:49 2026 1584/4980 {'EXC:BrokenProcessPool': 1584} elapsed 1s
Sat Oct  3 00:56:49 2026 1585/4980 {'EXC:BrokenProcessPool': 1585} elapsed 1s
Sat Oct  3 00:56:49 2026 1586/4980 {'EXC:BrokenProcessPool': 1586} elapsed 1s
Sat Oct  3 00:56:49 2026 1587/4980 {'EXC:BrokenProcessPool': 1587} elapsed 1s
Sat Oct  3 00:56:49 2026 1588/4980 {'EXC:BrokenProcessPool': 1588} elapsed 1s
Sat Oct  3 00:56:49 2026 1589/4980 {'EXC:BrokenProcessPool': 1589} elapsed 1s
Sat Oct  3 00:56:49 2026 1590/4980 {'EXC:BrokenProcessPool': 1590} elapsed 1s
Sat Oct  3 00:56:49 2026 1591/4980 {'EXC:BrokenProcessPool': 1591} elapsed 1s
Sat Oct  3 00:56:49 2026 1592/4980 {'EXC:BrokenProcessPool': 1592} elapsed 1s
Sat Oct  3 00:56:49 2026 1593/4980 {'EXC:BrokenProcessPool': 1593} elapsed 1s
Sat Oct  3 00:56:49 2026 1594/4980 {'EXC:BrokenProcessPool': 1594} elapsed 1s
Sat Oct  3 00:56:49 2026 1595/4980 {'EXC:BrokenProcessPool': 1595} elapsed 1s
Sat Oct  3 00:56:49 2026 1596/4980 {'EXC:BrokenProcessPool': 1596} elapsed 1s
Sat Oct  3 00:56:49 2026 1597/4980 {'EXC:BrokenProcessPool': 1597} elapsed 1s
Sat Oct  3 00:56:49 2026 1598/4980 {'EXC:BrokenProcessPool': 1598} elapsed 1s
Sat Oct  3 00:56:49 2026 1599/4980 {'EXC:BrokenProcessPool': 1599} elapsed 1s
Sat Oct  3 00:56:49 2026 1600/4980 {'EXC:BrokenProcessPool': 1600} elapsed 1s
Sat Oct  3 00:56:49 2026 1601/4980 {'EXC:BrokenProcessPool': 1601} elapsed 1s
Sat Oct  3 00:56:49 2026 1602/4980 {'EXC:BrokenProcessPool': 1602} elapsed 1s
Sat Oct  3 00:56:49 2026 1603/4980 {'EXC:BrokenProcessPool': 1603} elapsed 1s
Sat Oct  3 00:56:49 2026 1604/4980 {'EXC:BrokenProcessPool': 1604} elapsed 1s
Sat Oct  3 00:56:49 2026 1605/4980 {'EXC:BrokenProcessPool': 1605} elapsed 1s
Sat Oct  3 00:56:49 2026 1606/4980 {'EXC:BrokenProcessPool': 1606} elapsed 1s
Sat Oct  3 00:56:49 2026 1607/4980 {'EXC:BrokenProcessPool': 1607} elapsed 1s
Sat Oct  3 00:56:49 2026 1608/4980 {'EXC:BrokenProcessPool': 1608} elapsed 1s
Sat Oct  3 00:56:49 2026 1609/4980 {'EXC:BrokenProcessPool': 1609} elapsed 1s
Sat Oct  3 00:56:49 2026 1610/4980 {'EXC:BrokenProcessPool': 1610} elapsed 1s
Sat Oct  3 00:56:49 2026 1611/4980 {'EXC:BrokenProcessPool': 1611} elapsed 1s
Sat Oct  3 00:56:49 2026 1612/4980 {'EXC:BrokenProcessPool': 1612} elapsed 1s
Sat Oct  3 00:56:49 2026 1613/4980 {'EXC:BrokenProcessPool': 1613} elapsed 1s
Sat Oct  3 00:56:49 2026 1614/4980 {'EXC:BrokenProcessPool': 1614} elapsed 1s
Sat Oct  3 00:56:49 2026 1615/4980 {'EXC:BrokenProcessPool': 1615} elapsed 1s
Sat Oct  3 00:56:49 2026 1616/4980 {'EXC:BrokenProcessPool': 1616} elapsed 1s
Sat Oct  3 00:56:49 2026 1617/4980 {'EXC:BrokenProcessPool': 1617} elapsed 1s
Sat Oct  3 00:56:49 2026 1618/4980 {'EXC:BrokenProcessPool': 1618} elapsed 1s
Sat Oct  3 00:56:49 2026 1619/4980 {'EXC:BrokenProcessPool': 1619} elapsed 1s
Sat Oct  3 00:56:49 2026 1620/4980 {'EXC:BrokenProcessPool': 1620} elapsed 1s
Sat Oct  3 00:56:49 2026 1621/4980 {'EXC:BrokenProcessPool': 1621} elapsed 1s
Sat Oct  3 00:56:49 2026 1622/4980 {'EXC:BrokenProcessPool': 1622} elapsed 1s
Sat Oct  3 00:56:49 2026 1623/4980 {'EXC:BrokenProcessPool': 1623} elapsed 1s
Sat Oct  3 00:56:49 2026 1624/4980 {'EXC:BrokenProcessPool': 1624} elapsed 1s
Sat Oct  3 00:56:49 2026 1625/4980 {'EXC:BrokenProcessPool': 1625} elapsed 1s
Sat Oct  3 00:56:49 2026 1626/4980 {'EXC:BrokenProcessPool': 1626} elapsed 1s
Sat Oct  3 00:56:49 2026 1627/4980 {'EXC:BrokenProcessPool': 1627} elapsed 1s
Sat Oct  3 00:56:49 2026 1628/4980 {'EXC:BrokenProcessPool': 1628} elapsed 1s
Sat Oct  3 00:56:49 2026 1629/4980 {'EXC:BrokenProcessPool': 1629} elapsed 1s
Sat Oct  3 00:56:49 2026 1630/4980 {'EXC:BrokenProcessPool': 1630} elapsed 1s
Sat Oct  3 00:56:49 2026 1631/4980 {'EXC:BrokenProcessPool': 1631} elapsed 1s
Sat Oct  3 00:56:49 2026 1632/4980 {'EXC:BrokenProcessPool': 1632} elapsed 1s
Sat Oct  3 00:56:49 2026 1633/4980 {'EXC:BrokenProcessPool': 1633} elapsed 1s
Sat Oct  3 00:56:49 2026 1634/4980 {'EXC:BrokenProcessPool': 1634} elapsed 1s
Sat Oct  3 00:56:49 2026 1635/4980 {'EXC:BrokenProcessPool': 1635} elapsed 1s
Sat Oct  3 00:56:49 2026 1636/4980 {'EXC:BrokenProcessPool': 1636} elapsed 1s
Sat Oct  3 00:56:49 2026 1637/4980 {'EXC:BrokenProcessPool': 1637} elapsed 1s
Sat Oct  3 00:56:49 2026 1638/4980 {'EXC:BrokenProcessPool': 1638} elapsed 1s
Sat Oct  3 00:56:49 2026 1639/4980 {'EXC:BrokenProcessPool': 1639} elapsed 1s
Sat Oct  3 00:56:49 2026 1640/4980 {'EXC:BrokenProcessPool': 1640} elapsed 1s
Sat Oct  3 00:56:49 2026 1641/4980 {'EXC:BrokenProcessPool': 1641} elapsed 1s
Sat Oct  3 00:56:49 2026 1642/4980 {'EXC:BrokenProcessPool': 1642} elapsed 1s
Sat Oct  3 00:56:49 2026 1643/4980 {'EXC:BrokenProcessPool': 1643} elapsed 1s
Sat Oct  3 00:56:49 2026 1644/4980 {'EXC:BrokenProcessPool': 1644} elapsed 1s
Sat Oct  3 00:56:49 2026 1645/4980 {'EXC:BrokenProcessPool': 1645} elapsed 1s
Sat Oct  3 00:56:49 2026 1646/4980 {'EXC:BrokenProcessPool': 1646} elapsed 1s
Sat Oct  3 00:56:49 2026 1647/4980 {'EXC:BrokenProcessPool': 1647} elapsed 1s
Sat Oct  3 00:56:49 2026 1648/4980 {'EXC:BrokenProcessPool': 1648} elapsed 1s
Sat Oct  3 00:56:49 2026 1649/4980 {'EXC:BrokenProcessPool': 1649} elapsed 1s
Sat Oct  3 00:56:49 2026 1650/4980 {'EXC:BrokenProcessPool': 1650} elapsed 1s
Sat Oct  3 00:56:49 2026 1651/4980 {'EXC:BrokenProcessPool': 1651} elapsed 1s
Sat Oct  3 00:56:49 2026 1652/4980 {'EXC:BrokenProcessPool': 1652} elapsed 1s
Sat Oct  3 00:56:49 2026 1653/4980 {'EXC:BrokenProcessPool': 1653} elapsed 1s
Sat Oct  3 00:56:49 2026 1654/4980 {'EXC:BrokenProcessPool': 1654} elapsed 1s
Sat Oct  3 00:56:49 2026 1655/4980 {'EXC:BrokenProcessPool': 1655} elapsed 1s
Sat Oct  3 00:56:49 2026 1656/4980 {'EXC:BrokenProcessPool': 1656} elapsed 1s
Sat Oct  3 00:56:49 2026 1657/4980 {'EXC:BrokenProcessPool': 1657} elapsed 1s
Sat Oct  3 00:56:49 2026 1658/4980 {'EXC:BrokenProcessPool': 1658} elapsed 1s
Sat Oct  3 00:56:49 2026 1659/4980 {'EXC:BrokenProcessPool': 1659} elapsed 1s
Sat Oct  3 00:56:49 2026 1660/4980 {'EXC:BrokenProcessPool': 1660} elapsed 1s
Sat Oct  3 00:56:49 2026 1661/4980 {'EXC:BrokenProcessPool': 1661} elapsed 1s
Sat Oct  3 00:56:49 2026 1662/4980 {'EXC:BrokenProcessPool': 1662} elapsed 1s
Sat Oct  3 00:56:49 2026 1663/4980 {'EXC:BrokenProcessPool': 1663} elapsed 1s
Sat Oct  3 00:56:49 2026 1664/4980 {'EXC:BrokenProcessPool': 1664} elapsed 1s
Sat Oct  3 00:56:49 2026 1665/4980 {'EXC:BrokenProcessPool': 1665} elapsed 1s
Sat Oct  3 00:56:49 2026 1666/4980 {'EXC:BrokenProcessPool': 1666} elapsed 1s
Sat Oct  3 00:56:49 2026 1667/4980 {'EXC:BrokenProcessPool': 1667} elapsed 1s
Sat Oct  3 00:56:49 2026 1668/4980 {'EXC:BrokenProcessPool': 1668} elapsed 1s
Sat Oct  3 00:56:49 2026 1669/4980 {'EXC:BrokenProcessPool': 1669} elapsed 1s
Sat Oct  3 00:56:49 2026 1670/4980 {'EXC:BrokenProcessPool': 1670} elapsed 1s
Sat Oct  3 00:56:49 2026 1671/4980 {'EXC:BrokenProcessPool': 1671} elapsed 1s
Sat Oct  3 00:56:49 2026 1672/4980 {'EXC:BrokenProcessPool': 1672} elapsed 1s
Sat Oct  3 00:56:49 2026 1673/4980 {'EXC:BrokenProcessPool': 1673} elapsed 1s
Sat Oct  3 00:56:49 2026 1674/4980 {'EXC:BrokenProcessPool': 1674} elapsed 1s
Sat Oct  3 00:56:49 2026 1675/4980 {'EXC:BrokenProcessPool': 1675} elapsed 1s
Sat Oct  3 00:56:49 2026 1676/4980 {'EXC:BrokenProcessPool': 1676} elapsed 1s
Sat Oct  3 00:56:49 2026 1677/4980 {'EXC:BrokenProcessPool': 1677} elapsed 1s
Sat Oct  3 00:56:49 2026 1678/4980 {'EXC:BrokenProcessPool': 1678} elapsed 1s
Sat Oct  3 00:56:49 2026 1679/4980 {'EXC:BrokenProcessPool': 1679} elapsed 1s
Sat Oct  3 00:56:49 2026 1680/4980 {'EXC:BrokenProcessPool': 1680} elapsed 1s
Sat Oct  3 00:56:49 2026 1681/4980 {'EXC:BrokenProcessPool': 1681} elapsed 1s
Sat Oct  3 00:56:49 2026 1682/4980 {'EXC:BrokenProcessPool': 1682} elapsed 1s
Sat Oct  3 00:56:49 2026 1683/4980 {'EXC:BrokenProcessPool': 1683} elapsed 1s
Sat Oct  3 00:56:49 2026 1684/4980 {'EXC:BrokenProcessPool': 1684} elapsed 1s
Sat Oct  3 00:56:49 2026 1685/4980 {'EXC:BrokenProcessPool': 1685} elapsed 1s
Sat Oct  3 00:56:49 2026 1686/4980 {'EXC:BrokenProcessPool': 1686} elapsed 1s
Sat Oct  3 00:56:49 2026 1687/4980 {'EXC:BrokenProcessPool': 1687} elapsed 1s
Sat Oct  3 00:56:49 2026 1688/4980 {'EXC:BrokenProcessPool': 1688} elapsed 1s
Sat Oct  3 00:56:49 2026 1689/4980 {'EXC:BrokenProcessPool': 1689} elapsed 1s
Sat Oct  3 00:56:49 2026 1690/4980 {'EXC:BrokenProcessPool': 1690} elapsed 1s
Sat Oct  3 00:56:49 2026 1691/4980 {'EXC:BrokenProcessPool': 1691} elapsed 1s
Sat Oct  3 00:56:49 2026 1692/4980 {'EXC:BrokenProcessPool': 1692} elapsed 1s
Sat Oct  3 00:56:49 2026 1693/4980 {'EXC:BrokenProcessPool': 1693} elapsed 1s
Sat Oct  3 00:56:49 2026 1694/4980 {'EXC:BrokenProcessPool': 1694} elapsed 1s
Sat Oct  3 00:56:49 2026 1695/4980 {'EXC:BrokenProcessPool': 1695} elapsed 1s
Sat Oct  3 00:56:49 2026 1696/4980 {'EXC:BrokenProcessPool': 1696} elapsed 1s
Sat Oct  3 00:56:49 2026 1697/4980 {'EXC:BrokenProcessPool': 1697} elapsed 1s
Sat Oct  3 00:56:49 2026 1698/4980 {'EXC:BrokenProcessPool': 1698} elapsed 1s
Sat Oct  3 00:56:49 2026 1699/4980 {'EXC:BrokenProcessPool': 1699} elapsed 1s
Sat Oct  3 00:56:49 2026 1700/4980 {'EXC:BrokenProcessPool': 1700} elapsed 1s
Sat Oct  3 00:56:49 2026 1701/4980 {'EXC:BrokenProcessPool': 1701} elapsed 1s
Sat Oct  3 00:56:49 2026 1702/4980 {'EXC:BrokenProcessPool': 1702} elapsed 1s
Sat Oct  3 00:56:49 2026 1703/4980 {'EXC:BrokenProcessPool': 1703} elapsed 1s
Sat Oct  3 00:56:49 2026 1704/4980 {'EXC:BrokenProcessPool': 1704} elapsed 1s
Sat Oct  3 00:56:49 2026 1705/4980 {'EXC:BrokenProcessPool': 1705} elapsed 1s
Sat Oct  3 00:56:49 2026 1706/4980 {'EXC:BrokenProcessPool': 1706} elapsed 1s
Sat Oct  3 00:56:49 2026 1707/4980 {'EXC:BrokenProcessPool': 1707} elapsed 1s
Sat Oct  3 00:56:49 2026 1708/4980 {'EXC:BrokenProcessPool': 1708} elapsed 1s
Sat Oct  3 00:56:49 2026 1709/4980 {'EXC:BrokenProcessPool': 1709} elapsed 1s
Sat Oct  3 00:56:49 2026 1710/4980 {'EXC:BrokenProcessPool': 1710} elapsed 1s
Sat Oct  3 00:56:49 2026 1711/4980 {'EXC:BrokenProcessPool': 1711} elapsed 1s
Sat Oct  3 00:56:49 2026 1712/4980 {'EXC:BrokenProcessPool': 1712} elapsed 1s
Sat Oct  3 00:56:49 2026 1713/4980 {'EXC:BrokenProcessPool': 1713} elapsed 1s
Sat Oct  3 00:56:49 2026 1714/4980 {'EXC:BrokenProcessPool': 1714} elapsed 1s
Sat Oct  3 00:56:49 2026 1715/4980 {'EXC:BrokenProcessPool': 1715} elapsed 1s
Sat Oct  3 00:56:49 2026 1716/4980 {'EXC:BrokenProcessPool': 1716} elapsed 1s
Sat Oct  3 00:56:49 2026 1717/4980 {'EXC:BrokenProcessPool': 1717} elapsed 1s
Sat Oct  3 00:56:49 2026 1718/4980 {'EXC:BrokenProcessPool': 1718} elapsed 1s
Sat Oct  3 00:56:49 2026 1719/4980 {'EXC:BrokenProcessPool': 1719} elapsed 1s
Sat Oct  3 00:56:49 2026 1720/4980 {'EXC:BrokenProcessPool': 1720} elapsed 1s
Sat Oct  3 00:56:49 2026 1721/4980 {'EXC:BrokenProcessPool': 1721} elapsed 1s
Sat Oct  3 00:56:49 2026 1722/4980 {'EXC:BrokenProcessPool': 1722} elapsed 1s
Sat Oct  3 00:56:49 2026 1723/4980 {'EXC:BrokenProcessPool': 1723} elapsed 1s
Sat Oct  3 00:56:49 2026 1724/4980 {'EXC:BrokenProcessPool': 1724} elapsed 1s
Sat Oct  3 00:56:49 2026 1725/4980 {'EXC:BrokenProcessPool': 1725} elapsed 1s
Sat Oct  3 00:56:49 2026 1726/4980 {'EXC:BrokenProcessPool': 1726} elapsed 1s
Sat Oct  3 00:56:49 2026 1727/4980 {'EXC:BrokenProcessPool': 1727} elapsed 1s
Sat Oct  3 00:56:49 2026 1728/4980 {'EXC:BrokenProcessPool': 1728} elapsed 1s
Sat Oct  3 00:56:49 2026 1729/4980 {'EXC:BrokenProcessPool': 1729} elapsed 1s
Sat Oct  3 00:56:49 2026 1730/4980 {'EXC:BrokenProcessPool': 1730} elapsed 1s
Sat Oct  3 00:56:49 2026 1731/4980 {'EXC:BrokenProcessPool': 1731} elapsed 1s
Sat Oct  3 00:56:49 2026 1732/4980 {'EXC:BrokenProcessPool': 1732} elapsed 1s
Sat Oct  3 00:56:49 2026 1733/4980 {'EXC:BrokenProcessPool': 1733} elapsed 1s
Sat Oct  3 00:56:49 2026 1734/4980 {'EXC:BrokenProcessPool': 1734} elapsed 1s
Sat Oct  3 00:56:49 2026 1735/4980 {'EXC:BrokenProcessPool': 1735} elapsed 1s
Sat Oct  3 00:56:49 2026 1736/4980 {'EXC:BrokenProcessPool': 1736} elapsed 1s
Sat Oct  3 00:56:49 2026 1737/4980 {'EXC:BrokenProcessPool': 1737} elapsed 1s
Sat Oct  3 00:56:49 2026 1738/4980 {'EXC:BrokenProcessPool': 1738} elapsed 1s
Sat Oct  3 00:56:49 2026 1739/4980 {'EXC:BrokenProcessPool': 1739} elapsed 1s
Sat Oct  3 00:56:49 2026 1740/4980 {'EXC:BrokenProcessPool': 1740} elapsed 1s
Sat Oct  3 00:56:49 2026 1741/4980 {'EXC:BrokenProcessPool': 1741} elapsed 1s
Sat Oct  3 00:56:49 2026 1742/4980 {'EXC:BrokenProcessPool': 1742} elapsed 1s
Sat Oct  3 00:56:49 2026 1743/4980 {'EXC:BrokenProcessPool': 1743} elapsed 1s
Sat Oct  3 00:56:49 2026 1744/4980 {'EXC:BrokenProcessPool': 1744} elapsed 1s
Sat Oct  3 00:56:49 2026 1745/4980 {'EXC:BrokenProcessPool': 1745} elapsed 1s
Sat Oct  3 00:56:49 2026 1746/4980 {'EXC:BrokenProcessPool': 1746} elapsed 1s
Sat Oct  3 00:56:49 2026 1747/4980 {'EXC:BrokenProcessPool': 1747} elapsed 1s
Sat Oct  3 00:56:49 2026 1748/4980 {'EXC:BrokenProcessPool': 1748} elapsed 1s
Sat Oct  3 00:56:49 2026 1749/4980 {'EXC:BrokenProcessPool': 1749} elapsed 1s
Sat Oct  3 00:56:49 2026 1750/4980 {'EXC:BrokenProcessPool': 1750} elapsed 1s
Sat Oct  3 00:56:49 2026 1751/4980 {'EXC:BrokenProcessPool': 1751} elapsed 1s
Sat Oct  3 00:56:49 2026 1752/4980 {'EXC:BrokenProcessPool': 1752} elapsed 1s
Sat Oct  3 00:56:49 2026 1753/4980 {'EXC:BrokenProcessPool': 1753} elapsed 1s
Sat Oct  3 00:56:49 2026 1754/4980 {'EXC:BrokenProcessPool': 1754} elapsed 1s
Sat Oct  3 00:56:49 2026 1755/4980 {'EXC:BrokenProcessPool': 1755} elapsed 1s
Sat Oct  3 00:56:49 2026 1756/4980 {'EXC:BrokenProcessPool': 1756} elapsed 1s
Sat Oct  3 00:56:49 2026 1757/4980 {'EXC:BrokenProcessPool': 1757} elapsed 1s
Sat Oct  3 00:56:49 2026 1758/4980 {'EXC:BrokenProcessPool': 1758} elapsed 1s
Sat Oct  3 00:56:49 2026 1759/4980 {'EXC:BrokenProcessPool': 1759} elapsed 1s
Sat Oct  3 00:56:49 2026 1760/4980 {'EXC:BrokenProcessPool': 1760} elapsed 1s
Sat Oct  3 00:56:49 2026 1761/4980 {'EXC:BrokenProcessPool': 1761} elapsed 1s
Sat Oct  3 00:56:49 2026 1762/4980 {'EXC:BrokenProcessPool': 1762} elapsed 1s
Sat Oct  3 00:56:49 2026 1763/4980 {'EXC:BrokenProcessPool': 1763} elapsed 1s
Sat Oct  3 00:56:49 2026 1764/4980 {'EXC:BrokenProcessPool': 1764} elapsed 1s
Sat Oct  3 00:56:49 2026 1765/4980 {'EXC:BrokenProcessPool': 1765} elapsed 1s
Sat Oct  3 00:56:49 2026 1766/4980 {'EXC:BrokenProcessPool': 1766} elapsed 1s
Sat Oct  3 00:56:49 2026 1767/4980 {'EXC:BrokenProcessPool': 1767} elapsed 1s
Sat Oct  3 00:56:49 2026 1768/4980 {'EXC:BrokenProcessPool': 1768} elapsed 1s
Sat Oct  3 00:56:49 2026 1769/4980 {'EXC:BrokenProcessPool': 1769} elapsed 1s
Sat Oct  3 00:56:49 2026 1770/4980 {'EXC:BrokenProcessPool': 1770} elapsed 1s
Sat Oct  3 00:56:49 2026 1771/4980 {'EXC:BrokenProcessPool': 1771} elapsed 1s
Sat Oct  3 00:56:49 2026 1772/4980 {'EXC:BrokenProcessPool': 1772} elapsed 1s
Sat Oct  3 00:56:49 2026 1773/4980 {'EXC:BrokenProcessPool': 1773} elapsed 1s
Sat Oct  3 00:56:49 2026 1774/4980 {'EXC:BrokenProcessPool': 1774} elapsed 1s
Sat Oct  3 00:56:49 2026 1775/4980 {'EXC:BrokenProcessPool': 1775} elapsed 1s
Sat Oct  3 00:56:49 2026 1776/4980 {'EXC:BrokenProcessPool': 1776} elapsed 1s
Sat Oct  3 00:56:49 2026 1777/4980 {'EXC:BrokenProcessPool': 1777} elapsed 1s
Sat Oct  3 00:56:49 2026 1778/4980 {'EXC:BrokenProcessPool': 1778} elapsed 1s
Sat Oct  3 00:56:49 2026 1779/4980 {'EXC:BrokenProcessPool': 1779} elapsed 1s
Sat Oct  3 00:56:49 2026 1780/4980 {'EXC:BrokenProcessPool': 1780} elapsed 1s
Sat Oct  3 00:56:49 2026 1781/4980 {'EXC:BrokenProcessPool': 1781} elapsed 1s
Sat Oct  3 00:56:49 2026 1782/4980 {'EXC:BrokenProcessPool': 1782} elapsed 1s
Sat Oct  3 00:56:49 2026 1783/4980 {'EXC:BrokenProcessPool': 1783} elapsed 1s
Sat Oct  3 00:56:49 2026 1784/4980 {'EXC:BrokenProcessPool': 1784} elapsed 1s
Sat Oct  3 00:56:49 2026 1785/4980 {'EXC:BrokenProcessPool': 1785} elapsed 1s
Sat Oct  3 00:56:49 2026 1786/4980 {'EXC:BrokenProcessPool': 1786} elapsed 1s
Sat Oct  3 00:56:49 2026 1787/4980 {'EXC:BrokenProcessPool': 1787} elapsed 1s
Sat Oct  3 00:56:49 2026 1788/4980 {'EXC:BrokenProcessPool': 1788} elapsed 1s
Sat Oct  3 00:56:49 2026 1789/4980 {'EXC:BrokenProcessPool': 1789} elapsed 1s
Sat Oct  3 00:56:49 2026 1790/4980 {'EXC:BrokenProcessPool': 1790} elapsed 1s
Sat Oct  3 00:56:49 2026 1791/4980 {'EXC:BrokenProcessPool': 1791} elapsed 1s
Sat Oct  3 00:56:49 2026 1792/4980 {'EXC:BrokenProcessPool': 1792} elapsed 1s
Sat Oct  3 00:56:49 2026 1793/4980 {'EXC:BrokenProcessPool': 1793} elapsed 1s
Sat Oct  3 00:56:49 2026 1794/4980 {'EXC:BrokenProcessPool': 1794} elapsed 1s
Sat Oct  3 00:56:49 2026 1795/4980 {'EXC:BrokenProcessPool': 1795} elapsed 1s
Sat Oct  3 00:56:49 2026 1796/4980 {'EXC:BrokenProcessPool': 1796} elapsed 1s
Sat Oct  3 00:56:49 2026 1797/4980 {'EXC:BrokenProcessPool': 1797} elapsed 1s
Sat Oct  3 00:56:49 2026 1798/4980 {'EXC:BrokenProcessPool': 1798} elapsed 1s
Sat Oct  3 00:56:49 2026 1799/4980 {'EXC:BrokenProcessPool': 1799} elapsed 1s
Sat Oct  3 00:56:49 2026 1800/4980 {'EXC:BrokenProcessPool': 1800} elapsed 1s
Sat Oct  3 00:56:49 2026 1801/4980 {'EXC:BrokenProcessPool': 1801} elapsed 1s
Sat Oct  3 00:56:49 2026 1802/4980 {'EXC:BrokenProcessPool': 1802} elapsed 1s
Sat Oct  3 00:56:49 2026 1803/4980 {'EXC:BrokenProcessPool': 1803} elapsed 1s
Sat Oct  3 00:56:49 2026 1804/4980 {'EXC:BrokenProcessPool': 1804} elapsed 1s
Sat Oct  3 00:56:49 2026 1805/4980 {'EXC:BrokenProcessPool': 1805} elapsed 1s
Sat Oct  3 00:56:49 2026 1806/4980 {'EXC:BrokenProcessPool': 1806} elapsed 1s
Sat Oct  3 00:56:49 2026 1807/4980 {'EXC:BrokenProcessPool': 1807} elapsed 1s
Sat Oct  3 00:56:49 2026 1808/4980 {'EXC:BrokenProcessPool': 1808} elapsed 1s
Sat Oct  3 00:56:49 2026 1809/4980 {'EXC:BrokenProcessPool': 1809} elapsed 1s
Sat Oct  3 00:56:49 2026 1810/4980 {'EXC:BrokenProcessPool': 1810} elapsed 1s
Sat Oct  3 00:56:49 2026 1811/4980 {'EXC:BrokenProcessPool': 1811} elapsed 1s
Sat Oct  3 00:56:49 2026 1812/4980 {'EXC:BrokenProcessPool': 1812} elapsed 1s
Sat Oct  3 00:56:49 2026 1813/4980 {'EXC:BrokenProcessPool': 1813} elapsed 1s
Sat Oct  3 00:56:49 2026 1814/4980 {'EXC:BrokenProcessPool': 1814} elapsed 1s
Sat Oct  3 00:56:49 2026 1815/4980 {'EXC:BrokenProcessPool': 1815} elapsed 1s
Sat Oct  3 00:56:49 2026 1816/4980 {'EXC:BrokenProcessPool': 1816} elapsed 1s
Sat Oct  3 00:56:49 2026 1817/4980 {'EXC:BrokenProcessPool': 1817} elapsed 1s
Sat Oct  3 00:56:49 2026 1818/4980 {'EXC:BrokenProcessPool': 1818} elapsed 1s
Sat Oct  3 00:56:49 2026 1819/4980 {'EXC:BrokenProcessPool': 1819} elapsed 1s
Sat Oct  3 00:56:49 2026 1820/4980 {'EXC:BrokenProcessPool': 1820} elapsed 1s
Sat Oct  3 00:56:49 2026 1821/4980 {'EXC:BrokenProcessPool': 1821} elapsed 1s
Sat Oct  3 00:56:49 2026 1822/4980 {'EXC:BrokenProcessPool': 1822} elapsed 1s
Sat Oct  3 00:56:49 2026 1823/4980 {'EXC:BrokenProcessPool': 1823} elapsed 1s
Sat Oct  3 00:56:49 2026 1824/4980 {'EXC:BrokenProcessPool': 1824} elapsed 1s
Sat Oct  3 00:56:49 2026 1825/4980 {'EXC:BrokenProcessPool': 1825} elapsed 1s
Sat Oct  3 00:56:49 2026 1826/4980 {'EXC:BrokenProcessPool': 1826} elapsed 1s
Sat Oct  3 00:56:49 2026 1827/4980 {'EXC:BrokenProcessPool': 1827} elapsed 1s
Sat Oct  3 00:56:49 2026 1828/4980 {'EXC:BrokenProcessPool': 1828} elapsed 1s
Sat Oct  3 00:56:49 2026 1829/4980 {'EXC:BrokenProcessPool': 1829} elapsed 1s
Sat Oct  3 00:56:49 2026 1830/4980 {'EXC:BrokenProcessPool': 1830} elapsed 1s
Sat Oct  3 00:56:49 2026 1831/4980 {'EXC:BrokenProcessPool': 1831} elapsed 1s
Sat Oct  3 00:56:49 2026 1832/4980 {'EXC:BrokenProcessPool': 1832} elapsed 1s
Sat Oct  3 00:56:49 2026 1833/4980 {'EXC:BrokenProcessPool': 1833} elapsed 1s
Sat Oct  3 00:56:49 2026 1834/4980 {'EXC:BrokenProcessPool': 1834} elapsed 1s
Sat Oct  3 00:56:49 2026 1835/4980 {'EXC:BrokenProcessPool': 1835} elapsed 1s
Sat Oct  3 00:56:49 2026 1836/4980 {'EXC:BrokenProcessPool': 1836} elapsed 1s
Sat Oct  3 00:56:49 2026 1837/4980 {'EXC:BrokenProcessPool': 1837} elapsed 1s
Sat Oct  3 00:56:49 2026 1838/4980 {'EXC:BrokenProcessPool': 1838} elapsed 1s
Sat Oct  3 00:56:49 2026 1839/4980 {'EXC:BrokenProcessPool': 1839} elapsed 1s
Sat Oct  3 00:56:49 2026 1840/4980 {'EXC:BrokenProcessPool': 1840} elapsed 1s
Sat Oct  3 00:56:49 2026 1841/4980 {'EXC:BrokenProcessPool': 1841} elapsed 1s
Sat Oct  3 00:56:49 2026 1842/4980 {'EXC:BrokenProcessPool': 1842} elapsed 1s
Sat Oct  3 00:56:49 2026 1843/4980 {'EXC:BrokenProcessPool': 1843} elapsed 1s
Sat Oct  3 00:56:49 2026 1844/4980 {'EXC:BrokenProcessPool': 1844} elapsed 1s
Sat Oct  3 00:56:49 2026 1845/4980 {'EXC:BrokenProcessPool': 1845} elapsed 1s
Sat Oct  3 00:56:49 2026 1846/4980 {'EXC:BrokenProcessPool': 1846} elapsed 1s
Sat Oct  3 00:56:49 2026 1847/4980 {'EXC:BrokenProcessPool': 1847} elapsed 1s
Sat Oct  3 00:56:49 2026 1848/4980 {'EXC:BrokenProcessPool': 1848} elapsed 1s
Sat Oct  3 00:56:49 2026 1849/4980 {'EXC:BrokenProcessPool': 1849} elapsed 1s
Sat Oct  3 00:56:49 2026 1850/4980 {'EXC:BrokenProcessPool': 1850} elapsed 1s
Sat Oct  3 00:56:49 2026 1851/4980 {'EXC:BrokenProcessPool': 1851} elapsed 1s
Sat Oct  3 00:56:49 2026 1852/4980 {'EXC:BrokenProcessPool': 1852} elapsed 1s
Sat Oct  3 00:56:49 2026 1853/4980 {'EXC:BrokenProcessPool': 1853} elapsed 1s
Sat Oct  3 00:56:49 2026 1854/4980 {'EXC:BrokenProcessPool': 1854} elapsed 1s
Sat Oct  3 00:56:49 2026 1855/4980 {'EXC:BrokenProcessPool': 1855} elapsed 1s
Sat Oct  3 00:56:49 2026 1856/4980 {'EXC:BrokenProcessPool': 1856} elapsed 1s
Sat Oct  3 00:56:49 2026 1857/4980 {'EXC:BrokenProcessPool': 1857} elapsed 1s
Sat Oct  3 00:56:49 2026 1858/4980 {'EXC:BrokenProcessPool': 1858} elapsed 1s
Sat Oct  3 00:56:49 2026 1859/4980 {'EXC:BrokenProcessPool': 1859} elapsed 1s
Sat Oct  3 00:56:49 2026 1860/4980 {'EXC:BrokenProcessPool': 1860} elapsed 1s
Sat Oct  3 00:56:49 2026 1861/4980 {'EXC:BrokenProcessPool': 1861} elapsed 1s
Sat Oct  3 00:56:49 2026 1862/4980 {'EXC:BrokenProcessPool': 1862} elapsed 1s
Sat Oct  3 00:56:49 2026 1863/4980 {'EXC:BrokenProcessPool': 1863} elapsed 1s
Sat Oct  3 00:56:49 2026 1864/4980 {'EXC:BrokenProcessPool': 1864} elapsed 1s
Sat Oct  3 00:56:49 2026 1865/4980 {'EXC:BrokenProcessPool': 1865} elapsed 1s
Sat Oct  3 00:56:49 2026 1866/4980 {'EXC:BrokenProcessPool': 1866} elapsed 1s
Sat Oct  3 00:56:49 2026 1867/4980 {'EXC:BrokenProcessPool': 1867} elapsed 1s
Sat Oct  3 00:56:49 2026 1868/4980 {'EXC:BrokenProcessPool': 1868} elapsed 1s
Sat Oct  3 00:56:49 2026 1869/4980 {'EXC:BrokenProcessPool': 1869} elapsed 1s
Sat Oct  3 00:56:49 2026 1870/4980 {'EXC:BrokenProcessPool': 1870} elapsed 1s
Sat Oct  3 00:56:49 2026 1871/4980 {'EXC:BrokenProcessPool': 1871} elapsed 1s
Sat Oct  3 00:56:49 2026 1872/4980 {'EXC:BrokenProcessPool': 1872} elapsed 1s
Sat Oct  3 00:56:49 2026 1873/4980 {'EXC:BrokenProcessPool': 1873} elapsed 1s
Sat Oct  3 00:56:49 2026 1874/4980 {'EXC:BrokenProcessPool': 1874} elapsed 1s
Sat Oct  3 00:56:49 2026 1875/4980 {'EXC:BrokenProcessPool': 1875} elapsed 1s
Sat Oct  3 00:56:49 2026 1876/4980 {'EXC:BrokenProcessPool': 1876} elapsed 1s
Sat Oct  3 00:56:49 2026 1877/4980 {'EXC:BrokenProcessPool': 1877} elapsed 1s
Sat Oct  3 00:56:49 2026 1878/4980 {'EXC:BrokenProcessPool': 1878} elapsed 1s
Sat Oct  3 00:56:49 2026 1879/4980 {'EXC:BrokenProcessPool': 1879} elapsed 1s
Sat Oct  3 00:56:49 2026 1880/4980 {'EXC:BrokenProcessPool': 1880} elapsed 1s
Sat Oct  3 00:56:49 2026 1881/4980 {'EXC:BrokenProcessPool': 1881} elapsed 1s
Sat Oct  3 00:56:49 2026 1882/4980 {'EXC:BrokenProcessPool': 1882} elapsed 1s
Sat Oct  3 00:56:49 2026 1883/4980 {'EXC:BrokenProcessPool': 1883} elapsed 1s
Sat Oct  3 00:56:49 2026 1884/4980 {'EXC:BrokenProcessPool': 1884} elapsed 1s
Sat Oct  3 00:56:49 2026 1885/4980 {'EXC:BrokenProcessPool': 1885} elapsed 1s
Sat Oct  3 00:56:49 2026 1886/4980 {'EXC:BrokenProcessPool': 1886} elapsed 1s
Sat Oct  3 00:56:49 2026 1887/4980 {'EXC:BrokenProcessPool': 1887} elapsed 1s
Sat Oct  3 00:56:49 2026 1888/4980 {'EXC:BrokenProcessPool': 1888} elapsed 1s
Sat Oct  3 00:56:49 2026 1889/4980 {'EXC:BrokenProcessPool': 1889} elapsed 1s
Sat Oct  3 00:56:49 2026 1890/4980 {'EXC:BrokenProcessPool': 1890} elapsed 1s
Sat Oct  3 00:56:49 2026 1891/4980 {'EXC:BrokenProcessPool': 1891} elapsed 1s
Sat Oct  3 00:56:49 2026 1892/4980 {'EXC:BrokenProcessPool': 1892} elapsed 1s
Sat Oct  3 00:56:49 2026 1893/4980 {'EXC:BrokenProcessPool': 1893} elapsed 1s
Sat Oct  3 00:56:49 2026 1894/4980 {'EXC:BrokenProcessPool': 1894} elapsed 1s
Sat Oct  3 00:56:49 2026 1895/4980 {'EXC:BrokenProcessPool': 1895} elapsed 1s
Sat Oct  3 00:56:49 2026 1896/4980 {'EXC:BrokenProcessPool': 1896} elapsed 1s
Sat Oct  3 00:56:49 2026 1897/4980 {'EXC:BrokenProcessPool': 1897} elapsed 1s
Sat Oct  3 00:56:49 2026 1898/4980 {'EXC:BrokenProcessPool': 1898} elapsed 1s
Sat Oct  3 00:56:49 2026 1899/4980 {'EXC:BrokenProcessPool': 1899} elapsed 1s
Sat Oct  3 00:56:49 2026 1900/4980 {'EXC:BrokenProcessPool': 1900} elapsed 1s
Sat Oct  3 00:56:49 2026 1901/4980 {'EXC:BrokenProcessPool': 1901} elapsed 1s
Sat Oct  3 00:56:49 2026 1902/4980 {'EXC:BrokenProcessPool': 1902} elapsed 1s
Sat Oct  3 00:56:49 2026 1903/4980 {'EXC:BrokenProcessPool': 1903} elapsed 1s
Sat Oct  3 00:56:49 2026 1904/4980 {'EXC:BrokenProcessPool': 1904} elapsed 1s
Sat Oct  3 00:56:49 2026 1905/4980 {'EXC:BrokenProcessPool': 1905} elapsed 1s
Sat Oct  3 00:56:49 2026 1906/4980 {'EXC:BrokenProcessPool': 1906} elapsed 1s
Sat Oct  3 00:56:49 2026 1907/4980 {'EXC:BrokenProcessPool': 1907} elapsed 1s
Sat Oct  3 00:56:49 2026 1908/4980 {'EXC:BrokenProcessPool': 1908} elapsed 1s
Sat Oct  3 00:56:49 2026 1909/4980 {'EXC:BrokenProcessPool': 1909} elapsed 1s
Sat Oct  3 00:56:49 2026 1910/4980 {'EXC:BrokenProcessPool': 1910} elapsed 1s
Sat Oct  3 00:56:49 2026 1911/4980 {'EXC:BrokenProcessPool': 1911} elapsed 1s
Sat Oct  3 00:56:49 2026 1912/4980 {'EXC:BrokenProcessPool': 1912} elapsed 1s
Sat Oct  3 00:56:49 2026 1913/4980 {'EXC:BrokenProcessPool': 1913} elapsed 1s
Sat Oct  3 00:56:49 2026 1914/4980 {'EXC:BrokenProcessPool': 1914} elapsed 1s
Sat Oct  3 00:56:49 2026 1915/4980 {'EXC:BrokenProcessPool': 1915} elapsed 1s
Sat Oct  3 00:56:49 2026 1916/4980 {'EXC:BrokenProcessPool': 1916} elapsed 1s
Sat Oct  3 00:56:49 2026 1917/4980 {'EXC:BrokenProcessPool': 1917} elapsed 1s
Sat Oct  3 00:56:49 2026 1918/4980 {'EXC:BrokenProcessPool': 1918} elapsed 1s
Sat Oct  3 00:56:49 2026 1919/4980 {'EXC:BrokenProcessPool': 1919} elapsed 1s
Sat Oct  3 00:56:49 2026 1920/4980 {'EXC:BrokenProcessPool': 1920} elapsed 1s
Sat Oct  3 00:56:49 2026 1921/4980 {'EXC:BrokenProcessPool': 1921} elapsed 1s
Sat Oct  3 00:56:49 2026 1922/4980 {'EXC:BrokenProcessPool': 1922} elapsed 1s
Sat Oct  3 00:56:49 2026 1923/4980 {'EXC:BrokenProcessPool': 1923} elapsed 1s
Sat Oct  3 00:56:49 2026 1924/4980 {'EXC:BrokenProcessPool': 1924} elapsed 1s
Sat Oct  3 00:56:49 2026 1925/4980 {'EXC:BrokenProcessPool': 1925} elapsed 1s
Sat Oct  3 00:56:49 2026 1926/4980 {'EXC:BrokenProcessPool': 1926} elapsed 1s
Sat Oct  3 00:56:49 2026 1927/4980 {'EXC:BrokenProcessPool': 1927} elapsed 1s
Sat Oct  3 00:56:49 2026 1928/4980 {'EXC:BrokenProcessPool': 1928} elapsed 1s
Sat Oct  3 00:56:49 2026 1929/4980 {'EXC:BrokenProcessPool': 1929} elapsed 1s
Sat Oct  3 00:56:49 2026 1930/4980 {'EXC:BrokenProcessPool': 1930} elapsed 1s
Sat Oct  3 00:56:49 2026 1931/4980 {'EXC:BrokenProcessPool': 1931} elapsed 1s
Sat Oct  3 00:56:49 2026 1932/4980 {'EXC:BrokenProcessPool': 1932} elapsed 1s
Sat Oct  3 00:56:49 2026 1933/4980 {'EXC:BrokenProcessPool': 1933} elapsed 1s
Sat Oct  3 00:56:49 2026 1934/4980 {'EXC:BrokenProcessPool': 1934} elapsed 1s
Sat Oct  3 00:56:49 2026 1935/4980 {'EXC:BrokenProcessPool': 1935} elapsed 1s
Sat Oct  3 00:56:49 2026 1936/4980 {'EXC:BrokenProcessPool': 1936} elapsed 1s
Sat Oct  3 00:56:49 2026 1937/4980 {'EXC:BrokenProcessPool': 1937} elapsed 1s
Sat Oct  3 00:56:49 2026 1938/4980 {'EXC:BrokenProcessPool': 1938} elapsed 1s
Sat Oct  3 00:56:49 2026 1939/4980 {'EXC:BrokenProcessPool': 1939} elapsed 1s
Sat Oct  3 00:56:49 2026 1940/4980 {'EXC:BrokenProcessPool': 1940} elapsed 1s
Sat Oct  3 00:56:49 2026 1941/4980 {'EXC:BrokenProcessPool': 1941} elapsed 1s
Sat Oct  3 00:56:49 2026 1942/4980 {'EXC:BrokenProcessPool': 1942} elapsed 1s
Sat Oct  3 00:56:49 2026 1943/4980 {'EXC:BrokenProcessPool': 1943} elapsed 1s
Sat Oct  3 00:56:49 2026 1944/4980 {'EXC:BrokenProcessPool': 1944} elapsed 1s
Sat Oct  3 00:56:49 2026 1945/4980 {'EXC:BrokenProcessPool': 1945} elapsed 1s
Sat Oct  3 00:56:49 2026 1946/4980 {'EXC:BrokenProcessPool': 1946} elapsed 1s
Sat Oct  3 00:56:49 2026 1947/4980 {'EXC:BrokenProcessPool': 1947} elapsed 1s
Sat Oct  3 00:56:49 2026 1948/4980 {'EXC:BrokenProcessPool': 1948} elapsed 1s
Sat Oct  3 00:56:49 2026 1949/4980 {'EXC:BrokenProcessPool': 1949} elapsed 1s
Sat Oct  3 00:56:49 2026 1950/4980 {'EXC:BrokenProcessPool': 1950} elapsed 1s
Sat Oct  3 00:56:49 2026 1951/4980 {'EXC:BrokenProcessPool': 1951} elapsed 1s
Sat Oct  3 00:56:49 2026 1952/4980 {'EXC:BrokenProcessPool': 1952} elapsed 1s
Sat Oct  3 00:56:49 2026 1953/4980 {'EXC:BrokenProcessPool': 1953} elapsed 1s
Sat Oct  3 00:56:49 2026 1954/4980 {'EXC:BrokenProcessPool': 1954} elapsed 1s
Sat Oct  3 00:56:49 2026 1955/4980 {'EXC:BrokenProcessPool': 1955} elapsed 1s
Sat Oct  3 00:56:49 2026 1956/4980 {'EXC:BrokenProcessPool': 1956} elapsed 1s
Sat Oct  3 00:56:49 2026 1957/4980 {'EXC:BrokenProcessPool': 1957} elapsed 1s
Sat Oct  3 00:56:49 2026 1958/4980 {'EXC:BrokenProcessPool': 1958} elapsed 1s
Sat Oct  3 00:56:49 2026 1959/4980 {'EXC:BrokenProcessPool': 1959} elapsed 1s
Sat Oct  3 00:56:49 2026 1960/4980 {'EXC:BrokenProcessPool': 1960} elapsed 1s
Sat Oct  3 00:56:49 2026 1961/4980 {'EXC:BrokenProcessPool': 1961} elapsed 1s
Sat Oct  3 00:56:49 2026 1962/4980 {'EXC:BrokenProcessPool': 1962} elapsed 1s
Sat Oct  3 00:56:49 2026 1963/4980 {'EXC:BrokenProcessPool': 1963} elapsed 1s
Sat Oct  3 00:56:49 2026 1964/4980 {'EXC:BrokenProcessPool': 1964} elapsed 1s
Sat Oct  3 00:56:49 2026 1965/4980 {'EXC:BrokenProcessPool': 1965} elapsed 1s
Sat Oct  3 00:56:49 2026 1966/4980 {'EXC:BrokenProcessPool': 1966} elapsed 1s
Sat Oct  3 00:56:49 2026 1967/4980 {'EXC:BrokenProcessPool': 1967} elapsed 1s
Sat Oct  3 00:56:49 2026 1968/4980 {'EXC:BrokenProcessPool': 1968} elapsed 1s
Sat Oct  3 00:56:49 2026 1969/4980 {'EXC:BrokenProcessPool': 1969} elapsed 1s
Sat Oct  3 00:56:49 2026 1970/4980 {'EXC:BrokenProcessPool': 1970} elapsed 1s
Sat Oct  3 00:56:49 2026 1971/4980 {'EXC:BrokenProcessPool': 1971} elapsed 1s
Sat Oct  3 00:56:49 2026 1972/4980 {'EXC:BrokenProcessPool': 1972} elapsed 1s
Sat Oct  3 00:56:49 2026 1973/4980 {'EXC:BrokenProcessPool': 1973} elapsed 1s
Sat Oct  3 00:56:49 2026 1974/4980 {'EXC:BrokenProcessPool': 1974} elapsed 1s
Sat Oct  3 00:56:49 2026 1975/4980 {'EXC:BrokenProcessPool': 1975} elapsed 1s
Sat Oct  3 00:56:49 2026 1976/4980 {'EXC:BrokenProcessPool': 1976} elapsed 1s
Sat Oct  3 00:56:49 2026 1977/4980 {'EXC:BrokenProcessPool': 1977} elapsed 1s
Sat Oct  3 00:56:49 2026 1978/4980 {'EXC:BrokenProcessPool': 1978} elapsed 1s
Sat Oct  3 00:56:49 2026 1979/4980 {'EXC:BrokenProcessPool': 1979} elapsed 1s
Sat Oct  3 00:56:49 2026 1980/4980 {'EXC:BrokenProcessPool': 1980} elapsed 1s
Sat Oct  3 00:56:49 2026 1981/4980 {'EXC:BrokenProcessPool': 1981} elapsed 1s
Sat Oct  3 00:56:49 2026 1982/4980 {'EXC:BrokenProcessPool': 1982} elapsed 1s
Sat Oct  3 00:56:49 2026 1983/4980 {'EXC:BrokenProcessPool': 1983} elapsed 1s
Sat Oct  3 00:56:49 2026 1984/4980 {'EXC:BrokenProcessPool': 1984} elapsed 1s
Sat Oct  3 00:56:49 2026 1985/4980 {'EXC:BrokenProcessPool': 1985} elapsed 1s
Sat Oct  3 00:56:49 2026 1986/4980 {'EXC:BrokenProcessPool': 1986} elapsed 1s
Sat Oct  3 00:56:49 2026 1987/4980 {'EXC:BrokenProcessPool': 1987} elapsed 1s
Sat Oct  3 00:56:49 2026 1988/4980 {'EXC:BrokenProcessPool': 1988} elapsed 1s
Sat Oct  3 00:56:49 2026 1989/4980 {'EXC:BrokenProcessPool': 1989} elapsed 1s
Sat Oct  3 00:56:49 2026 1990/4980 {'EXC:BrokenProcessPool': 1990} elapsed 1s
Sat Oct  3 00:56:49 2026 1991/4980 {'EXC:BrokenProcessPool': 1991} elapsed 1s
Sat Oct  3 00:56:49 2026 1992/4980 {'EXC:BrokenProcessPool': 1992} elapsed 1s
Sat Oct  3 00:56:49 2026 1993/4980 {'EXC:BrokenProcessPool': 1993} elapsed 1s
Sat Oct  3 00:56:49 2026 1994/4980 {'EXC:BrokenProcessPool': 1994} elapsed 1s
Sat Oct  3 00:56:49 2026 1995/4980 {'EXC:BrokenProcessPool': 1995} elapsed 1s
Sat Oct  3 00:56:49 2026 1996/4980 {'EXC:BrokenProcessPool': 1996} elapsed 1s
Sat Oct  3 00:56:49 2026 1997/4980 {'EXC:BrokenProcessPool': 1997} elapsed 1s
Sat Oct  3 00:56:49 2026 1998/4980 {'EXC:BrokenProcessPool': 1998} elapsed 1s
Sat Oct  3 00:56:49 2026 1999/4980 {'EXC:BrokenProcessPool': 1999} elapsed 1s
Sat Oct  3 00:56:49 2026 2000/4980 {'EXC:BrokenProcessPool': 2000} elapsed 1s
Sat Oct  3 00:56:49 2026 2001/4980 {'EXC:BrokenProcessPool': 2001} elapsed 1s
Sat Oct  3 00:56:49 2026 2002/4980 {'EXC:BrokenProcessPool': 2002} elapsed 1s
Sat Oct  3 00:56:49 2026 2003/4980 {'EXC:BrokenProcessPool': 2003} elapsed 1s
Sat Oct  3 00:56:49 2026 2004/4980 {'EXC:BrokenProcessPool': 2004} elapsed 1s
Sat Oct  3 00:56:49 2026 2005/4980 {'EXC:BrokenProcessPool': 2005} elapsed 1s
Sat Oct  3 00:56:49 2026 2006/4980 {'EXC:BrokenProcessPool': 2006} elapsed 1s
Sat Oct  3 00:56:49 2026 2007/4980 {'EXC:BrokenProcessPool': 2007} elapsed 1s
Sat Oct  3 00:56:49 2026 2008/4980 {'EXC:BrokenProcessPool': 2008} elapsed 1s
Sat Oct  3 00:56:49 2026 2009/4980 {'EXC:BrokenProcessPool': 2009} elapsed 1s
Sat Oct  3 00:56:49 2026 2010/4980 {'EXC:BrokenProcessPool': 2010} elapsed 1s
Sat Oct  3 00:56:49 2026 2011/4980 {'EXC:BrokenProcessPool': 2011} elapsed 1s
Sat Oct  3 00:56:49 2026 2012/4980 {'EXC:BrokenProcessPool': 2012} elapsed 1s
Sat Oct  3 00:56:49 2026 2013/4980 {'EXC:BrokenProcessPool': 2013} elapsed 1s
Sat Oct  3 00:56:49 2026 2014/4980 {'EXC:BrokenProcessPool': 2014} elapsed 1s
Sat Oct  3 00:56:49 2026 2015/4980 {'EXC:BrokenProcessPool': 2015} elapsed 1s
Sat Oct  3 00:56:49 2026 2016/4980 {'EXC:BrokenProcessPool': 2016} elapsed 1s
Sat Oct  3 00:56:49 2026 2017/4980 {'EXC:BrokenProcessPool': 2017} elapsed 1s
Sat Oct  3 00:56:49 2026 2018/4980 {'EXC:BrokenProcessPool': 2018} elapsed 1s
Sat Oct  3 00:56:49 2026 2019/4980 {'EXC:BrokenProcessPool': 2019} elapsed 1s
Sat Oct  3 00:56:49 2026 2020/4980 {'EXC:BrokenProcessPool': 2020} elapsed 1s
Sat Oct  3 00:56:49 2026 2021/4980 {'EXC:BrokenProcessPool': 2021} elapsed 1s
Sat Oct  3 00:56:49 2026 2022/4980 {'EXC:BrokenProcessPool': 2022} elapsed 1s
Sat Oct  3 00:56:49 2026 2023/4980 {'EXC:BrokenProcessPool': 2023} elapsed 1s
Sat Oct  3 00:56:49 2026 2024/4980 {'EXC:BrokenProcessPool': 2024} elapsed 1s
Sat Oct  3 00:56:49 2026 2025/4980 {'EXC:BrokenProcessPool': 2025} elapsed 1s
Sat Oct  3 00:56:49 2026 2026/4980 {'EXC:BrokenProcessPool': 2026} elapsed 1s
Sat Oct  3 00:56:49 2026 2027/4980 {'EXC:BrokenProcessPool': 2027} elapsed 1s
Sat Oct  3 00:56:49 2026 2028/4980 {'EXC:BrokenProcessPool': 2028} elapsed 1s
Sat Oct  3 00:56:49 2026 2029/4980 {'EXC:BrokenProcessPool': 2029} elapsed 1s
Sat Oct  3 00:56:49 2026 2030/4980 {'EXC:BrokenProcessPool': 2030} elapsed 1s
Sat Oct  3 00:56:49 2026 2031/4980 {'EXC:BrokenProcessPool': 2031} elapsed 1s
Sat Oct  3 00:56:49 2026 2032/4980 {'EXC:BrokenProcessPool': 2032} elapsed 1s
Sat Oct  3 00:56:49 2026 2033/4980 {'EXC:BrokenProcessPool': 2033} elapsed 1s
Sat Oct  3 00:56:49 2026 2034/4980 {'EXC:BrokenProcessPool': 2034} elapsed 1s
Sat Oct  3 00:56:49 2026 2035/4980 {'EXC:BrokenProcessPool': 2035} elapsed 1s
Sat Oct  3 00:56:49 2026 2036/4980 {'EXC:BrokenProcessPool': 2036} elapsed 1s
Sat Oct  3 00:56:49 2026 2037/4980 {'EXC:BrokenProcessPool': 2037} elapsed 1s
Sat Oct  3 00:56:49 2026 2038/4980 {'EXC:BrokenProcessPool': 2038} elapsed 1s
Sat Oct  3 00:56:49 2026 2039/4980 {'EXC:BrokenProcessPool': 2039} elapsed 1s
Sat Oct  3 00:56:49 2026 2040/4980 {'EXC:BrokenProcessPool': 2040} elapsed 1s
Sat Oct  3 00:56:49 2026 2041/4980 {'EXC:BrokenProcessPool': 2041} elapsed 1s
Sat Oct  3 00:56:49 2026 2042/4980 {'EXC:BrokenProcessPool': 2042} elapsed 1s
Sat Oct  3 00:56:49 2026 2043/4980 {'EXC:BrokenProcessPool': 2043} elapsed 1s
Sat Oct  3 00:56:49 2026 2044/4980 {'EXC:BrokenProcessPool': 2044} elapsed 1s
Sat Oct  3 00:56:49 2026 2045/4980 {'EXC:BrokenProcessPool': 2045} elapsed 1s
Sat Oct  3 00:56:49 2026 2046/4980 {'EXC:BrokenProcessPool': 2046} elapsed 1s
Sat Oct  3 00:56:49 2026 2047/4980 {'EXC:BrokenProcessPool': 2047} elapsed 1s
Sat Oct  3 00:56:49 2026 2048/4980 {'EXC:BrokenProcessPool': 2048} elapsed 1s
Sat Oct  3 00:56:49 2026 2049/4980 {'EXC:BrokenProcessPool': 2049} elapsed 1s
Sat Oct  3 00:56:49 2026 2050/4980 {'EXC:BrokenProcessPool': 2050} elapsed 1s
Sat Oct  3 00:56:49 2026 2051/4980 {'EXC:BrokenProcessPool': 2051} elapsed 1s
Sat Oct  3 00:56:49 2026 2052/4980 {'EXC:BrokenProcessPool': 2052} elapsed 1s
Sat Oct  3 00:56:49 2026 2053/4980 {'EXC:BrokenProcessPool': 2053} elapsed 1s
Sat Oct  3 00:56:49 2026 2054/4980 {'EXC:BrokenProcessPool': 2054} elapsed 1s
Sat Oct  3 00:56:49 2026 2055/4980 {'EXC:BrokenProcessPool': 2055} elapsed 1s
Sat Oct  3 00:56:49 2026 2056/4980 {'EXC:BrokenProcessPool': 2056} elapsed 1s
Sat Oct  3 00:56:49 2026 2057/4980 {'EXC:BrokenProcessPool': 2057} elapsed 1s
Sat Oct  3 00:56:49 2026 2058/4980 {'EXC:BrokenProcessPool': 2058} elapsed 1s
Sat Oct  3 00:56:49 2026 2059/4980 {'EXC:BrokenProcessPool': 2059} elapsed 1s
Sat Oct  3 00:56:49 2026 2060/4980 {'EXC:BrokenProcessPool': 2060} elapsed 1s
Sat Oct  3 00:56:49 2026 2061/4980 {'EXC:BrokenProcessPool': 2061} elapsed 1s
Sat Oct  3 00:56:49 2026 2062/4980 {'EXC:BrokenProcessPool': 2062} elapsed 1s
Sat Oct  3 00:56:49 2026 2063/4980 {'EXC:BrokenProcessPool': 2063} elapsed 1s
Sat Oct  3 00:56:49 2026 2064/4980 {'EXC:BrokenProcessPool': 2064} elapsed 1s
Sat Oct  3 00:56:49 2026 2065/4980 {'EXC:BrokenProcessPool': 2065} elapsed 1s
Sat Oct  3 00:56:49 2026 2066/4980 {'EXC:BrokenProcessPool': 2066} elapsed 1s
Sat Oct  3 00:56:49 2026 2067/4980 {'EXC:BrokenProcessPool': 2067} elapsed 1s
Sat Oct  3 00:56:49 2026 2068/4980 {'EXC:BrokenProcessPool': 2068} elapsed 1s
Sat Oct  3 00:56:49 2026 2069/4980 {'EXC:BrokenProcessPool': 2069} elapsed 1s
Sat Oct  3 00:56:49 2026 2070/4980 {'EXC:BrokenProcessPool': 2070} elapsed 1s
Sat Oct  3 00:56:49 2026 2071/4980 {'EXC:BrokenProcessPool': 2071} elapsed 1s
Sat Oct  3 00:56:49 2026 2072/4980 {'EXC:BrokenProcessPool': 2072} elapsed 1s
Sat Oct  3 00:56:49 2026 2073/4980 {'EXC:BrokenProcessPool': 2073} elapsed 1s
Sat Oct  3 00:56:49 2026 2074/4980 {'EXC:BrokenProcessPool': 2074} elapsed 1s
Sat Oct  3 00:56:49 2026 2075/4980 {'EXC:BrokenProcessPool': 2075} elapsed 1s
Sat Oct  3 00:56:49 2026 2076/4980 {'EXC:BrokenProcessPool': 2076} elapsed 1s
Sat Oct  3 00:56:49 2026 2077/4980 {'EXC:BrokenProcessPool': 2077} elapsed 1s
Sat Oct  3 00:56:49 2026 2078/4980 {'EXC:BrokenProcessPool': 2078} elapsed 1s
Sat Oct  3 00:56:49 2026 2079/4980 {'EXC:BrokenProcessPool': 2079} elapsed 1s
Sat Oct  3 00:56:49 2026 2080/4980 {'EXC:BrokenProcessPool': 2080} elapsed 1s
Sat Oct  3 00:56:49 2026 2081/4980 {'EXC:BrokenProcessPool': 2081} elapsed 1s
Sat Oct  3 00:56:49 2026 2082/4980 {'EXC:BrokenProcessPool': 2082} elapsed 1s
Sat Oct  3 00:56:49 2026 2083/4980 {'EXC:BrokenProcessPool': 2083} elapsed 1s
Sat Oct  3 00:56:49 2026 2084/4980 {'EXC:BrokenProcessPool': 2084} elapsed 1s
Sat Oct  3 00:56:49 2026 2085/4980 {'EXC:BrokenProcessPool': 2085} elapsed 1s
Sat Oct  3 00:56:49 2026 2086/4980 {'EXC:BrokenProcessPool': 2086} elapsed 1s
Sat Oct  3 00:56:49 2026 2087/4980 {'EXC:BrokenProcessPool': 2087} elapsed 1s
Sat Oct  3 00:56:49 2026 2088/4980 {'EXC:BrokenProcessPool': 2088} elapsed 1s
Sat Oct  3 00:56:49 2026 2089/4980 {'EXC:BrokenProcessPool': 2089} elapsed 1s
Sat Oct  3 00:56:49 2026 2090/4980 {'EXC:BrokenProcessPool': 2090} elapsed 1s
Sat Oct  3 00:56:49 2026 2091/4980 {'EXC:BrokenProcessPool': 2091} elapsed 1s
Sat Oct  3 00:56:49 2026 2092/4980 {'EXC:BrokenProcessPool': 2092} elapsed 1s
Sat Oct  3 00:56:49 2026 2093/4980 {'EXC:BrokenProcessPool': 2093} elapsed 1s
Sat Oct  3 00:56:49 2026 2094/4980 {'EXC:BrokenProcessPool': 2094} elapsed 1s
Sat Oct  3 00:56:49 2026 2095/4980 {'EXC:BrokenProcessPool': 2095} elapsed 1s
Sat Oct  3 00:56:49 2026 2096/4980 {'EXC:BrokenProcessPool': 2096} elapsed 1s
Sat Oct  3 00:56:49 2026 2097/4980 {'EXC:BrokenProcessPool': 2097} elapsed 1s
Sat Oct  3 00:56:49 2026 2098/4980 {'EXC:BrokenProcessPool': 2098} elapsed 1s
Sat Oct  3 00:56:49 2026 2099/4980 {'EXC:BrokenProcessPool': 2099} elapsed 1s
Sat Oct  3 00:56:49 2026 2100/4980 {'EXC:BrokenProcessPool': 2100} elapsed 1s
Sat Oct  3 00:56:49 2026 2101/4980 {'EXC:BrokenProcessPool': 2101} elapsed 1s
Sat Oct  3 00:56:49 2026 2102/4980 {'EXC:BrokenProcessPool': 2102} elapsed 1s
Sat Oct  3 00:56:49 2026 2103/4980 {'EXC:BrokenProcessPool': 2103} elapsed 1s
Sat Oct  3 00:56:49 2026 2104/4980 {'EXC:BrokenProcessPool': 2104} elapsed 1s
Sat Oct  3 00:56:49 2026 2105/4980 {'EXC:BrokenProcessPool': 2105} elapsed 1s
Sat Oct  3 00:56:49 2026 2106/4980 {'EXC:BrokenProcessPool': 2106} elapsed 1s
Sat Oct  3 00:56:49 2026 2107/4980 {'EXC:BrokenProcessPool': 2107} elapsed 1s
Sat Oct  3 00:56:49 2026 2108/4980 {'EXC:BrokenProcessPool': 2108} elapsed 1s
Sat Oct  3 00:56:49 2026 2109/4980 {'EXC:BrokenProcessPool': 2109} elapsed 1s
Sat Oct  3 00:56:49 2026 2110/4980 {'EXC:BrokenProcessPool': 2110} elapsed 1s
Sat Oct  3 00:56:49 2026 2111/4980 {'EXC:BrokenProcessPool': 2111} elapsed 1s
Sat Oct  3 00:56:49 2026 2112/4980 {'EXC:BrokenProcessPool': 2112} elapsed 1s
Sat Oct  3 00:56:49 2026 2113/4980 {'EXC:BrokenProcessPool': 2113} elapsed 1s
Sat Oct  3 00:56:49 2026 2114/4980 {'EXC:BrokenProcessPool': 2114} elapsed 1s
Sat Oct  3 00:56:49 2026 2115/4980 {'EXC:BrokenProcessPool': 2115} elapsed 1s
Sat Oct  3 00:56:49 2026 2116/4980 {'EXC:BrokenProcessPool': 2116} elapsed 1s
Sat Oct  3 00:56:49 2026 2117/4980 {'EXC:BrokenProcessPool': 2117} elapsed 1s
Sat Oct  3 00:56:49 2026 2118/4980 {'EXC:BrokenProcessPool': 2118} elapsed 1s
Sat Oct  3 00:56:49 2026 2119/4980 {'EXC:BrokenProcessPool': 2119} elapsed 1s
Sat Oct  3 00:56:49 2026 2120/4980 {'EXC:BrokenProcessPool': 2120} elapsed 1s
Sat Oct  3 00:56:49 2026 2121/4980 {'EXC:BrokenProcessPool': 2121} elapsed 1s
Sat Oct  3 00:56:49 2026 2122/4980 {'EXC:BrokenProcessPool': 2122} elapsed 1s
Sat Oct  3 00:56:49 2026 2123/4980 {'EXC:BrokenProcessPool': 2123} elapsed 1s
Sat Oct  3 00:56:49 2026 2124/4980 {'EXC:BrokenProcessPool': 2124} elapsed 1s
Sat Oct  3 00:56:49 2026 2125/4980 {'EXC:BrokenProcessPool': 2125} elapsed 1s
Sat Oct  3 00:56:49 2026 2126/4980 {'EXC:BrokenProcessPool': 2126} elapsed 1s
Sat Oct  3 00:56:49 2026 2127/4980 {'EXC:BrokenProcessPool': 2127} elapsed 1s
Sat Oct  3 00:56:49 2026 2128/4980 {'EXC:BrokenProcessPool': 2128} elapsed 1s
Sat Oct  3 00:56:49 2026 2129/4980 {'EXC:BrokenProcessPool': 2129} elapsed 1s
Sat Oct  3 00:56:49 2026 2130/4980 {'EXC:BrokenProcessPool': 2130} elapsed 1s
Sat Oct  3 00:56:49 2026 2131/4980 {'EXC:BrokenProcessPool': 2131} elapsed 1s
Sat Oct  3 00:56:49 2026 2132/4980 {'EXC:BrokenProcessPool': 2132} elapsed 1s
Sat Oct  3 00:56:49 2026 2133/4980 {'EXC:BrokenProcessPool': 2133} elapsed 1s
Sat Oct  3 00:56:49 2026 2134/4980 {'EXC:BrokenProcessPool': 2134} elapsed 1s
Sat Oct  3 00:56:49 2026 2135/4980 {'EXC:BrokenProcessPool': 2135} elapsed 1s
Sat Oct  3 00:56:49 2026 2136/4980 {'EXC:BrokenProcessPool': 2136} elapsed 1s
Sat Oct  3 00:56:49 2026 2137/4980 {'EXC:BrokenProcessPool': 2137} elapsed 1s
Sat Oct  3 00:56:49 2026 2138/4980 {'EXC:BrokenProcessPool': 2138} elapsed 1s
Sat Oct  3 00:56:49 2026 2139/4980 {'EXC:BrokenProcessPool': 2139} elapsed 1s
Sat Oct  3 00:56:49 2026 2140/4980 {'EXC:BrokenProcessPool': 2140} elapsed 1s
Sat Oct  3 00:56:49 2026 2141/4980 {'EXC:BrokenProcessPool': 2141} elapsed 1s
Sat Oct  3 00:56:49 2026 2142/4980 {'EXC:BrokenProcessPool': 2142} elapsed 1s
Sat Oct  3 00:56:49 2026 2143/4980 {'EXC:BrokenProcessPool': 2143} elapsed 1s
Sat Oct  3 00:56:49 2026 2144/4980 {'EXC:BrokenProcessPool': 2144} elapsed 1s
Sat Oct  3 00:56:49 2026 2145/4980 {'EXC:BrokenProcessPool': 2145} elapsed 1s
Sat Oct  3 00:56:49 2026 2146/4980 {'EXC:BrokenProcessPool': 2146} elapsed 1s
Sat Oct  3 00:56:49 2026 2147/4980 {'EXC:BrokenProcessPool': 2147} elapsed 1s
Sat Oct  3 00:56:49 2026 2148/4980 {'EXC:BrokenProcessPool': 2148} elapsed 1s
Sat Oct  3 00:56:49 2026 2149/4980 {'EXC:BrokenProcessPool': 2149} elapsed 1s
Sat Oct  3 00:56:49 2026 2150/4980 {'EXC:BrokenProcessPool': 2150} elapsed 1s
Sat Oct  3 00:56:49 2026 2151/4980 {'EXC:BrokenProcessPool': 2151} elapsed 1s
Sat Oct  3 00:56:49 2026 2152/4980 {'EXC:BrokenProcessPool': 2152} elapsed 1s
Sat Oct  3 00:56:49 2026 2153/4980 {'EXC:BrokenProcessPool': 2153} elapsed 1s
Sat Oct  3 00:56:49 2026 2154/4980 {'EXC:BrokenProcessPool': 2154} elapsed 1s
Sat Oct  3 00:56:49 2026 2155/4980 {'EXC:BrokenProcessPool': 2155} elapsed 1s
Sat Oct  3 00:56:49 2026 2156/4980 {'EXC:BrokenProcessPool': 2156} elapsed 1s
Sat Oct  3 00:56:49 2026 2157/4980 {'EXC:BrokenProcessPool': 2157} elapsed 1s
Sat Oct  3 00:56:49 2026 2158/4980 {'EXC:BrokenProcessPool': 2158} elapsed 1s
Sat Oct  3 00:56:49 2026 2159/4980 {'EXC:BrokenProcessPool': 2159} elapsed 1s
Sat Oct  3 00:56:49 2026 2160/4980 {'EXC:BrokenProcessPool': 2160} elapsed 1s
Sat Oct  3 00:56:49 2026 2161/4980 {'EXC:BrokenProcessPool': 2161} elapsed 1s
Sat Oct  3 00:56:49 2026 2162/4980 {'EXC:BrokenProcessPool': 2162} elapsed 1s
Sat Oct  3 00:56:49 2026 2163/4980 {'EXC:BrokenProcessPool': 2163} elapsed 1s
Sat Oct  3 00:56:49 2026 2164/4980 {'EXC:BrokenProcessPool': 2164} elapsed 1s
Sat Oct  3 00:56:49 2026 2165/4980 {'EXC:BrokenProcessPool': 2165} elapsed 1s
Sat Oct  3 00:56:49 2026 2166/4980 {'EXC:BrokenProcessPool': 2166} elapsed 1s
Sat Oct  3 00:56:49 2026 2167/4980 {'EXC:BrokenProcessPool': 2167} elapsed 1s
Sat Oct  3 00:56:49 2026 2168/4980 {'EXC:BrokenProcessPool': 2168} elapsed 1s
Sat Oct  3 00:56:49 2026 2169/4980 {'EXC:BrokenProcessPool': 2169} elapsed 1s
Sat Oct  3 00:56:49 2026 2170/4980 {'EXC:BrokenProcessPool': 2170} elapsed 1s
Sat Oct  3 00:56:49 2026 2171/4980 {'EXC:BrokenProcessPool': 2171} elapsed 1s
Sat Oct  3 00:56:49 2026 2172/4980 {'EXC:BrokenProcessPool': 2172} elapsed 1s
Sat Oct  3 00:56:49 2026 2173/4980 {'EXC:BrokenProcessPool': 2173} elapsed 1s
Sat Oct  3 00:56:49 2026 2174/4980 {'EXC:BrokenProcessPool': 2174} elapsed 1s
Sat Oct  3 00:56:49 2026 2175/4980 {'EXC:BrokenProcessPool': 2175} elapsed 1s
Sat Oct  3 00:56:49 2026 2176/4980 {'EXC:BrokenProcessPool': 2176} elapsed 1s
Sat Oct  3 00:56:49 2026 2177/4980 {'EXC:BrokenProcessPool': 2177} elapsed 1s
Sat Oct  3 00:56:49 2026 2178/4980 {'EXC:BrokenProcessPool': 2178} elapsed 1s
Sat Oct  3 00:56:49 2026 2179/4980 {'EXC:BrokenProcessPool': 2179} elapsed 1s
Sat Oct  3 00:56:49 2026 2180/4980 {'EXC:BrokenProcessPool': 2180} elapsed 1s
Sat Oct  3 00:56:49 2026 2181/4980 {'EXC:BrokenProcessPool': 2181} elapsed 1s
Sat Oct  3 00:56:49 2026 2182/4980 {'EXC:BrokenProcessPool': 2182} elapsed 1s
Sat Oct  3 00:56:49 2026 2183/4980 {'EXC:BrokenProcessPool': 2183} elapsed 1s
Sat Oct  3 00:56:49 2026 2184/4980 {'EXC:BrokenProcessPool': 2184} elapsed 1s
Sat Oct  3 00:56:49 2026 2185/4980 {'EXC:BrokenProcessPool': 2185} elapsed 1s
Sat Oct  3 00:56:49 2026 2186/4980 {'EXC:BrokenProcessPool': 2186} elapsed 1s
Sat Oct  3 00:56:49 2026 2187/4980 {'EXC:BrokenProcessPool': 2187} elapsed 1s
Sat Oct  3 00:56:49 2026 2188/4980 {'EXC:BrokenProcessPool': 2188} elapsed 1s
Sat Oct  3 00:56:49 2026 2189/4980 {'EXC:BrokenProcessPool': 2189} elapsed 1s
Sat Oct  3 00:56:49 2026 2190/4980 {'EXC:BrokenProcessPool': 2190} elapsed 1s
Sat Oct  3 00:56:49 2026 2191/4980 {'EXC:BrokenProcessPool': 2191} elapsed 1s
Sat Oct  3 00:56:49 2026 2192/4980 {'EXC:BrokenProcessPool': 2192} elapsed 1s
Sat Oct  3 00:56:49 2026 2193/4980 {'EXC:BrokenProcessPool': 2193} elapsed 1s
Sat Oct  3 00:56:49 2026 2194/4980 {'EXC:BrokenProcessPool': 2194} elapsed 1s
Sat Oct  3 00:56:49 2026 2195/4980 {'EXC:BrokenProcessPool': 2195} elapsed 1s
Sat Oct  3 00:56:49 2026 2196/4980 {'EXC:BrokenProcessPool': 2196} elapsed 1s
Sat Oct  3 00:56:49 2026 2197/4980 {'EXC:BrokenProcessPool': 2197} elapsed 1s
Sat Oct  3 00:56:49 2026 2198/4980 {'EXC:BrokenProcessPool': 2198} elapsed 1s
Sat Oct  3 00:56:49 2026 2199/4980 {'EXC:BrokenProcessPool': 2199} elapsed 1s
Sat Oct  3 00:56:49 2026 2200/4980 {'EXC:BrokenProcessPool': 2200} elapsed 1s
Sat Oct  3 00:56:49 2026 2201/4980 {'EXC:BrokenProcessPool': 2201} elapsed 1s
Sat Oct  3 00:56:49 2026 2202/4980 {'EXC:BrokenProcessPool': 2202} elapsed 1s
Sat Oct  3 00:56:49 2026 2203/4980 {'EXC:BrokenProcessPool': 2203} elapsed 1s
Sat Oct  3 00:56:49 2026 2204/4980 {'EXC:BrokenProcessPool': 2204} elapsed 1s
Sat Oct  3 00:56:49 2026 2205/4980 {'EXC:BrokenProcessPool': 2205} elapsed 1s
Sat Oct  3 00:56:49 2026 2206/4980 {'EXC:BrokenProcessPool': 2206} elapsed 1s
Sat Oct  3 00:56:49 2026 2207/4980 {'EXC:BrokenProcessPool': 2207} elapsed 1s
Sat Oct  3 00:56:49 2026 2208/4980 {'EXC:BrokenProcessPool': 2208} elapsed 1s
Sat Oct  3 00:56:49 2026 2209/4980 {'EXC:BrokenProcessPool': 2209} elapsed 1s
Sat Oct  3 00:56:49 2026 2210/4980 {'EXC:BrokenProcessPool': 2210} elapsed 1s
Sat Oct  3 00:56:49 2026 2211/4980 {'EXC:BrokenProcessPool': 2211} elapsed 1s
Sat Oct  3 00:56:49 2026 2212/4980 {'EXC:BrokenProcessPool': 2212} elapsed 1s
Sat Oct  3 00:56:49 2026 2213/4980 {'EXC:BrokenProcessPool': 2213} elapsed 1s
Sat Oct  3 00:56:49 2026 2214/4980 {'EXC:BrokenProcessPool': 2214} elapsed 1s
Sat Oct  3 00:56:49 2026 2215/4980 {'EXC:BrokenProcessPool': 2215} elapsed 1s
Sat Oct  3 00:56:49 2026 2216/4980 {'EXC:BrokenProcessPool': 2216} elapsed 1s
Sat Oct  3 00:56:49 2026 2217/4980 {'EXC:BrokenProcessPool': 2217} elapsed 1s
Sat Oct  3 00:56:49 2026 2218/4980 {'EXC:BrokenProcessPool': 2218} elapsed 1s
Sat Oct  3 00:56:49 2026 2219/4980 {'EXC:BrokenProcessPool': 2219} elapsed 1s
Sat Oct  3 00:56:49 2026 2220/4980 {'EXC:BrokenProcessPool': 2220} elapsed 1s
Sat Oct  3 00:56:49 2026 2221/4980 {'EXC:BrokenProcessPool': 2221} elapsed 1s
Sat Oct  3 00:56:49 2026 2222/4980 {'EXC:BrokenProcessPool': 2222} elapsed 1s
Sat Oct  3 00:56:49 2026 2223/4980 {'EXC:BrokenProcessPool': 2223} elapsed 1s
Sat Oct  3 00:56:49 2026 2224/4980 {'EXC:BrokenProcessPool': 2224} elapsed 1s
Sat Oct  3 00:56:49 2026 2225/4980 {'EXC:BrokenProcessPool': 2225} elapsed 1s
Sat Oct  3 00:56:49 2026 2226/4980 {'EXC:BrokenProcessPool': 2226} elapsed 1s
Sat Oct  3 00:56:49 2026 2227/4980 {'EXC:BrokenProcessPool': 2227} elapsed 1s
Sat Oct  3 00:56:49 2026 2228/4980 {'EXC:BrokenProcessPool': 2228} elapsed 1s
Sat Oct  3 00:56:49 2026 2229/4980 {'EXC:BrokenProcessPool': 2229} elapsed 1s
Sat Oct  3 00:56:49 2026 2230/4980 {'EXC:BrokenProcessPool': 2230} elapsed 1s
Sat Oct  3 00:56:49 2026 2231/4980 {'EXC:BrokenProcessPool': 2231} elapsed 1s
Sat Oct  3 00:56:49 2026 2232/4980 {'EXC:BrokenProcessPool': 2232} elapsed 1s
Sat Oct  3 00:56:49 2026 2233/4980 {'EXC:BrokenProcessPool': 2233} elapsed 1s
Sat Oct  3 00:56:49 2026 2234/4980 {'EXC:BrokenProcessPool': 2234} elapsed 1s
Sat Oct  3 00:56:49 2026 2235/4980 {'EXC:BrokenProcessPool': 2235} elapsed 1s
Sat Oct  3 00:56:49 2026 2236/4980 {'EXC:BrokenProcessPool': 2236} elapsed 1s
Sat Oct  3 00:56:49 2026 2237/4980 {'EXC:BrokenProcessPool': 2237} elapsed 1s
Sat Oct  3 00:56:49 2026 2238/4980 {'EXC:BrokenProcessPool': 2238} elapsed 1s
Sat Oct  3 00:56:49 2026 2239/4980 {'EXC:BrokenProcessPool': 2239} elapsed 1s
Sat Oct  3 00:56:49 2026 2240/4980 {'EXC:BrokenProcessPool': 2240} elapsed 1s
Sat Oct  3 00:56:49 2026 2241/4980 {'EXC:BrokenProcessPool': 2241} elapsed 1s
Sat Oct  3 00:56:49 2026 2242/4980 {'EXC:BrokenProcessPool': 2242} elapsed 1s
Sat Oct  3 00:56:49 2026 2243/4980 {'EXC:BrokenProcessPool': 2243} elapsed 1s
Sat Oct  3 00:56:49 2026 2244/4980 {'EXC:BrokenProcessPool': 2244} elapsed 1s
Sat Oct  3 00:56:49 2026 2245/4980 {'EXC:BrokenProcessPool': 2245} elapsed 1s
Sat Oct  3 00:56:49 2026 2246/4980 {'EXC:BrokenProcessPool': 2246} elapsed 1s
Sat Oct  3 00:56:49 2026 2247/4980 {'EXC:BrokenProcessPool': 2247} elapsed 1s
Sat Oct  3 00:56:49 2026 2248/4980 {'EXC:BrokenProcessPool': 2248} elapsed 1s
Sat Oct  3 00:56:49 2026 2249/4980 {'EXC:BrokenProcessPool': 2249} elapsed 1s
Sat Oct  3 00:56:49 2026 2250/4980 {'EXC:BrokenProcessPool': 2250} elapsed 1s
Sat Oct  3 00:56:49 2026 2251/4980 {'EXC:BrokenProcessPool': 2251} elapsed 1s
Sat Oct  3 00:56:49 2026 2252/4980 {'EXC:BrokenProcessPool': 2252} elapsed 1s
Sat Oct  3 00:56:49 2026 2253/4980 {'EXC:BrokenProcessPool': 2253} elapsed 1s
Sat Oct  3 00:56:49 2026 2254/4980 {'EXC:BrokenProcessPool': 2254} elapsed 1s
Sat Oct  3 00:56:49 2026 2255/4980 {'EXC:BrokenProcessPool': 2255} elapsed 1s
Sat Oct  3 00:56:49 2026 2256/4980 {'EXC:BrokenProcessPool': 2256} elapsed 1s
Sat Oct  3 00:56:49 2026 2257/4980 {'EXC:BrokenProcessPool': 2257} elapsed 1s
Sat Oct  3 00:56:49 2026 2258/4980 {'EXC:BrokenProcessPool': 2258} elapsed 1s
Sat Oct  3 00:56:49 2026 2259/4980 {'EXC:BrokenProcessPool': 2259} elapsed 1s
Sat Oct  3 00:56:49 2026 2260/4980 {'EXC:BrokenProcessPool': 2260} elapsed 1s
Sat Oct  3 00:56:49 2026 2261/4980 {'EXC:BrokenProcessPool': 2261} elapsed 1s
Sat Oct  3 00:56:49 2026 2262/4980 {'EXC:BrokenProcessPool': 2262} elapsed 1s
Sat Oct  3 00:56:49 2026 2263/4980 {'EXC:BrokenProcessPool': 2263} elapsed 1s
Sat Oct  3 00:56:49 2026 2264/4980 {'EXC:BrokenProcessPool': 2264} elapsed 1s
Sat Oct  3 00:56:49 2026 2265/4980 {'EXC:BrokenProcessPool': 2265} elapsed 1s
Sat Oct  3 00:56:49 2026 2266/4980 {'EXC:BrokenProcessPool': 2266} elapsed 1s
Sat Oct  3 00:56:49 2026 2267/4980 {'EXC:BrokenProcessPool': 2267} elapsed 1s
Sat Oct  3 00:56:49 2026 2268/4980 {'EXC:BrokenProcessPool': 2268} elapsed 1s
Sat Oct  3 00:56:49 2026 2269/4980 {'EXC:BrokenProcessPool': 2269} elapsed 1s
Sat Oct  3 00:56:49 2026 2270/4980 {'EXC:BrokenProcessPool': 2270} elapsed 1s
Sat Oct  3 00:56:49 2026 2271/4980 {'EXC:BrokenProcessPool': 2271} elapsed 1s
Sat Oct  3 00:56:49 2026 2272/4980 {'EXC:BrokenProcessPool': 2272} elapsed 1s
Sat Oct  3 00:56:49 2026 2273/4980 {'EXC:BrokenProcessPool': 2273} elapsed 1s
Sat Oct  3 00:56:49 2026 2274/4980 {'EXC:BrokenProcessPool': 2274} elapsed 1s
Sat Oct  3 00:56:49 2026 2275/4980 {'EXC:BrokenProcessPool': 2275} elapsed 1s
Sat Oct  3 00:56:49 2026 2276/4980 {'EXC:BrokenProcessPool': 2276} elapsed 1s
Sat Oct  3 00:56:49 2026 2277/4980 {'EXC:BrokenProcessPool': 2277} elapsed 1s
Sat Oct  3 00:56:49 2026 2278/4980 {'EXC:BrokenProcessPool': 2278} elapsed 1s
Sat Oct  3 00:56:49 2026 2279/4980 {'EXC:BrokenProcessPool': 2279} elapsed 1s
Sat Oct  3 00:56:49 2026 2280/4980 {'EXC:BrokenProcessPool': 2280} elapsed 1s
Sat Oct  3 00:56:49 2026 2281/4980 {'EXC:BrokenProcessPool': 2281} elapsed 1s
Sat Oct  3 00:56:49 2026 2282/4980 {'EXC:BrokenProcessPool': 2282} elapsed 1s
Sat Oct  3 00:56:49 2026 2283/4980 {'EXC:BrokenProcessPool': 2283} elapsed 1s
Sat Oct  3 00:56:49 2026 2284/4980 {'EXC:BrokenProcessPool': 2284} elapsed 1s
Sat Oct  3 00:56:49 2026 2285/4980 {'EXC:BrokenProcessPool': 2285} elapsed 1s
Sat Oct  3 00:56:49 2026 2286/4980 {'EXC:BrokenProcessPool': 2286} elapsed 1s
Sat Oct  3 00:56:49 2026 2287/4980 {'EXC:BrokenProcessPool': 2287} elapsed 1s
Sat Oct  3 00:56:49 2026 2288/4980 {'EXC:BrokenProcessPool': 2288} elapsed 1s
Sat Oct  3 00:56:49 2026 2289/4980 {'EXC:BrokenProcessPool': 2289} elapsed 1s
Sat Oct  3 00:56:49 2026 2290/4980 {'EXC:BrokenProcessPool': 2290} elapsed 1s
Sat Oct  3 00:56:49 2026 2291/4980 {'EXC:BrokenProcessPool': 2291} elapsed 1s
Sat Oct  3 00:56:49 2026 2292/4980 {'EXC:BrokenProcessPool': 2292} elapsed 1s
Sat Oct  3 00:56:49 2026 2293/4980 {'EXC:BrokenProcessPool': 2293} elapsed 1s
Sat Oct  3 00:56:49 2026 2294/4980 {'EXC:BrokenProcessPool': 2294} elapsed 1s
Sat Oct  3 00:56:49 2026 2295/4980 {'EXC:BrokenProcessPool': 2295} elapsed 1s
Sat Oct  3 00:56:49 2026 2296/4980 {'EXC:BrokenProcessPool': 2296} elapsed 1s
Sat Oct  3 00:56:49 2026 2297/4980 {'EXC:BrokenProcessPool': 2297} elapsed 1s
Sat Oct  3 00:56:49 2026 2298/4980 {'EXC:BrokenProcessPool': 2298} elapsed 1s
Sat Oct  3 00:56:49 2026 2299/4980 {'EXC:BrokenProcessPool': 2299} elapsed 1s
Sat Oct  3 00:56:49 2026 2300/4980 {'EXC:BrokenProcessPool': 2300} elapsed 1s
Sat Oct  3 00:56:49 2026 2301/4980 {'EXC:BrokenProcessPool': 2301} elapsed 1s
Sat Oct  3 00:56:49 2026 2302/4980 {'EXC:BrokenProcessPool': 2302} elapsed 1s
Sat Oct  3 00:56:49 2026 2303/4980 {'EXC:BrokenProcessPool': 2303} elapsed 1s
Sat Oct  3 00:56:49 2026 2304/4980 {'EXC:BrokenProcessPool': 2304} elapsed 1s
Sat Oct  3 00:56:49 2026 2305/4980 {'EXC:BrokenProcessPool': 2305} elapsed 1s
Sat Oct  3 00:56:49 2026 2306/4980 {'EXC:BrokenProcessPool': 2306} elapsed 1s
Sat Oct  3 00:56:49 2026 2307/4980 {'EXC:BrokenProcessPool': 2307} elapsed 1s
Sat Oct  3 00:56:49 2026 2308/4980 {'EXC:BrokenProcessPool': 2308} elapsed 1s
Sat Oct  3 00:56:49 2026 2309/4980 {'EXC:BrokenProcessPool': 2309} elapsed 1s
Sat Oct  3 00:56:49 2026 2310/4980 {'EXC:BrokenProcessPool': 2310} elapsed 1s
Sat Oct  3 00:56:49 2026 2311/4980 {'EXC:BrokenProcessPool': 2311} elapsed 1s
Sat Oct  3 00:56:49 2026 2312/4980 {'EXC:BrokenProcessPool': 2312} elapsed 1s
Sat Oct  3 00:56:49 2026 2313/4980 {'EXC:BrokenProcessPool': 2313} elapsed 1s
Sat Oct  3 00:56:49 2026 2314/4980 {'EXC:BrokenProcessPool': 2314} elapsed 1s
Sat Oct  3 00:56:49 2026 2315/4980 {'EXC:BrokenProcessPool': 2315} elapsed 1s
Sat Oct  3 00:56:49 2026 2316/4980 {'EXC:BrokenProcessPool': 2316} elapsed 1s
Sat Oct  3 00:56:49 2026 2317/4980 {'EXC:BrokenProcessPool': 2317} elapsed 1s
Sat Oct  3 00:56:49 2026 2318/4980 {'EXC:BrokenProcessPool': 2318} elapsed 1s
Sat Oct  3 00:56:49 2026 2319/4980 {'EXC:BrokenProcessPool': 2319} elapsed 1s
Sat Oct  3 00:56:49 2026 2320/4980 {'EXC:BrokenProcessPool': 2320} elapsed 1s
Sat Oct  3 00:56:49 2026 2321/4980 {'EXC:BrokenProcessPool': 2321} elapsed 1s
Sat Oct  3 00:56:49 2026 2322/4980 {'EXC:BrokenProcessPool': 2322} elapsed 1s
Sat Oct  3 00:56:49 2026 2323/4980 {'EXC:BrokenProcessPool': 2323} elapsed 1s
Sat Oct  3 00:56:49 2026 2324/4980 {'EXC:BrokenProcessPool': 2324} elapsed 1s
Sat Oct  3 00:56:49 2026 2325/4980 {'EXC:BrokenProcessPool': 2325} elapsed 1s
Sat Oct  3 00:56:49 2026 2326/4980 {'EXC:BrokenProcessPool': 2326} elapsed 1s
Sat Oct  3 00:56:49 2026 2327/4980 {'EXC:BrokenProcessPool': 2327} elapsed 1s
Sat Oct  3 00:56:49 2026 2328/4980 {'EXC:BrokenProcessPool': 2328} elapsed 1s
Sat Oct  3 00:56:49 2026 2329/4980 {'EXC:BrokenProcessPool': 2329} elapsed 1s
Sat Oct  3 00:56:49 2026 2330/4980 {'EXC:BrokenProcessPool': 2330} elapsed 1s
Sat Oct  3 00:56:49 2026 2331/4980 {'EXC:BrokenProcessPool': 2331} elapsed 1s
Sat Oct  3 00:56:49 2026 2332/4980 {'EXC:BrokenProcessPool': 2332} elapsed 1s
Sat Oct  3 00:56:49 2026 2333/4980 {'EXC:BrokenProcessPool': 2333} elapsed 1s
Sat Oct  3 00:56:49 2026 2334/4980 {'EXC:BrokenProcessPool': 2334} elapsed 1s
Sat Oct  3 00:56:49 2026 2335/4980 {'EXC:BrokenProcessPool': 2335} elapsed 1s
Sat Oct  3 00:56:49 2026 2336/4980 {'EXC:BrokenProcessPool': 2336} elapsed 1s
Sat Oct  3 00:56:49 2026 2337/4980 {'EXC:BrokenProcessPool': 2337} elapsed 1s
Sat Oct  3 00:56:49 2026 2338/4980 {'EXC:BrokenProcessPool': 2338} elapsed 1s
Sat Oct  3 00:56:49 2026 2339/4980 {'EXC:BrokenProcessPool': 2339} elapsed 1s
Sat Oct  3 00:56:49 2026 2340/4980 {'EXC:BrokenProcessPool': 2340} elapsed 1s
Sat Oct  3 00:56:49 2026 2341/4980 {'EXC:BrokenProcessPool': 2341} elapsed 1s
Sat Oct  3 00:56:49 2026 2342/4980 {'EXC:BrokenProcessPool': 2342} elapsed 1s
Sat Oct  3 00:56:49 2026 2343/4980 {'EXC:BrokenProcessPool': 2343} elapsed 1s
Sat Oct  3 00:56:49 2026 2344/4980 {'EXC:BrokenProcessPool': 2344} elapsed 1s
Sat Oct  3 00:56:49 2026 2345/4980 {'EXC:BrokenProcessPool': 2345} elapsed 1s
Sat Oct  3 00:56:49 2026 2346/4980 {'EXC:BrokenProcessPool': 2346} elapsed 1s
Sat Oct  3 00:56:49 2026 2347/4980 {'EXC:BrokenProcessPool': 2347} elapsed 1s
Sat Oct  3 00:56:49 2026 2348/4980 {'EXC:BrokenProcessPool': 2348} elapsed 1s
Sat Oct  3 00:56:49 2026 2349/4980 {'EXC:BrokenProcessPool': 2349} elapsed 1s
Sat Oct  3 00:56:49 2026 2350/4980 {'EXC:BrokenProcessPool': 2350} elapsed 1s
Sat Oct  3 00:56:49 2026 2351/4980 {'EXC:BrokenProcessPool': 2351} elapsed 1s
Sat Oct  3 00:56:49 2026 2352/4980 {'EXC:BrokenProcessPool': 2352} elapsed 1s
Sat Oct  3 00:56:49 2026 2353/4980 {'EXC:BrokenProcessPool': 2353} elapsed 1s
Sat Oct  3 00:56:49 2026 2354/4980 {'EXC:BrokenProcessPool': 2354} elapsed 1s
Sat Oct  3 00:56:49 2026 2355/4980 {'EXC:BrokenProcessPool': 2355} elapsed 1s
Sat Oct  3 00:56:49 2026 2356/4980 {'EXC:BrokenProcessPool': 2356} elapsed 1s
Sat Oct  3 00:56:49 2026 2357/4980 {'EXC:BrokenProcessPool': 2357} elapsed 1s
Sat Oct  3 00:56:49 2026 2358/4980 {'EXC:BrokenProcessPool': 2358} elapsed 1s
Sat Oct  3 00:56:49 2026 2359/4980 {'EXC:BrokenProcessPool': 2359} elapsed 1s
Sat Oct  3 00:56:49 2026 2360/4980 {'EXC:BrokenProcessPool': 2360} elapsed 1s
Sat Oct  3 00:56:49 2026 2361/4980 {'EXC:BrokenProcessPool': 2361} elapsed 1s
Sat Oct  3 00:56:49 2026 2362/4980 {'EXC:BrokenProcessPool': 2362} elapsed 1s
Sat Oct  3 00:56:49 2026 2363/4980 {'EXC:BrokenProcessPool': 2363} elapsed 1s
Sat Oct  3 00:56:49 2026 2364/4980 {'EXC:BrokenProcessPool': 2364} elapsed 1s
Sat Oct  3 00:56:49 2026 2365/4980 {'EXC:BrokenProcessPool': 2365} elapsed 1s
Sat Oct  3 00:56:49 2026 2366/4980 {'EXC:BrokenProcessPool': 2366} elapsed 1s
Sat Oct  3 00:56:49 2026 2367/4980 {'EXC:BrokenProcessPool': 2367} elapsed 1s
Sat Oct  3 00:56:49 2026 2368/4980 {'EXC:BrokenProcessPool': 2368} elapsed 1s
Sat Oct  3 00:56:49 2026 2369/4980 {'EXC:BrokenProcessPool': 2369} elapsed 1s
Sat Oct  3 00:56:49 2026 2370/4980 {'EXC:BrokenProcessPool': 2370} elapsed 1s
Sat Oct  3 00:56:49 2026 2371/4980 {'EXC:BrokenProcessPool': 2371} elapsed 1s
Sat Oct  3 00:56:49 2026 2372/4980 {'EXC:BrokenProcessPool': 2372} elapsed 1s
Sat Oct  3 00:56:49 2026 2373/4980 {'EXC:BrokenProcessPool': 2373} elapsed 1s
Sat Oct  3 00:56:49 2026 2374/4980 {'EXC:BrokenProcessPool': 2374} elapsed 1s
Sat Oct  3 00:56:49 2026 2375/4980 {'EXC:BrokenProcessPool': 2375} elapsed 1s
Sat Oct  3 00:56:49 2026 2376/4980 {'EXC:BrokenProcessPool': 2376} elapsed 1s
Sat Oct  3 00:56:49 2026 2377/4980 {'EXC:BrokenProcessPool': 2377} elapsed 1s
Sat Oct  3 00:56:49 2026 2378/4980 {'EXC:BrokenProcessPool': 2378} elapsed 1s
Sat Oct  3 00:56:49 2026 2379/4980 {'EXC:BrokenProcessPool': 2379} elapsed 1s
Sat Oct  3 00:56:49 2026 2380/4980 {'EXC:BrokenProcessPool': 2380} elapsed 1s
Sat Oct  3 00:56:49 2026 2381/4980 {'EXC:BrokenProcessPool': 2381} elapsed 1s
Sat Oct  3 00:56:49 2026 2382/4980 {'EXC:BrokenProcessPool': 2382} elapsed 1s
Sat Oct  3 00:56:49 2026 2383/4980 {'EXC:BrokenProcessPool': 2383} elapsed 1s
Sat Oct  3 00:56:49 2026 2384/4980 {'EXC:BrokenProcessPool': 2384} elapsed 1s
Sat Oct  3 00:56:49 2026 2385/4980 {'EXC:BrokenProcessPool': 2385} elapsed 1s
Sat Oct  3 00:56:49 2026 2386/4980 {'EXC:BrokenProcessPool': 2386} elapsed 1s
Sat Oct  3 00:56:49 2026 2387/4980 {'EXC:BrokenProcessPool': 2387} elapsed 1s
Sat Oct  3 00:56:49 2026 2388/4980 {'EXC:BrokenProcessPool': 2388} elapsed 1s
Sat Oct  3 00:56:49 2026 2389/4980 {'EXC:BrokenProcessPool': 2389} elapsed 1s
Sat Oct  3 00:56:49 2026 2390/4980 {'EXC:BrokenProcessPool': 2390} elapsed 1s
Sat Oct  3 00:56:49 2026 2391/4980 {'EXC:BrokenProcessPool': 2391} elapsed 1s
Sat Oct  3 00:56:49 2026 2392/4980 {'EXC:BrokenProcessPool': 2392} elapsed 1s
Sat Oct  3 00:56:49 2026 2393/4980 {'EXC:BrokenProcessPool': 2393} elapsed 1s
Sat Oct  3 00:56:49 2026 2394/4980 {'EXC:BrokenProcessPool': 2394} elapsed 1s
Sat Oct  3 00:56:49 2026 2395/4980 {'EXC:BrokenProcessPool': 2395} elapsed 1s
Sat Oct  3 00:56:49 2026 2396/4980 {'EXC:BrokenProcessPool': 2396} elapsed 1s
Sat Oct  3 00:56:49 2026 2397/4980 {'EXC:BrokenProcessPool': 2397} elapsed 1s
Sat Oct  3 00:56:49 2026 2398/4980 {'EXC:BrokenProcessPool': 2398} elapsed 1s
Sat Oct  3 00:56:49 2026 2399/4980 {'EXC:BrokenProcessPool': 2399} elapsed 1s
Sat Oct  3 00:56:49 2026 2400/4980 {'EXC:BrokenProcessPool': 2400} elapsed 1s
Sat Oct  3 00:56:49 2026 2401/4980 {'EXC:BrokenProcessPool': 2401} elapsed 1s
Sat Oct  3 00:56:49 2026 2402/4980 {'EXC:BrokenProcessPool': 2402} elapsed 1s
Sat Oct  3 00:56:49 2026 2403/4980 {'EXC:BrokenProcessPool': 2403} elapsed 1s
Sat Oct  3 00:56:49 2026 2404/4980 {'EXC:BrokenProcessPool': 2404} elapsed 1s
Sat Oct  3 00:56:49 2026 2405/4980 {'EXC:BrokenProcessPool': 2405} elapsed 1s
Sat Oct  3 00:56:49 2026 2406/4980 {'EXC:BrokenProcessPool': 2406} elapsed 1s
Sat Oct  3 00:56:49 2026 2407/4980 {'EXC:BrokenProcessPool': 2407} elapsed 1s
Sat Oct  3 00:56:49 2026 2408/4980 {'EXC:BrokenProcessPool': 2408} elapsed 1s
Sat Oct  3 00:56:49 2026 2409/4980 {'EXC:BrokenProcessPool': 2409} elapsed 1s
Sat Oct  3 00:56:49 2026 2410/4980 {'EXC:BrokenProcessPool': 2410} elapsed 1s
Sat Oct  3 00:56:49 2026 2411/4980 {'EXC:BrokenProcessPool': 2411} elapsed 1s
Sat Oct  3 00:56:49 2026 2412/4980 {'EXC:BrokenProcessPool': 2412} elapsed 1s
Sat Oct  3 00:56:49 2026 2413/4980 {'EXC:BrokenProcessPool': 2413} elapsed 1s
Sat Oct  3 00:56:49 2026 2414/4980 {'EXC:BrokenProcessPool': 2414} elapsed 1s
Sat Oct  3 00:56:49 2026 2415/4980 {'EXC:BrokenProcessPool': 2415} elapsed 1s
Sat Oct  3 00:56:49 2026 2416/4980 {'EXC:BrokenProcessPool': 2416} elapsed 1s
Sat Oct  3 00:56:49 2026 2417/4980 {'EXC:BrokenProcessPool': 2417} elapsed 1s
Sat Oct  3 00:56:49 2026 2418/4980 {'EXC:BrokenProcessPool': 2418} elapsed 1s
Sat Oct  3 00:56:49 2026 2419/4980 {'EXC:BrokenProcessPool': 2419} elapsed 1s
Sat Oct  3 00:56:49 2026 2420/4980 {'EXC:BrokenProcessPool': 2420} elapsed 1s
Sat Oct  3 00:56:49 2026 2421/4980 {'EXC:BrokenProcessPool': 2421} elapsed 1s
Sat Oct  3 00:56:49 2026 2422/4980 {'EXC:BrokenProcessPool': 2422} elapsed 1s
Sat Oct  3 00:56:49 2026 2423/4980 {'EXC:BrokenProcessPool': 2423} elapsed 1s
Sat Oct  3 00:56:49 2026 2424/4980 {'EXC:BrokenProcessPool': 2424} elapsed 1s
Sat Oct  3 00:56:49 2026 2425/4980 {'EXC:BrokenProcessPool': 2425} elapsed 1s
Sat Oct  3 00:56:49 2026 2426/4980 {'EXC:BrokenProcessPool': 2426} elapsed 1s
Sat Oct  3 00:56:49 2026 2427/4980 {'EXC:BrokenProcessPool': 2427} elapsed 1s
Sat Oct  3 00:56:49 2026 2428/4980 {'EXC:BrokenProcessPool': 2428} elapsed 1s
Sat Oct  3 00:56:49 2026 2429/4980 {'EXC:BrokenProcessPool': 2429} elapsed 1s
Sat Oct  3 00:56:49 2026 2430/4980 {'EXC:BrokenProcessPool': 2430} elapsed 1s
Sat Oct  3 00:56:49 2026 2431/4980 {'EXC:BrokenProcessPool': 2431} elapsed 1s
Sat Oct  3 00:56:49 2026 2432/4980 {'EXC:BrokenProcessPool': 2432} elapsed 1s
Sat Oct  3 00:56:49 2026 2433/4980 {'EXC:BrokenProcessPool': 2433} elapsed 1s
Sat Oct  3 00:56:49 2026 2434/4980 {'EXC:BrokenProcessPool': 2434} elapsed 1s
Sat Oct  3 00:56:49 2026 2435/4980 {'EXC:BrokenProcessPool': 2435} elapsed 1s
Sat Oct  3 00:56:49 2026 2436/4980 {'EXC:BrokenProcessPool': 2436} elapsed 1s
Sat Oct  3 00:56:49 2026 2437/4980 {'EXC:BrokenProcessPool': 2437} elapsed 1s
Sat Oct  3 00:56:49 2026 2438/4980 {'EXC:BrokenProcessPool': 2438} elapsed 1s
Sat Oct  3 00:56:49 2026 2439/4980 {'EXC:BrokenProcessPool': 2439} elapsed 1s
Sat Oct  3 00:56:49 2026 2440/4980 {'EXC:BrokenProcessPool': 2440} elapsed 1s
Sat Oct  3 00:56:49 2026 2441/4980 {'EXC:BrokenProcessPool': 2441} elapsed 1s
Sat Oct  3 00:56:49 2026 2442/4980 {'EXC:BrokenProcessPool': 2442} elapsed 1s
Sat Oct  3 00:56:49 2026 2443/4980 {'EXC:BrokenProcessPool': 2443} elapsed 1s
Sat Oct  3 00:56:49 2026 2444/4980 {'EXC:BrokenProcessPool': 2444} elapsed 1s
Sat Oct  3 00:56:49 2026 2445/4980 {'EXC:BrokenProcessPool': 2445} elapsed 1s
Sat Oct  3 00:56:49 2026 2446/4980 {'EXC:BrokenProcessPool': 2446} elapsed 1s
Sat Oct  3 00:56:49 2026 2447/4980 {'EXC:BrokenProcessPool': 2447} elapsed 1s
Sat Oct  3 00:56:49 2026 2448/4980 {'EXC:BrokenProcessPool': 2448} elapsed 1s
Sat Oct  3 00:56:49 2026 2449/4980 {'EXC:BrokenProcessPool': 2449} elapsed 1s
Sat Oct  3 00:56:49 2026 2450/4980 {'EXC:BrokenProcessPool': 2450} elapsed 1s
Sat Oct  3 00:56:49 2026 2451/4980 {'EXC:BrokenProcessPool': 2451} elapsed 1s
Sat Oct  3 00:56:49 2026 2452/4980 {'EXC:BrokenProcessPool': 2452} elapsed 1s
Sat Oct  3 00:56:49 2026 2453/4980 {'EXC:BrokenProcessPool': 2453} elapsed 1s
Sat Oct  3 00:56:49 2026 2454/4980 {'EXC:BrokenProcessPool': 2454} elapsed 1s
Sat Oct  3 00:56:49 2026 2455/4980 {'EXC:BrokenProcessPool': 2455} elapsed 1s
Sat Oct  3 00:56:49 2026 2456/4980 {'EXC:BrokenProcessPool': 2456} elapsed 1s
Sat Oct  3 00:56:49 2026 2457/4980 {'EXC:BrokenProcessPool': 2457} elapsed 1s
Sat Oct  3 00:56:49 2026 2458/4980 {'EXC:BrokenProcessPool': 2458} elapsed 1s
Sat Oct  3 00:56:49 2026 2459/4980 {'EXC:BrokenProcessPool': 2459} elapsed 1s
Sat Oct  3 00:56:49 2026 2460/4980 {'EXC:BrokenProcessPool': 2460} elapsed 1s
Sat Oct  3 00:56:49 2026 2461/4980 {'EXC:BrokenProcessPool': 2461} elapsed 1s
Sat Oct  3 00:56:49 2026 2462/4980 {'EXC:BrokenProcessPool': 2462} elapsed 1s
Sat Oct  3 00:56:49 2026 2463/4980 {'EXC:BrokenProcessPool': 2463} elapsed 1s
Sat Oct  3 00:56:49 2026 2464/4980 {'EXC:BrokenProcessPool': 2464} elapsed 1s
Sat Oct  3 00:56:49 2026 2465/4980 {'EXC:BrokenProcessPool': 2465} elapsed 1s
Sat Oct  3 00:56:49 2026 2466/4980 {'EXC:BrokenProcessPool': 2466} elapsed 1s
Sat Oct  3 00:56:49 2026 2467/4980 {'EXC:BrokenProcessPool': 2467} elapsed 1s
Sat Oct  3 00:56:49 2026 2468/4980 {'EXC:BrokenProcessPool': 2468} elapsed 1s
Sat Oct  3 00:56:49 2026 2469/4980 {'EXC:BrokenProcessPool': 2469} elapsed 1s
Sat Oct  3 00:56:49 2026 2470/4980 {'EXC:BrokenProcessPool': 2470} elapsed 1s
Sat Oct  3 00:56:49 2026 2471/4980 {'EXC:BrokenProcessPool': 2471} elapsed 1s
Sat Oct  3 00:56:49 2026 2472/4980 {'EXC:BrokenProcessPool': 2472} elapsed 1s
Sat Oct  3 00:56:49 2026 2473/4980 {'EXC:BrokenProcessPool': 2473} elapsed 1s
Sat Oct  3 00:56:49 2026 2474/4980 {'EXC:BrokenProcessPool': 2474} elapsed 1s
Sat Oct  3 00:56:49 2026 2475/4980 {'EXC:BrokenProcessPool': 2475} elapsed 1s
Sat Oct  3 00:56:49 2026 2476/4980 {'EXC:BrokenProcessPool': 2476} elapsed 1s
Sat Oct  3 00:56:49 2026 2477/4980 {'EXC:BrokenProcessPool': 2477} elapsed 1s
Sat Oct  3 00:56:49 2026 2478/4980 {'EXC:BrokenProcessPool': 2478} elapsed 1s
Sat Oct  3 00:56:49 2026 2479/4980 {'EXC:BrokenProcessPool': 2479} elapsed 1s
Sat Oct  3 00:56:49 2026 2480/4980 {'EXC:BrokenProcessPool': 2480} elapsed 1s
Sat Oct  3 00:56:49 2026 2481/4980 {'EXC:BrokenProcessPool': 2481} elapsed 1s
Sat Oct  3 00:56:49 2026 2482/4980 {'EXC:BrokenProcessPool': 2482} elapsed 1s
Sat Oct  3 00:56:49 2026 2483/4980 {'EXC:BrokenProcessPool': 2483} elapsed 1s
Sat Oct  3 00:56:49 2026 2484/4980 {'EXC:BrokenProcessPool': 2484} elapsed 1s
Sat Oct  3 00:56:49 2026 2485/4980 {'EXC:BrokenProcessPool': 2485} elapsed 1s
Sat Oct  3 00:56:49 2026 2486/4980 {'EXC:BrokenProcessPool': 2486} elapsed 1s
Sat Oct  3 00:56:49 2026 2487/4980 {'EXC:BrokenProcessPool': 2487} elapsed 1s
Sat Oct  3 00:56:49 2026 2488/4980 {'EXC:BrokenProcessPool': 2488} elapsed 1s
Sat Oct  3 00:56:49 2026 2489/4980 {'EXC:BrokenProcessPool': 2489} elapsed 1s
Sat Oct  3 00:56:49 2026 2490/4980 {'EXC:BrokenProcessPool': 2490} elapsed 1s
Sat Oct  3 00:56:49 2026 2491/4980 {'EXC:BrokenProcessPool': 2491} elapsed 1s
Sat Oct  3 00:56:49 2026 2492/4980 {'EXC:BrokenProcessPool': 2492} elapsed 1s
Sat Oct  3 00:56:49 2026 2493/4980 {'EXC:BrokenProcessPool': 2493} elapsed 1s
Sat Oct  3 00:56:49 2026 2494/4980 {'EXC:BrokenProcessPool': 2494} elapsed 1s
Sat Oct  3 00:56:49 2026 2495/4980 {'EXC:BrokenProcessPool': 2495} elapsed 1s
Sat Oct  3 00:56:49 2026 2496/4980 {'EXC:BrokenProcessPool': 2496} elapsed 1s
Sat Oct  3 00:56:49 2026 2497/4980 {'EXC:BrokenProcessPool': 2497} elapsed 1s
Sat Oct  3 00:56:49 2026 2498/4980 {'EXC:BrokenProcessPool': 2498} elapsed 1s
Sat Oct  3 00:56:49 2026 2499/4980 {'EXC:BrokenProcessPool': 2499} elapsed 1s
Sat Oct  3 00:56:49 2026 2500/4980 {'EXC:BrokenProcessPool': 2500} elapsed 1s
Sat Oct  3 00:56:49 2026 2501/4980 {'EXC:BrokenProcessPool': 2501} elapsed 1s
Sat Oct  3 00:56:49 2026 2502/4980 {'EXC:BrokenProcessPool': 2502} elapsed 1s
Sat Oct  3 00:56:49 2026 2503/4980 {'EXC:BrokenProcessPool': 2503} elapsed 1s
Sat Oct  3 00:56:49 2026 2504/4980 {'EXC:BrokenProcessPool': 2504} elapsed 1s
Sat Oct  3 00:56:49 2026 2505/4980 {'EXC:BrokenProcessPool': 2505} elapsed 1s
Sat Oct  3 00:56:49 2026 2506/4980 {'EXC:BrokenProcessPool': 2506} elapsed 1s
Sat Oct  3 00:56:49 2026 2507/4980 {'EXC:BrokenProcessPool': 2507} elapsed 1s
Sat Oct  3 00:56:49 2026 2508/4980 {'EXC:BrokenProcessPool': 2508} elapsed 1s
Sat Oct  3 00:56:49 2026 2509/4980 {'EXC:BrokenProcessPool': 2509} elapsed 1s
Sat Oct  3 00:56:49 2026 2510/4980 {'EXC:BrokenProcessPool': 2510} elapsed 1s
Sat Oct  3 00:56:49 2026 2511/4980 {'EXC:BrokenProcessPool': 2511} elapsed 1s
Sat Oct  3 00:56:49 2026 2512/4980 {'EXC:BrokenProcessPool': 2512} elapsed 1s
Sat Oct  3 00:56:49 2026 2513/4980 {'EXC:BrokenProcessPool': 2513} elapsed 1s
Sat Oct  3 00:56:49 2026 2514/4980 {'EXC:BrokenProcessPool': 2514} elapsed 1s
Sat Oct  3 00:56:49 2026 2515/4980 {'EXC:BrokenProcessPool': 2515} elapsed 1s
Sat Oct  3 00:56:49 2026 2516/4980 {'EXC:BrokenProcessPool': 2516} elapsed 1s
Sat Oct  3 00:56:49 2026 2517/4980 {'EXC:BrokenProcessPool': 2517} elapsed 1s
Sat Oct  3 00:56:49 2026 2518/4980 {'EXC:BrokenProcessPool': 2518} elapsed 1s
Sat Oct  3 00:56:49 2026 2519/4980 {'EXC:BrokenProcessPool': 2519} elapsed 1s
Sat Oct  3 00:56:49 2026 2520/4980 {'EXC:BrokenProcessPool': 2520} elapsed 1s
Sat Oct  3 00:56:49 2026 2521/4980 {'EXC:BrokenProcessPool': 2521} elapsed 1s
Sat Oct  3 00:56:49 2026 2522/4980 {'EXC:BrokenProcessPool': 2522} elapsed 1s
Sat Oct  3 00:56:49 2026 2523/4980 {'EXC:BrokenProcessPool': 2523} elapsed 1s
Sat Oct  3 00:56:49 2026 2524/4980 {'EXC:BrokenProcessPool': 2524} elapsed 1s
Sat Oct  3 00:56:49 2026 2525/4980 {'EXC:BrokenProcessPool': 2525} elapsed 1s
Sat Oct  3 00:56:49 2026 2526/4980 {'EXC:BrokenProcessPool': 2526} elapsed 1s
Sat Oct  3 00:56:49 2026 2527/4980 {'EXC:BrokenProcessPool': 2527} elapsed 1s
Sat Oct  3 00:56:49 2026 2528/4980 {'EXC:BrokenProcessPool': 2528} elapsed 1s
Sat Oct  3 00:56:49 2026 2529/4980 {'EXC:BrokenProcessPool': 2529} elapsed 1s
Sat Oct  3 00:56:49 2026 2530/4980 {'EXC:BrokenProcessPool': 2530} elapsed 1s
Sat Oct  3 00:56:49 2026 2531/4980 {'EXC:BrokenProcessPool': 2531} elapsed 1s
Sat Oct  3 00:56:49 2026 2532/4980 {'EXC:BrokenProcessPool': 2532} elapsed 1s
Sat Oct  3 00:56:49 2026 2533/4980 {'EXC:BrokenProcessPool': 2533} elapsed 1s
Sat Oct  3 00:56:49 2026 2534/4980 {'EXC:BrokenProcessPool': 2534} elapsed 1s
Sat Oct  3 00:56:49 2026 2535/4980 {'EXC:BrokenProcessPool': 2535} elapsed 1s
Sat Oct  3 00:56:49 2026 2536/4980 {'EXC:BrokenProcessPool': 2536} elapsed 1s
Sat Oct  3 00:56:49 2026 2537/4980 {'EXC:BrokenProcessPool': 2537} elapsed 1s
Sat Oct  3 00:56:49 2026 2538/4980 {'EXC:BrokenProcessPool': 2538} elapsed 1s
Sat Oct  3 00:56:49 2026 2539/4980 {'EXC:BrokenProcessPool': 2539} elapsed 1s
Sat Oct  3 00:56:49 2026 2540/4980 {'EXC:BrokenProcessPool': 2540} elapsed 1s
Sat Oct  3 00:56:49 2026 2541/4980 {'EXC:BrokenProcessPool': 2541} elapsed 1s
Sat Oct  3 00:56:49 2026 2542/4980 {'EXC:BrokenProcessPool': 2542} elapsed 1s
Sat Oct  3 00:56:49 2026 2543/4980 {'EXC:BrokenProcessPool': 2543} elapsed 1s
Sat Oct  3 00:56:49 2026 2544/4980 {'EXC:BrokenProcessPool': 2544} elapsed 1s
Sat Oct  3 00:56:49 2026 2545/4980 {'EXC:BrokenProcessPool': 2545} elapsed 1s
Sat Oct  3 00:56:49 2026 2546/4980 {'EXC:BrokenProcessPool': 2546} elapsed 1s
Sat Oct  3 00:56:49 2026 2547/4980 {'EXC:BrokenProcessPool': 2547} elapsed 1s
Sat Oct  3 00:56:49 2026 2548/4980 {'EXC:BrokenProcessPool': 2548} elapsed 1s
Sat Oct  3 00:56:49 2026 2549/4980 {'EXC:BrokenProcessPool': 2549} elapsed 1s
Sat Oct  3 00:56:49 2026 2550/4980 {'EXC:BrokenProcessPool': 2550} elapsed 1s
Sat Oct  3 00:56:49 2026 2551/4980 {'EXC:BrokenProcessPool': 2551} elapsed 1s
Sat Oct  3 00:56:49 2026 2552/4980 {'EXC:BrokenProcessPool': 2552} elapsed 1s
Sat Oct  3 00:56:49 2026 2553/4980 {'EXC:BrokenProcessPool': 2553} elapsed 1s
Sat Oct  3 00:56:49 2026 2554/4980 {'EXC:BrokenProcessPool': 2554} elapsed 1s
Sat Oct  3 00:56:49 2026 2555/4980 {'EXC:BrokenProcessPool': 2555} elapsed 1s
Sat Oct  3 00:56:49 2026 2556/4980 {'EXC:BrokenProcessPool': 2556} elapsed 1s
Sat Oct  3 00:56:49 2026 2557/4980 {'EXC:BrokenProcessPool': 2557} elapsed 1s
Sat Oct  3 00:56:49 2026 2558/4980 {'EXC:BrokenProcessPool': 2558} elapsed 1s
Sat Oct  3 00:56:49 2026 2559/4980 {'EXC:BrokenProcessPool': 2559} elapsed 1s
Sat Oct  3 00:56:49 2026 2560/4980 {'EXC:BrokenProcessPool': 2560} elapsed 1s
Sat Oct  3 00:56:49 2026 2561/4980 {'EXC:BrokenProcessPool': 2561} elapsed 1s
Sat Oct  3 00:56:49 2026 2562/4980 {'EXC:BrokenProcessPool': 2562} elapsed 1s
Sat Oct  3 00:56:49 2026 2563/4980 {'EXC:BrokenProcessPool': 2563} elapsed 1s
Sat Oct  3 00:56:49 2026 2564/4980 {'EXC:BrokenProcessPool': 2564} elapsed 1s
Sat Oct  3 00:56:49 2026 2565/4980 {'EXC:BrokenProcessPool': 2565} elapsed 1s
Sat Oct  3 00:56:49 2026 2566/4980 {'EXC:BrokenProcessPool': 2566} elapsed 1s
Sat Oct  3 00:56:49 2026 2567/4980 {'EXC:BrokenProcessPool': 2567} elapsed 1s
Sat Oct  3 00:56:49 2026 2568/4980 {'EXC:BrokenProcessPool': 2568} elapsed 1s
Sat Oct  3 00:56:49 2026 2569/4980 {'EXC:BrokenProcessPool': 2569} elapsed 1s
Sat Oct  3 00:56:49 2026 2570/4980 {'EXC:BrokenProcessPool': 2570} elapsed 1s
Sat Oct  3 00:56:49 2026 2571/4980 {'EXC:BrokenProcessPool': 2571} elapsed 1s
Sat Oct  3 00:56:49 2026 2572/4980 {'EXC:BrokenProcessPool': 2572} elapsed 1s
Sat Oct  3 00:56:49 2026 2573/4980 {'EXC:BrokenProcessPool': 2573} elapsed 1s
Sat Oct  3 00:56:49 2026 2574/4980 {'EXC:BrokenProcessPool': 2574} elapsed 1s
Sat Oct  3 00:56:49 2026 2575/4980 {'EXC:BrokenProcessPool': 2575} elapsed 1s
Sat Oct  3 00:56:49 2026 2576/4980 {'EXC:BrokenProcessPool': 2576} elapsed 1s
Sat Oct  3 00:56:49 2026 2577/4980 {'EXC:BrokenProcessPool': 2577} elapsed 1s
Sat Oct  3 00:56:49 2026 2578/4980 {'EXC:BrokenProcessPool': 2578} elapsed 1s
Sat Oct  3 00:56:49 2026 2579/4980 {'EXC:BrokenProcessPool': 2579} elapsed 1s
Sat Oct  3 00:56:49 2026 2580/4980 {'EXC:BrokenProcessPool': 2580} elapsed 1s
Sat Oct  3 00:56:49 2026 2581/4980 {'EXC:BrokenProcessPool': 2581} elapsed 1s
Sat Oct  3 00:56:49 2026 2582/4980 {'EXC:BrokenProcessPool': 2582} elapsed 1s
Sat Oct  3 00:56:49 2026 2583/4980 {'EXC:BrokenProcessPool': 2583} elapsed 1s
Sat Oct  3 00:56:49 2026 2584/4980 {'EXC:BrokenProcessPool': 2584} elapsed 1s
Sat Oct  3 00:56:49 2026 2585/4980 {'EXC:BrokenProcessPool': 2585} elapsed 1s
Sat Oct  3 00:56:49 2026 2586/4980 {'EXC:BrokenProcessPool': 2586} elapsed 1s
Sat Oct  3 00:56:49 2026 2587/4980 {'EXC:BrokenProcessPool': 2587} elapsed 1s
Sat Oct  3 00:56:49 2026 2588/4980 {'EXC:BrokenProcessPool': 2588} elapsed 1s
Sat Oct  3 00:56:49 2026 2589/4980 {'EXC:BrokenProcessPool': 2589} elapsed 1s
Sat Oct  3 00:56:49 2026 2590/4980 {'EXC:BrokenProcessPool': 2590} elapsed 1s
Sat Oct  3 00:56:49 2026 2591/4980 {'EXC:BrokenProcessPool': 2591} elapsed 1s
Sat Oct  3 00:56:49 2026 2592/4980 {'EXC:BrokenProcessPool': 2592} elapsed 1s
Sat Oct  3 00:56:49 2026 2593/4980 {'EXC:BrokenProcessPool': 2593} elapsed 1s
Sat Oct  3 00:56:49 2026 2594/4980 {'EXC:BrokenProcessPool': 2594} elapsed 1s
Sat Oct  3 00:56:49 2026 2595/4980 {'EXC:BrokenProcessPool': 2595} elapsed 1s
Sat Oct  3 00:56:49 2026 2596/4980 {'EXC:BrokenProcessPool': 2596} elapsed 1s
Sat Oct  3 00:56:49 2026 2597/4980 {'EXC:BrokenProcessPool': 2597} elapsed 1s
Sat Oct  3 00:56:49 2026 2598/4980 {'EXC:BrokenProcessPool': 2598} elapsed 1s
Sat Oct  3 00:56:49 2026 2599/4980 {'EXC:BrokenProcessPool': 2599} elapsed 1s
Sat Oct  3 00:56:49 2026 2600/4980 {'EXC:BrokenProcessPool': 2600} elapsed 1s
Sat Oct  3 00:56:49 2026 2601/4980 {'EXC:BrokenProcessPool': 2601} elapsed 1s
Sat Oct  3 00:56:49 2026 2602/4980 {'EXC:BrokenProcessPool': 2602} elapsed 1s
Sat Oct  3 00:56:49 2026 2603/4980 {'EXC:BrokenProcessPool': 2603} elapsed 1s
Sat Oct  3 00:56:49 2026 2604/4980 {'EXC:BrokenProcessPool': 2604} elapsed 1s
Sat Oct  3 00:56:49 2026 2605/4980 {'EXC:BrokenProcessPool': 2605} elapsed 1s
Sat Oct  3 00:56:49 2026 2606/4980 {'EXC:BrokenProcessPool': 2606} elapsed 1s
Sat Oct  3 00:56:49 2026 2607/4980 {'EXC:BrokenProcessPool': 2607} elapsed 1s
Sat Oct  3 00:56:49 2026 2608/4980 {'EXC:BrokenProcessPool': 2608} elapsed 1s
Sat Oct  3 00:56:49 2026 2609/4980 {'EXC:BrokenProcessPool': 2609} elapsed 1s
Sat Oct  3 00:56:49 2026 2610/4980 {'EXC:BrokenProcessPool': 2610} elapsed 1s
Sat Oct  3 00:56:49 2026 2611/4980 {'EXC:BrokenProcessPool': 2611} elapsed 1s
Sat Oct  3 00:56:49 2026 2612/4980 {'EXC:BrokenProcessPool': 2612} elapsed 1s
Sat Oct  3 00:56:49 2026 2613/4980 {'EXC:BrokenProcessPool': 2613} elapsed 1s
Sat Oct  3 00:56:49 2026 2614/4980 {'EXC:BrokenProcessPool': 2614} elapsed 1s
Sat Oct  3 00:56:49 2026 2615/4980 {'EXC:BrokenProcessPool': 2615} elapsed 1s
Sat Oct  3 00:56:49 2026 2616/4980 {'EXC:BrokenProcessPool': 2616} elapsed 1s
Sat Oct  3 00:56:49 2026 2617/4980 {'EXC:BrokenProcessPool': 2617} elapsed 1s
Sat Oct  3 00:56:49 2026 2618/4980 {'EXC:BrokenProcessPool': 2618} elapsed 1s
Sat Oct  3 00:56:49 2026 2619/4980 {'EXC:BrokenProcessPool': 2619} elapsed 1s
Sat Oct  3 00:56:49 2026 2620/4980 {'EXC:BrokenProcessPool': 2620} elapsed 1s
Sat Oct  3 00:56:49 2026 2621/4980 {'EXC:BrokenProcessPool': 2621} elapsed 1s
Sat Oct  3 00:56:49 2026 2622/4980 {'EXC:BrokenProcessPool': 2622} elapsed 1s
Sat Oct  3 00:56:49 2026 2623/4980 {'EXC:BrokenProcessPool': 2623} elapsed 1s
Sat Oct  3 00:56:49 2026 2624/4980 {'EXC:BrokenProcessPool': 2624} elapsed 1s
Sat Oct  3 00:56:49 2026 2625/4980 {'EXC:BrokenProcessPool': 2625} elapsed 1s
Sat Oct  3 00:56:49 2026 2626/4980 {'EXC:BrokenProcessPool': 2626} elapsed 1s
Sat Oct  3 00:56:49 2026 2627/4980 {'EXC:BrokenProcessPool': 2627} elapsed 1s
Sat Oct  3 00:56:49 2026 2628/4980 {'EXC:BrokenProcessPool': 2628} elapsed 1s
Sat Oct  3 00:56:49 2026 2629/4980 {'EXC:BrokenProcessPool': 2629} elapsed 1s
Sat Oct  3 00:56:49 2026 2630/4980 {'EXC:BrokenProcessPool': 2630} elapsed 1s
Sat Oct  3 00:56:49 2026 2631/4980 {'EXC:BrokenProcessPool': 2631} elapsed 1s
Sat Oct  3 00:56:49 2026 2632/4980 {'EXC:BrokenProcessPool': 2632} elapsed 1s
Sat Oct  3 00:56:49 2026 2633/4980 {'EXC:BrokenProcessPool': 2633} elapsed 1s
Sat Oct  3 00:56:49 2026 2634/4980 {'EXC:BrokenProcessPool': 2634} elapsed 1s
Sat Oct  3 00:56:49 2026 2635/4980 {'EXC:BrokenProcessPool': 2635} elapsed 1s
Sat Oct  3 00:56:49 2026 2636/4980 {'EXC:BrokenProcessPool': 2636} elapsed 1s
Sat Oct  3 00:56:49 2026 2637/4980 {'EXC:BrokenProcessPool': 2637} elapsed 1s
Sat Oct  3 00:56:49 2026 2638/4980 {'EXC:BrokenProcessPool': 2638} elapsed 1s
Sat Oct  3 00:56:49 2026 2639/4980 {'EXC:BrokenProcessPool': 2639} elapsed 1s
Sat Oct  3 00:56:49 2026 2640/4980 {'EXC:BrokenProcessPool': 2640} elapsed 1s
Sat Oct  3 00:56:49 2026 2641/4980 {'EXC:BrokenProcessPool': 2641} elapsed 1s
Sat Oct  3 00:56:49 2026 2642/4980 {'EXC:BrokenProcessPool': 2642} elapsed 1s
Sat Oct  3 00:56:49 2026 2643/4980 {'EXC:BrokenProcessPool': 2643} elapsed 1s
Sat Oct  3 00:56:49 2026 2644/4980 {'EXC:BrokenProcessPool': 2644} elapsed 1s
Sat Oct  3 00:56:49 2026 2645/4980 {'EXC:BrokenProcessPool': 2645} elapsed 1s
Sat Oct  3 00:56:49 2026 2646/4980 {'EXC:BrokenProcessPool': 2646} elapsed 1s
Sat Oct  3 00:56:49 2026 2647/4980 {'EXC:BrokenProcessPool': 2647} elapsed 1s
Sat Oct  3 00:56:49 2026 2648/4980 {'EXC:BrokenProcessPool': 2648} elapsed 1s
Sat Oct  3 00:56:49 2026 2649/4980 {'EXC:BrokenProcessPool': 2649} elapsed 1s
Sat Oct  3 00:56:49 2026 2650/4980 {'EXC:BrokenProcessPool': 2650} elapsed 1s
Sat Oct  3 00:56:49 2026 2651/4980 {'EXC:BrokenProcessPool': 2651} elapsed 1s
Sat Oct  3 00:56:49 2026 2652/4980 {'EXC:BrokenProcessPool': 2652} elapsed 1s
Sat Oct  3 00:56:49 2026 2653/4980 {'EXC:BrokenProcessPool': 2653} elapsed 1s
Sat Oct  3 00:56:49 2026 2654/4980 {'EXC:BrokenProcessPool': 2654} elapsed 1s
Sat Oct  3 00:56:49 2026 2655/4980 {'EXC:BrokenProcessPool': 2655} elapsed 1s
Sat Oct  3 00:56:49 2026 2656/4980 {'EXC:BrokenProcessPool': 2656} elapsed 1s
Sat Oct  3 00:56:49 2026 2657/4980 {'EXC:BrokenProcessPool': 2657} elapsed 1s
Sat Oct  3 00:56:49 2026 2658/4980 {'EXC:BrokenProcessPool': 2658} elapsed 1s
Sat Oct  3 00:56:49 2026 2659/4980 {'EXC:BrokenProcessPool': 2659} elapsed 1s
Sat Oct  3 00:56:49 2026 2660/4980 {'EXC:BrokenProcessPool': 2660} elapsed 1s
Sat Oct  3 00:56:49 2026 2661/4980 {'EXC:BrokenProcessPool': 2661} elapsed 1s
Sat Oct  3 00:56:49 2026 2662/4980 {'EXC:BrokenProcessPool': 2662} elapsed 1s
Sat Oct  3 00:56:49 2026 2663/4980 {'EXC:BrokenProcessPool': 2663} elapsed 1s
Sat Oct  3 00:56:49 2026 2664/4980 {'EXC:BrokenProcessPool': 2664} elapsed 1s
Sat Oct  3 00:56:49 2026 2665/4980 {'EXC:BrokenProcessPool': 2665} elapsed 1s
Sat Oct  3 00:56:49 2026 2666/4980 {'EXC:BrokenProcessPool': 2666} elapsed 1s
Sat Oct  3 00:56:49 2026 2667/4980 {'EXC:BrokenProcessPool': 2667} elapsed 1s
Sat Oct  3 00:56:49 2026 2668/4980 {'EXC:BrokenProcessPool': 2668} elapsed 1s
Sat Oct  3 00:56:49 2026 2669/4980 {'EXC:BrokenProcessPool': 2669} elapsed 1s
Sat Oct  3 00:56:49 2026 2670/4980 {'EXC:BrokenProcessPool': 2670} elapsed 1s
Sat Oct  3 00:56:49 2026 2671/4980 {'EXC:BrokenProcessPool': 2671} elapsed 1s
Sat Oct  3 00:56:49 2026 2672/4980 {'EXC:BrokenProcessPool': 2672} elapsed 1s
Sat Oct  3 00:56:49 2026 2673/4980 {'EXC:BrokenProcessPool': 2673} elapsed 1s
Sat Oct  3 00:56:49 2026 2674/4980 {'EXC:BrokenProcessPool': 2674} elapsed 1s
Sat Oct  3 00:56:49 2026 2675/4980 {'EXC:BrokenProcessPool': 2675} elapsed 1s
Sat Oct  3 00:56:49 2026 2676/4980 {'EXC:BrokenProcessPool': 2676} elapsed 1s
Sat Oct  3 00:56:49 2026 2677/4980 {'EXC:BrokenProcessPool': 2677} elapsed 1s
Sat Oct  3 00:56:49 2026 2678/4980 {'EXC:BrokenProcessPool': 2678} elapsed 1s
Sat Oct  3 00:56:49 2026 2679/4980 {'EXC:BrokenProcessPool': 2679} elapsed 1s
Sat Oct  3 00:56:49 2026 2680/4980 {'EXC:BrokenProcessPool': 2680} elapsed 1s
Sat Oct  3 00:56:49 2026 2681/4980 {'EXC:BrokenProcessPool': 2681} elapsed 1s
Sat Oct  3 00:56:49 2026 2682/4980 {'EXC:BrokenProcessPool': 2682} elapsed 1s
Sat Oct  3 00:56:49 2026 2683/4980 {'EXC:BrokenProcessPool': 2683} elapsed 1s
Sat Oct  3 00:56:49 2026 2684/4980 {'EXC:BrokenProcessPool': 2684} elapsed 1s
Sat Oct  3 00:56:49 2026 2685/4980 {'EXC:BrokenProcessPool': 2685} elapsed 1s
Sat Oct  3 00:56:49 2026 2686/4980 {'EXC:BrokenProcessPool': 2686} elapsed 1s
Sat Oct  3 00:56:49 2026 2687/4980 {'EXC:BrokenProcessPool': 2687} elapsed 1s
Sat Oct  3 00:56:49 2026 2688/4980 {'EXC:BrokenProcessPool': 2688} elapsed 1s
Sat Oct  3 00:56:49 2026 2689/4980 {'EXC:BrokenProcessPool': 2689} elapsed 1s
Sat Oct  3 00:56:49 2026 2690/4980 {'EXC:BrokenProcessPool': 2690} elapsed 1s
Sat Oct  3 00:56:49 2026 2691/4980 {'EXC:BrokenProcessPool': 2691} elapsed 1s
Sat Oct  3 00:56:49 2026 2692/4980 {'EXC:BrokenProcessPool': 2692} elapsed 1s
Sat Oct  3 00:56:49 2026 2693/4980 {'EXC:BrokenProcessPool': 2693} elapsed 1s
Sat Oct  3 00:56:49 2026 2694/4980 {'EXC:BrokenProcessPool': 2694} elapsed 1s
Sat Oct  3 00:56:49 2026 2695/4980 {'EXC:BrokenProcessPool': 2695} elapsed 1s
Sat Oct  3 00:56:49 2026 2696/4980 {'EXC:BrokenProcessPool': 2696} elapsed 1s
Sat Oct  3 00:56:49 2026 2697/4980 {'EXC:BrokenProcessPool': 2697} elapsed 1s
Sat Oct  3 00:56:49 2026 2698/4980 {'EXC:BrokenProcessPool': 2698} elapsed 1s
Sat Oct  3 00:56:49 2026 2699/4980 {'EXC:BrokenProcessPool': 2699} elapsed 1s
Sat Oct  3 00:56:49 2026 2700/4980 {'EXC:BrokenProcessPool': 2700} elapsed 1s
Sat Oct  3 00:56:49 2026 2701/4980 {'EXC:BrokenProcessPool': 2701} elapsed 1s
Sat Oct  3 00:56:49 2026 2702/4980 {'EXC:BrokenProcessPool': 2702} elapsed 1s
Sat Oct  3 00:56:49 2026 2703/4980 {'EXC:BrokenProcessPool': 2703} elapsed 1s
Sat Oct  3 00:56:49 2026 2704/4980 {'EXC:BrokenProcessPool': 2704} elapsed 1s
Sat Oct  3 00:56:49 2026 2705/4980 {'EXC:BrokenProcessPool': 2705} elapsed 1s
Sat Oct  3 00:56:49 2026 2706/4980 {'EXC:BrokenProcessPool': 2706} elapsed 1s
Sat Oct  3 00:56:49 2026 2707/4980 {'EXC:BrokenProcessPool': 2707} elapsed 1s
Sat Oct  3 00:56:49 2026 2708/4980 {'EXC:BrokenProcessPool': 2708} elapsed 1s
Sat Oct  3 00:56:49 2026 2709/4980 {'EXC:BrokenProcessPool': 2709} elapsed 1s
Sat Oct  3 00:56:49 2026 2710/4980 {'EXC:BrokenProcessPool': 2710} elapsed 1s
Sat Oct  3 00:56:49 2026 2711/4980 {'EXC:BrokenProcessPool': 2711} elapsed 1s
Sat Oct  3 00:56:49 2026 2712/4980 {'EXC:BrokenProcessPool': 2712} elapsed 1s
Sat Oct  3 00:56:49 2026 2713/4980 {'EXC:BrokenProcessPool': 2713} elapsed 1s
Sat Oct  3 00:56:49 2026 2714/4980 {'EXC:BrokenProcessPool': 2714} elapsed 1s
Sat Oct  3 00:56:49 2026 2715/4980 {'EXC:BrokenProcessPool': 2715} elapsed 1s
Sat Oct  3 00:56:49 2026 2716/4980 {'EXC:BrokenProcessPool': 2716} elapsed 1s
Sat Oct  3 00:56:49 2026 2717/4980 {'EXC:BrokenProcessPool': 2717} elapsed 1s
Sat Oct  3 00:56:49 2026 2718/4980 {'EXC:BrokenProcessPool': 2718} elapsed 1s
Sat Oct  3 00:56:49 2026 2719/4980 {'EXC:BrokenProcessPool': 2719} elapsed 1s
Sat Oct  3 00:56:49 2026 2720/4980 {'EXC:BrokenProcessPool': 2720} elapsed 1s
Sat Oct  3 00:56:49 2026 2721/4980 {'EXC:BrokenProcessPool': 2721} elapsed 1s
Sat Oct  3 00:56:49 2026 2722/4980 {'EXC:BrokenProcessPool': 2722} elapsed 1s
Sat Oct  3 00:56:49 2026 2723/4980 {'EXC:BrokenProcessPool': 2723} elapsed 1s
Sat Oct  3 00:56:49 2026 2724/4980 {'EXC:BrokenProcessPool': 2724} elapsed 1s
Sat Oct  3 00:56:49 2026 2725/4980 {'EXC:BrokenProcessPool': 2725} elapsed 1s
Sat Oct  3 00:56:49 2026 2726/4980 {'EXC:BrokenProcessPool': 2726} elapsed 1s
Sat Oct  3 00:56:49 2026 2727/4980 {'EXC:BrokenProcessPool': 2727} elapsed 1s
Sat Oct  3 00:56:49 2026 2728/4980 {'EXC:BrokenProcessPool': 2728} elapsed 1s
Sat Oct  3 00:56:49 2026 2729/4980 {'EXC:BrokenProcessPool': 2729} elapsed 1s
Sat Oct  3 00:56:49 2026 2730/4980 {'EXC:BrokenProcessPool': 2730} elapsed 1s
Sat Oct  3 00:56:49 2026 2731/4980 {'EXC:BrokenProcessPool': 2731} elapsed 1s
Sat Oct  3 00:56:49 2026 2732/4980 {'EXC:BrokenProcessPool': 2732} elapsed 1s
Sat Oct  3 00:56:49 2026 2733/4980 {'EXC:BrokenProcessPool': 2733} elapsed 1s
Sat Oct  3 00:56:49 2026 2734/4980 {'EXC:BrokenProcessPool': 2734} elapsed 1s
Sat Oct  3 00:56:49 2026 2735/4980 {'EXC:BrokenProcessPool': 2735} elapsed 1s
Sat Oct  3 00:56:49 2026 2736/4980 {'EXC:BrokenProcessPool': 2736} elapsed 1s
Sat Oct  3 00:56:49 2026 2737/4980 {'EXC:BrokenProcessPool': 2737} elapsed 1s
Sat Oct  3 00:56:49 2026 2738/4980 {'EXC:BrokenProcessPool': 2738} elapsed 1s
Sat Oct  3 00:56:49 2026 2739/4980 {'EXC:BrokenProcessPool': 2739} elapsed 1s
Sat Oct  3 00:56:49 2026 2740/4980 {'EXC:BrokenProcessPool': 2740} elapsed 1s
Sat Oct  3 00:56:49 2026 2741/4980 {'EXC:BrokenProcessPool': 2741} elapsed 1s
Sat Oct  3 00:56:49 2026 2742/4980 {'EXC:BrokenProcessPool': 2742} elapsed 1s
Sat Oct  3 00:56:49 2026 2743/4980 {'EXC:BrokenProcessPool': 2743} elapsed 1s
Sat Oct  3 00:56:49 2026 2744/4980 {'EXC:BrokenProcessPool': 2744} elapsed 1s
Sat Oct  3 00:56:49 2026 2745/4980 {'EXC:BrokenProcessPool': 2745} elapsed 1s
Sat Oct  3 00:56:49 2026 2746/4980 {'EXC:BrokenProcessPool': 2746} elapsed 1s
Sat Oct  3 00:56:49 2026 2747/4980 {'EXC:BrokenProcessPool': 2747} elapsed 1s
Sat Oct  3 00:56:49 2026 2748/4980 {'EXC:BrokenProcessPool': 2748} elapsed 1s
Sat Oct  3 00:56:49 2026 2749/4980 {'EXC:BrokenProcessPool': 2749} elapsed 1s
Sat Oct  3 00:56:49 2026 2750/4980 {'EXC:BrokenProcessPool': 2750} elapsed 1s
Sat Oct  3 00:56:49 2026 2751/4980 {'EXC:BrokenProcessPool': 2751} elapsed 1s
Sat Oct  3 00:56:49 2026 2752/4980 {'EXC:BrokenProcessPool': 2752} elapsed 1s
Sat Oct  3 00:56:49 2026 2753/4980 {'EXC:BrokenProcessPool': 2753} elapsed 1s
Sat Oct  3 00:56:49 2026 2754/4980 {'EXC:BrokenProcessPool': 2754} elapsed 1s
Sat Oct  3 00:56:49 2026 2755/4980 {'EXC:BrokenProcessPool': 2755} elapsed 1s
Sat Oct  3 00:56:49 2026 2756/4980 {'EXC:BrokenProcessPool': 2756} elapsed 1s
Sat Oct  3 00:56:49 2026 2757/4980 {'EXC:BrokenProcessPool': 2757} elapsed 1s
Sat Oct  3 00:56:49 2026 2758/4980 {'EXC:BrokenProcessPool': 2758} elapsed 1s
Sat Oct  3 00:56:49 2026 2759/4980 {'EXC:BrokenProcessPool': 2759} elapsed 1s
Sat Oct  3 00:56:49 2026 2760/4980 {'EXC:BrokenProcessPool': 2760} elapsed 1s
Sat Oct  3 00:56:49 2026 2761/4980 {'EXC:BrokenProcessPool': 2761} elapsed 1s
Sat Oct  3 00:56:49 2026 2762/4980 {'EXC:BrokenProcessPool': 2762} elapsed 1s
Sat Oct  3 00:56:49 2026 2763/4980 {'EXC:BrokenProcessPool': 2763} elapsed 1s
Sat Oct  3 00:56:49 2026 2764/4980 {'EXC:BrokenProcessPool': 2764} elapsed 1s
Sat Oct  3 00:56:49 2026 2765/4980 {'EXC:BrokenProcessPool': 2765} elapsed 1s
Sat Oct  3 00:56:49 2026 2766/4980 {'EXC:BrokenProcessPool': 2766} elapsed 1s
Sat Oct  3 00:56:49 2026 2767/4980 {'EXC:BrokenProcessPool': 2767} elapsed 1s
Sat Oct  3 00:56:49 2026 2768/4980 {'EXC:BrokenProcessPool': 2768} elapsed 1s
Sat Oct  3 00:56:49 2026 2769/4980 {'EXC:BrokenProcessPool': 2769} elapsed 1s
Sat Oct  3 00:56:49 2026 2770/4980 {'EXC:BrokenProcessPool': 2770} elapsed 1s
Sat Oct  3 00:56:49 2026 2771/4980 {'EXC:BrokenProcessPool': 2771} elapsed 1s
Sat Oct  3 00:56:49 2026 2772/4980 {'EXC:BrokenProcessPool': 2772} elapsed 1s
Sat Oct  3 00:56:49 2026 2773/4980 {'EXC:BrokenProcessPool': 2773} elapsed 1s
Sat Oct  3 00:56:49 2026 2774/4980 {'EXC:BrokenProcessPool': 2774} elapsed 1s
Sat Oct  3 00:56:49 2026 2775/4980 {'EXC:BrokenProcessPool': 2775} elapsed 1s
Sat Oct  3 00:56:49 2026 2776/4980 {'EXC:BrokenProcessPool': 2776} elapsed 1s
Sat Oct  3 00:56:49 2026 2777/4980 {'EXC:BrokenProcessPool': 2777} elapsed 1s
Sat Oct  3 00:56:49 2026 2778/4980 {'EXC:BrokenProcessPool': 2778} elapsed 1s
Sat Oct  3 00:56:49 2026 2779/4980 {'EXC:BrokenProcessPool': 2779} elapsed 1s
Sat Oct  3 00:56:49 2026 2780/4980 {'EXC:BrokenProcessPool': 2780} elapsed 1s
Sat Oct  3 00:56:49 2026 2781/4980 {'EXC:BrokenProcessPool': 2781} elapsed 1s
Sat Oct  3 00:56:49 2026 2782/4980 {'EXC:BrokenProcessPool': 2782} elapsed 1s
Sat Oct  3 00:56:49 2026 2783/4980 {'EXC:BrokenProcessPool': 2783} elapsed 1s
Sat Oct  3 00:56:49 2026 2784/4980 {'EXC:BrokenProcessPool': 2784} elapsed 1s
Sat Oct  3 00:56:49 2026 2785/4980 {'EXC:BrokenProcessPool': 2785} elapsed 1s
Sat Oct  3 00:56:49 2026 2786/4980 {'EXC:BrokenProcessPool': 2786} elapsed 1s
Sat Oct  3 00:56:49 2026 2787/4980 {'EXC:BrokenProcessPool': 2787} elapsed 1s
Sat Oct  3 00:56:49 2026 2788/4980 {'EXC:BrokenProcessPool': 2788} elapsed 1s
Sat Oct  3 00:56:49 2026 2789/4980 {'EXC:BrokenProcessPool': 2789} elapsed 1s
Sat Oct  3 00:56:49 2026 2790/4980 {'EXC:BrokenProcessPool': 2790} elapsed 1s
Sat Oct  3 00:56:49 2026 2791/4980 {'EXC:BrokenProcessPool': 2791} elapsed 1s
Sat Oct  3 00:56:49 2026 2792/4980 {'EXC:BrokenProcessPool': 2792} elapsed 1s
Sat Oct  3 00:56:49 2026 2793/4980 {'EXC:BrokenProcessPool': 2793} elapsed 1s
Sat Oct  3 00:56:49 2026 2794/4980 {'EXC:BrokenProcessPool': 2794} elapsed 1s
Sat Oct  3 00:56:49 2026 2795/4980 {'EXC:BrokenProcessPool': 2795} elapsed 1s
Sat Oct  3 00:56:49 2026 2796/4980 {'EXC:BrokenProcessPool': 2796} elapsed 1s
Sat Oct  3 00:56:49 2026 2797/4980 {'EXC:BrokenProcessPool': 2797} elapsed 1s
Sat Oct  3 00:56:49 2026 2798/4980 {'EXC:BrokenProcessPool': 2798} elapsed 1s
Sat Oct  3 00:56:49 2026 2799/4980 {'EXC:BrokenProcessPool': 2799} elapsed 1s
Sat Oct  3 00:56:49 2026 2800/4980 {'EXC:BrokenProcessPool': 2800} elapsed 1s
Sat Oct  3 00:56:49 2026 2801/4980 {'EXC:BrokenProcessPool': 2801} elapsed 1s
Sat Oct  3 00:56:49 2026 2802/4980 {'EXC:BrokenProcessPool': 2802} elapsed 1s
Sat Oct  3 00:56:49 2026 2803/4980 {'EXC:BrokenProcessPool': 2803} elapsed 1s
Sat Oct  3 00:56:49 2026 2804/4980 {'EXC:BrokenProcessPool': 2804} elapsed 1s
Sat Oct  3 00:56:49 2026 2805/4980 {'EXC:BrokenProcessPool': 2805} elapsed 1s
Sat Oct  3 00:56:49 2026 2806/4980 {'EXC:BrokenProcessPool': 2806} elapsed 1s
Sat Oct  3 00:56:49 2026 2807/4980 {'EXC:BrokenProcessPool': 2807} elapsed 1s
Sat Oct  3 00:56:49 2026 2808/4980 {'EXC:BrokenProcessPool': 2808} elapsed 1s
Sat Oct  3 00:56:49 2026 2809/4980 {'EXC:BrokenProcessPool': 2809} elapsed 1s
Sat Oct  3 00:56:49 2026 2810/4980 {'EXC:BrokenProcessPool': 2810} elapsed 1s
Sat Oct  3 00:56:49 2026 2811/4980 {'EXC:BrokenProcessPool': 2811} elapsed 1s
Sat Oct  3 00:56:49 2026 2812/4980 {'EXC:BrokenProcessPool': 2812} elapsed 1s
Sat Oct  3 00:56:49 2026 2813/4980 {'EXC:BrokenProcessPool': 2813} elapsed 1s
Sat Oct  3 00:56:49 2026 2814/4980 {'EXC:BrokenProcessPool': 2814} elapsed 1s
Sat Oct  3 00:56:49 2026 2815/4980 {'EXC:BrokenProcessPool': 2815} elapsed 1s
Sat Oct  3 00:56:49 2026 2816/4980 {'EXC:BrokenProcessPool': 2816} elapsed 1s
Sat Oct  3 00:56:49 2026 2817/4980 {'EXC:BrokenProcessPool': 2817} elapsed 1s
Sat Oct  3 00:56:49 2026 2818/4980 {'EXC:BrokenProcessPool': 2818} elapsed 1s
Sat Oct  3 00:56:49 2026 2819/4980 {'EXC:BrokenProcessPool': 2819} elapsed 1s
Sat Oct  3 00:56:49 2026 2820/4980 {'EXC:BrokenProcessPool': 2820} elapsed 1s
Sat Oct  3 00:56:49 2026 2821/4980 {'EXC:BrokenProcessPool': 2821} elapsed 1s
Sat Oct  3 00:56:49 2026 2822/4980 {'EXC:BrokenProcessPool': 2822} elapsed 1s
Sat Oct  3 00:56:49 2026 2823/4980 {'EXC:BrokenProcessPool': 2823} elapsed 1s
Sat Oct  3 00:56:49 2026 2824/4980 {'EXC:BrokenProcessPool': 2824} elapsed 1s
Sat Oct  3 00:56:49 2026 2825/4980 {'EXC:BrokenProcessPool': 2825} elapsed 1s
Sat Oct  3 00:56:49 2026 2826/4980 {'EXC:BrokenProcessPool': 2826} elapsed 1s
Sat Oct  3 00:56:49 2026 2827/4980 {'EXC:BrokenProcessPool': 2827} elapsed 1s
Sat Oct  3 00:56:49 2026 2828/4980 {'EXC:BrokenProcessPool': 2828} elapsed 1s
Sat Oct  3 00:56:49 2026 2829/4980 {'EXC:BrokenProcessPool': 2829} elapsed 1s
Sat Oct  3 00:56:49 2026 2830/4980 {'EXC:BrokenProcessPool': 2830} elapsed 1s
Sat Oct  3 00:56:49 2026 2831/4980 {'EXC:BrokenProcessPool': 2831} elapsed 1s
Sat Oct  3 00:56:49 2026 2832/4980 {'EXC:BrokenProcessPool': 2832} elapsed 1s
Sat Oct  3 00:56:49 2026 2833/4980 {'EXC:BrokenProcessPool': 2833} elapsed 1s
Sat Oct  3 00:56:49 2026 2834/4980 {'EXC:BrokenProcessPool': 2834} elapsed 1s
Sat Oct  3 00:56:49 2026 2835/4980 {'EXC:BrokenProcessPool': 2835} elapsed 1s
Sat Oct  3 00:56:49 2026 2836/4980 {'EXC:BrokenProcessPool': 2836} elapsed 1s
Sat Oct  3 00:56:49 2026 2837/4980 {'EXC:BrokenProcessPool': 2837} elapsed 1s
Sat Oct  3 00:56:49 2026 2838/4980 {'EXC:BrokenProcessPool': 2838} elapsed 1s
Sat Oct  3 00:56:49 2026 2839/4980 {'EXC:BrokenProcessPool': 2839} elapsed 1s
Sat Oct  3 00:56:49 2026 2840/4980 {'EXC:BrokenProcessPool': 2840} elapsed 1s
Sat Oct  3 00:56:49 2026 2841/4980 {'EXC:BrokenProcessPool': 2841} elapsed 1s
Sat Oct  3 00:56:49 2026 2842/4980 {'EXC:BrokenProcessPool': 2842} elapsed 1s
Sat Oct  3 00:56:49 2026 2843/4980 {'EXC:BrokenProcessPool': 2843} elapsed 1s
Sat Oct  3 00:56:49 2026 2844/4980 {'EXC:BrokenProcessPool': 2844} elapsed 1s
Sat Oct  3 00:56:49 2026 2845/4980 {'EXC:BrokenProcessPool': 2845} elapsed 1s
Sat Oct  3 00:56:49 2026 2846/4980 {'EXC:BrokenProcessPool': 2846} elapsed 1s
Sat Oct  3 00:56:49 2026 2847/4980 {'EXC:BrokenProcessPool': 2847} elapsed 1s
Sat Oct  3 00:56:49 2026 2848/4980 {'EXC:BrokenProcessPool': 2848} elapsed 1s
Sat Oct  3 00:56:49 2026 2849/4980 {'EXC:BrokenProcessPool': 2849} elapsed 1s
Sat Oct  3 00:56:49 2026 2850/4980 {'EXC:BrokenProcessPool': 2850} elapsed 1s
Sat Oct  3 00:56:49 2026 2851/4980 {'EXC:BrokenProcessPool': 2851} elapsed 1s
Sat Oct  3 00:56:49 2026 2852/4980 {'EXC:BrokenProcessPool': 2852} elapsed 1s
Sat Oct  3 00:56:49 2026 2853/4980 {'EXC:BrokenProcessPool': 2853} elapsed 1s
Sat Oct  3 00:56:49 2026 2854/4980 {'EXC:BrokenProcessPool': 2854} elapsed 1s
Sat Oct  3 00:56:49 2026 2855/4980 {'EXC:BrokenProcessPool': 2855} elapsed 1s
Sat Oct  3 00:56:49 2026 2856/4980 {'EXC:BrokenProcessPool': 2856} elapsed 1s
Sat Oct  3 00:56:49 2026 2857/4980 {'EXC:BrokenProcessPool': 2857} elapsed 1s
Sat Oct  3 00:56:49 2026 2858/4980 {'EXC:BrokenProcessPool': 2858} elapsed 1s
Sat Oct  3 00:56:49 2026 2859/4980 {'EXC:BrokenProcessPool': 2859} elapsed 1s
Sat Oct  3 00:56:49 2026 2860/4980 {'EXC:BrokenProcessPool': 2860} elapsed 1s
Sat Oct  3 00:56:49 2026 2861/4980 {'EXC:BrokenProcessPool': 2861} elapsed 1s
Sat Oct  3 00:56:49 2026 2862/4980 {'EXC:BrokenProcessPool': 2862} elapsed 1s
Sat Oct  3 00:56:49 2026 2863/4980 {'EXC:BrokenProcessPool': 2863} elapsed 1s
Sat Oct  3 00:56:49 2026 2864/4980 {'EXC:BrokenProcessPool': 2864} elapsed 1s
Sat Oct  3 00:56:49 2026 2865/4980 {'EXC:BrokenProcessPool': 2865} elapsed 1s
Sat Oct  3 00:56:49 2026 2866/4980 {'EXC:BrokenProcessPool': 2866} elapsed 1s
Sat Oct  3 00:56:49 2026 2867/4980 {'EXC:BrokenProcessPool': 2867} elapsed 1s
Sat Oct  3 00:56:49 2026 2868/4980 {'EXC:BrokenProcessPool': 2868} elapsed 1s
Sat Oct  3 00:56:49 2026 2869/4980 {'EXC:BrokenProcessPool': 2869} elapsed 1s
Sat Oct  3 00:56:49 2026 2870/4980 {'EXC:BrokenProcessPool': 2870} elapsed 1s
Sat Oct  3 00:56:49 2026 2871/4980 {'EXC:BrokenProcessPool': 2871} elapsed 1s
Sat Oct  3 00:56:49 2026 2872/4980 {'EXC:BrokenProcessPool': 2872} elapsed 1s
Sat Oct  3 00:56:49 2026 2873/4980 {'EXC:BrokenProcessPool': 2873} elapsed 1s
Sat Oct  3 00:56:49 2026 2874/4980 {'EXC:BrokenProcessPool': 2874} elapsed 1s
Sat Oct  3 00:56:49 2026 2875/4980 {'EXC:BrokenProcessPool': 2875} elapsed 1s
Sat Oct  3 00:56:49 2026 2876/4980 {'EXC:BrokenProcessPool': 2876} elapsed 1s
Sat Oct  3 00:56:49 2026 2877/4980 {'EXC:BrokenProcessPool': 2877} elapsed 1s
Sat Oct  3 00:56:49 2026 2878/4980 {'EXC:BrokenProcessPool': 2878} elapsed 1s
Sat Oct  3 00:56:49 2026 2879/4980 {'EXC:BrokenProcessPool': 2879} elapsed 1s
Sat Oct  3 00:56:49 2026 2880/4980 {'EXC:BrokenProcessPool': 2880} elapsed 1s
Sat Oct  3 00:56:49 2026 2881/4980 {'EXC:BrokenProcessPool': 2881} elapsed 1s
Sat Oct  3 00:56:49 2026 2882/4980 {'EXC:BrokenProcessPool': 2882} elapsed 1s
Sat Oct  3 00:56:49 2026 2883/4980 {'EXC:BrokenProcessPool': 2883} elapsed 1s
Sat Oct  3 00:56:49 2026 2884/4980 {'EXC:BrokenProcessPool': 2884} elapsed 1s
Sat Oct  3 00:56:49 2026 2885/4980 {'EXC:BrokenProcessPool': 2885} elapsed 1s
Sat Oct  3 00:56:49 2026 2886/4980 {'EXC:BrokenProcessPool': 2886} elapsed 1s
Sat Oct  3 00:56:49 2026 2887/4980 {'EXC:BrokenProcessPool': 2887} elapsed 1s
Sat Oct  3 00:56:49 2026 2888/4980 {'EXC:BrokenProcessPool': 2888} elapsed 1s
Sat Oct  3 00:56:49 2026 2889/4980 {'EXC:BrokenProcessPool': 2889} elapsed 1s
Sat Oct  3 00:56:49 2026 2890/4980 {'EXC:BrokenProcessPool': 2890} elapsed 1s
Sat Oct  3 00:56:49 2026 2891/4980 {'EXC:BrokenProcessPool': 2891} elapsed 1s
Sat Oct  3 00:56:49 2026 2892/4980 {'EXC:BrokenProcessPool': 2892} elapsed 1s
Sat Oct  3 00:56:49 2026 2893/4980 {'EXC:BrokenProcessPool': 2893} elapsed 1s
Sat Oct  3 00:56:49 2026 2894/4980 {'EXC:BrokenProcessPool': 2894} elapsed 1s
Sat Oct  3 00:56:49 2026 2895/4980 {'EXC:BrokenProcessPool': 2895} elapsed 1s
Sat Oct  3 00:56:49 2026 2896/4980 {'EXC:BrokenProcessPool': 2896} elapsed 1s
Sat Oct  3 00:56:49 2026 2897/4980 {'EXC:BrokenProcessPool': 2897} elapsed 1s
Sat Oct  3 00:56:49 2026 2898/4980 {'EXC:BrokenProcessPool': 2898} elapsed 1s
Sat Oct  3 00:56:49 2026 2899/4980 {'EXC:BrokenProcessPool': 2899} elapsed 1s
Sat Oct  3 00:56:49 2026 2900/4980 {'EXC:BrokenProcessPool': 2900} elapsed 1s
Sat Oct  3 00:56:49 2026 2901/4980 {'EXC:BrokenProcessPool': 2901} elapsed 1s
Sat Oct  3 00:56:49 2026 2902/4980 {'EXC:BrokenProcessPool': 2902} elapsed 1s
Sat Oct  3 00:56:49 2026 2903/4980 {'EXC:BrokenProcessPool': 2903} elapsed 1s
Sat Oct  3 00:56:49 2026 2904/4980 {'EXC:BrokenProcessPool': 2904} elapsed 1s
Sat Oct  3 00:56:49 2026 2905/4980 {'EXC:BrokenProcessPool': 2905} elapsed 1s
Sat Oct  3 00:56:49 2026 2906/4980 {'EXC:BrokenProcessPool': 2906} elapsed 1s
Sat Oct  3 00:56:49 2026 2907/4980 {'EXC:BrokenProcessPool': 2907} elapsed 1s
Sat Oct  3 00:56:49 2026 2908/4980 {'EXC:BrokenProcessPool': 2908} elapsed 1s
Sat Oct  3 00:56:49 2026 2909/4980 {'EXC:BrokenProcessPool': 2909} elapsed 1s
Sat Oct  3 00:56:49 2026 2910/4980 {'EXC:BrokenProcessPool': 2910} elapsed 1s
Sat Oct  3 00:56:49 2026 2911/4980 {'EXC:BrokenProcessPool': 2911} elapsed 1s
Sat Oct  3 00:56:49 2026 2912/4980 {'EXC:BrokenProcessPool': 2912} elapsed 1s
Sat Oct  3 00:56:49 2026 2913/4980 {'EXC:BrokenProcessPool': 2913} elapsed 1s
Sat Oct  3 00:56:49 2026 2914/4980 {'EXC:BrokenProcessPool': 2914} elapsed 1s
Sat Oct  3 00:56:49 2026 2915/4980 {'EXC:BrokenProcessPool': 2915} elapsed 1s
Sat Oct  3 00:56:49 2026 2916/4980 {'EXC:BrokenProcessPool': 2916} elapsed 1s
Sat Oct  3 00:56:49 2026 2917/4980 {'EXC:BrokenProcessPool': 2917} elapsed 1s
Sat Oct  3 00:56:49 2026 2918/4980 {'EXC:BrokenProcessPool': 2918} elapsed 1s
Sat Oct  3 00:56:49 2026 2919/4980 {'EXC:BrokenProcessPool': 2919} elapsed 1s
Sat Oct  3 00:56:49 2026 2920/4980 {'EXC:BrokenProcessPool': 2920} elapsed 1s
Sat Oct  3 00:56:49 2026 2921/4980 {'EXC:BrokenProcessPool': 2921} elapsed 1s
Sat Oct  3 00:56:49 2026 2922/4980 {'EXC:BrokenProcessPool': 2922} elapsed 1s
Sat Oct  3 00:56:49 2026 2923/4980 {'EXC:BrokenProcessPool': 2923} elapsed 1s
Sat Oct  3 00:56:49 2026 2924/4980 {'EXC:BrokenProcessPool': 2924} elapsed 1s
Sat Oct  3 00:56:49 2026 2925/4980 {'EXC:BrokenProcessPool': 2925} elapsed 1s
Sat Oct  3 00:56:49 2026 2926/4980 {'EXC:BrokenProcessPool': 2926} elapsed 1s
Sat Oct  3 00:56:49 2026 2927/4980 {'EXC:BrokenProcessPool': 2927} elapsed 1s
Sat Oct  3 00:56:49 2026 2928/4980 {'EXC:BrokenProcessPool': 2928} elapsed 1s
Sat Oct  3 00:56:49 2026 2929/4980 {'EXC:BrokenProcessPool': 2929} elapsed 1s
Sat Oct  3 00:56:49 2026 2930/4980 {'EXC:BrokenProcessPool': 2930} elapsed 1s
Sat Oct  3 00:56:49 2026 2931/4980 {'EXC:BrokenProcessPool': 2931} elapsed 1s
Sat Oct  3 00:56:49 2026 2932/4980 {'EXC:BrokenProcessPool': 2932} elapsed 1s
Sat Oct  3 00:56:49 2026 2933/4980 {'EXC:BrokenProcessPool': 2933} elapsed 1s
Sat Oct  3 00:56:49 2026 2934/4980 {'EXC:BrokenProcessPool': 2934} elapsed 1s
Sat Oct  3 00:56:49 2026 2935/4980 {'EXC:BrokenProcessPool': 2935} elapsed 1s
Sat Oct  3 00:56:49 2026 2936/4980 {'EXC:BrokenProcessPool': 2936} elapsed 1s
Sat Oct  3 00:56:49 2026 2937/4980 {'EXC:BrokenProcessPool': 2937} elapsed 1s
Sat Oct  3 00:56:49 2026 2938/4980 {'EXC:BrokenProcessPool': 2938} elapsed 1s
Sat Oct  3 00:56:49 2026 2939/4980 {'EXC:BrokenProcessPool': 2939} elapsed 1s
Sat Oct  3 00:56:49 2026 2940/4980 {'EXC:BrokenProcessPool': 2940} elapsed 1s
Sat Oct  3 00:56:49 2026 2941/4980 {'EXC:BrokenProcessPool': 2941} elapsed 1s
Sat Oct  3 00:56:49 2026 2942/4980 {'EXC:BrokenProcessPool': 2942} elapsed 1s
Sat Oct  3 00:56:49 2026 2943/4980 {'EXC:BrokenProcessPool': 2943} elapsed 1s
Sat Oct  3 00:56:49 2026 2944/4980 {'EXC:BrokenProcessPool': 2944} elapsed 1s
Sat Oct  3 00:56:49 2026 2945/4980 {'EXC:BrokenProcessPool': 2945} elapsed 1s
Sat Oct  3 00:56:49 2026 2946/4980 {'EXC:BrokenProcessPool': 2946} elapsed 1s
Sat Oct  3 00:56:49 2026 2947/4980 {'EXC:BrokenProcessPool': 2947} elapsed 1s
Sat Oct  3 00:56:49 2026 2948/4980 {'EXC:BrokenProcessPool': 2948} elapsed 1s
Sat Oct  3 00:56:49 2026 2949/4980 {'EXC:BrokenProcessPool': 2949} elapsed 1s
Sat Oct  3 00:56:49 2026 2950/4980 {'EXC:BrokenProcessPool': 2950} elapsed 1s
Sat Oct  3 00:56:49 2026 2951/4980 {'EXC:BrokenProcessPool': 2951} elapsed 1s
Sat Oct  3 00:56:49 2026 2952/4980 {'EXC:BrokenProcessPool': 2952} elapsed 1s
Sat Oct  3 00:56:49 2026 2953/4980 {'EXC:BrokenProcessPool': 2953} elapsed 1s
Sat Oct  3 00:56:49 2026 2954/4980 {'EXC:BrokenProcessPool': 2954} elapsed 1s
Sat Oct  3 00:56:49 2026 2955/4980 {'EXC:BrokenProcessPool': 2955} elapsed 1s
Sat Oct  3 00:56:49 2026 2956/4980 {'EXC:BrokenProcessPool': 2956} elapsed 1s
Sat Oct  3 00:56:49 2026 2957/4980 {'EXC:BrokenProcessPool': 2957} elapsed 1s
Sat Oct  3 00:56:49 2026 2958/4980 {'EXC:BrokenProcessPool': 2958} elapsed 1s
Sat Oct  3 00:56:49 2026 2959/4980 {'EXC:BrokenProcessPool': 2959} elapsed 1s
Sat Oct  3 00:56:49 2026 2960/4980 {'EXC:BrokenProcessPool': 2960} elapsed 1s
Sat Oct  3 00:56:49 2026 2961/4980 {'EXC:BrokenProcessPool': 2961} elapsed 1s
Sat Oct  3 00:56:49 2026 2962/4980 {'EXC:BrokenProcessPool': 2962} elapsed 1s
Sat Oct  3 00:56:49 2026 2963/4980 {'EXC:BrokenProcessPool': 2963} elapsed 1s
Sat Oct  3 00:56:49 2026 2964/4980 {'EXC:BrokenProcessPool': 2964} elapsed 1s
Sat Oct  3 00:56:49 2026 2965/4980 {'EXC:BrokenProcessPool': 2965} elapsed 1s
Sat Oct  3 00:56:49 2026 2966/4980 {'EXC:BrokenProcessPool': 2966} elapsed 1s
Sat Oct  3 00:56:49 2026 2967/4980 {'EXC:BrokenProcessPool': 2967} elapsed 1s
Sat Oct  3 00:56:49 2026 2968/4980 {'EXC:BrokenProcessPool': 2968} elapsed 1s
Sat Oct  3 00:56:49 2026 2969/4980 {'EXC:BrokenProcessPool': 2969} elapsed 1s
Sat Oct  3 00:56:49 2026 2970/4980 {'EXC:BrokenProcessPool': 2970} elapsed 1s
Sat Oct  3 00:56:49 2026 2971/4980 {'EXC:BrokenProcessPool': 2971} elapsed 1s
Sat Oct  3 00:56:49 2026 2972/4980 {'EXC:BrokenProcessPool': 2972} elapsed 1s
Sat Oct  3 00:56:49 2026 2973/4980 {'EXC:BrokenProcessPool': 2973} elapsed 1s
Sat Oct  3 00:56:49 2026 2974/4980 {'EXC:BrokenProcessPool': 2974} elapsed 1s
Sat Oct  3 00:56:49 2026 2975/4980 {'EXC:BrokenProcessPool': 2975} elapsed 1s
Sat Oct  3 00:56:49 2026 2976/4980 {'EXC:BrokenProcessPool': 2976} elapsed 1s
Sat Oct  3 00:56:49 2026 2977/4980 {'EXC:BrokenProcessPool': 2977} elapsed 1s
Sat Oct  3 00:56:49 2026 2978/4980 {'EXC:BrokenProcessPool': 2978} elapsed 1s
Sat Oct  3 00:56:49 2026 2979/4980 {'EXC:BrokenProcessPool': 2979} elapsed 1s
Sat Oct  3 00:56:49 2026 2980/4980 {'EXC:BrokenProcessPool': 2980} elapsed 1s
Sat Oct  3 00:56:49 2026 2981/4980 {'EXC:BrokenProcessPool': 2981} elapsed 1s
Sat Oct  3 00:56:49 2026 2982/4980 {'EXC:BrokenProcessPool': 2982} elapsed 1s
Sat Oct  3 00:56:49 2026 2983/4980 {'EXC:BrokenProcessPool': 2983} elapsed 1s
Sat Oct  3 00:56:49 2026 2984/4980 {'EXC:BrokenProcessPool': 2984} elapsed 1s
Sat Oct  3 00:56:49 2026 2985/4980 {'EXC:BrokenProcessPool': 2985} elapsed 1s
Sat Oct  3 00:56:49 2026 2986/4980 {'EXC:BrokenProcessPool': 2986} elapsed 1s
Sat Oct  3 00:56:49 2026 2987/4980 {'EXC:BrokenProcessPool': 2987} elapsed 1s
Sat Oct  3 00:56:49 2026 2988/4980 {'EXC:BrokenProcessPool': 2988} elapsed 1s
Sat Oct  3 00:56:49 2026 2989/4980 {'EXC:BrokenProcessPool': 2989} elapsed 1s
Sat Oct  3 00:56:49 2026 2990/4980 {'EXC:BrokenProcessPool': 2990} elapsed 1s
Sat Oct  3 00:56:49 2026 2991/4980 {'EXC:BrokenProcessPool': 2991} elapsed 1s
Sat Oct  3 00:56:49 2026 2992/4980 {'EXC:BrokenProcessPool': 2992} elapsed 1s
Sat Oct  3 00:56:49 2026 2993/4980 {'EXC:BrokenProcessPool': 2993} elapsed 1s
Sat Oct  3 00:56:49 2026 2994/4980 {'EXC:BrokenProcessPool': 2994} elapsed 1s
Sat Oct  3 00:56:49 2026 2995/4980 {'EXC:BrokenProcessPool': 2995} elapsed 1s
Sat Oct  3 00:56:49 2026 2996/4980 {'EXC:BrokenProcessPool': 2996} elapsed 1s
Sat Oct  3 00:56:49 2026 2997/4980 {'EXC:BrokenProcessPool': 2997} elapsed 1s
Sat Oct  3 00:56:49 2026 2998/4980 {'EXC:BrokenProcessPool': 2998} elapsed 1s
Sat Oct  3 00:56:49 2026 2999/4980 {'EXC:BrokenProcessPool': 2999} elapsed 1s
Sat Oct  3 00:56:49 2026 3000/4980 {'EXC:BrokenProcessPool': 3000} elapsed 1s
Sat Oct  3 00:56:49 2026 3001/4980 {'EXC:BrokenProcessPool': 3001} elapsed 1s
Sat Oct  3 00:56:49 2026 3002/4980 {'EXC:BrokenProcessPool': 3002} elapsed 1s
Sat Oct  3 00:56:49 2026 3003/4980 {'EXC:BrokenProcessPool': 3003} elapsed 1s
Sat Oct  3 00:56:49 2026 3004/4980 {'EXC:BrokenProcessPool': 3004} elapsed 1s
Sat Oct  3 00:56:49 2026 3005/4980 {'EXC:BrokenProcessPool': 3005} elapsed 1s
Sat Oct  3 00:56:49 2026 3006/4980 {'EXC:BrokenProcessPool': 3006} elapsed 1s
Sat Oct  3 00:56:49 2026 3007/4980 {'EXC:BrokenProcessPool': 3007} elapsed 1s
Sat Oct  3 00:56:49 2026 3008/4980 {'EXC:BrokenProcessPool': 3008} elapsed 1s
Sat Oct  3 00:56:49 2026 3009/4980 {'EXC:BrokenProcessPool': 3009} elapsed 1s
Sat Oct  3 00:56:49 2026 3010/4980 {'EXC:BrokenProcessPool': 3010} elapsed 1s
Sat Oct  3 00:56:49 2026 3011/4980 {'EXC:BrokenProcessPool': 3011} elapsed 1s
Sat Oct  3 00:56:49 2026 3012/4980 {'EXC:BrokenProcessPool': 3012} elapsed 1s
Sat Oct  3 00:56:49 2026 3013/4980 {'EXC:BrokenProcessPool': 3013} elapsed 1s
Sat Oct  3 00:56:49 2026 3014/4980 {'EXC:BrokenProcessPool': 3014} elapsed 1s
Sat Oct  3 00:56:49 2026 3015/4980 {'EXC:BrokenProcessPool': 3015} elapsed 1s
Sat Oct  3 00:56:49 2026 3016/4980 {'EXC:BrokenProcessPool': 3016} elapsed 1s
Sat Oct  3 00:56:49 2026 3017/4980 {'EXC:BrokenProcessPool': 3017} elapsed 1s
Sat Oct  3 00:56:49 2026 3018/4980 {'EXC:BrokenProcessPool': 3018} elapsed 1s
Sat Oct  3 00:56:49 2026 3019/4980 {'EXC:BrokenProcessPool': 3019} elapsed 1s
Sat Oct  3 00:56:49 2026 3020/4980 {'EXC:BrokenProcessPool': 3020} elapsed 1s
Sat Oct  3 00:56:49 2026 3021/4980 {'EXC:BrokenProcessPool': 3021} elapsed 1s
Sat Oct  3 00:56:49 2026 3022/4980 {'EXC:BrokenProcessPool': 3022} elapsed 1s
Sat Oct  3 00:56:49 2026 3023/4980 {'EXC:BrokenProcessPool': 3023} elapsed 1s
Sat Oct  3 00:56:49 2026 3024/4980 {'EXC:BrokenProcessPool': 3024} elapsed 1s
Sat Oct  3 00:56:49 2026 3025/4980 {'EXC:BrokenProcessPool': 3025} elapsed 1s
Sat Oct  3 00:56:49 2026 3026/4980 {'EXC:BrokenProcessPool': 3026} elapsed 1s
Sat Oct  3 00:56:49 2026 3027/4980 {'EXC:BrokenProcessPool': 3027} elapsed 1s
Sat Oct  3 00:56:49 2026 3028/4980 {'EXC:BrokenProcessPool': 3028} elapsed 1s
Sat Oct  3 00:56:49 2026 3029/4980 {'EXC:BrokenProcessPool': 3029} elapsed 1s
Sat Oct  3 00:56:49 2026 3030/4980 {'EXC:BrokenProcessPool': 3030} elapsed 1s
Sat Oct  3 00:56:49 2026 3031/4980 {'EXC:BrokenProcessPool': 3031} elapsed 1s
Sat Oct  3 00:56:49 2026 3032/4980 {'EXC:BrokenProcessPool': 3032} elapsed 1s
Sat Oct  3 00:56:49 2026 3033/4980 {'EXC:BrokenProcessPool': 3033} elapsed 1s
Sat Oct  3 00:56:49 2026 3034/4980 {'EXC:BrokenProcessPool': 3034} elapsed 1s
Sat Oct  3 00:56:49 2026 3035/4980 {'EXC:BrokenProcessPool': 3035} elapsed 1s
Sat Oct  3 00:56:49 2026 3036/4980 {'EXC:BrokenProcessPool': 3036} elapsed 1s
Sat Oct  3 00:56:49 2026 3037/4980 {'EXC:BrokenProcessPool': 3037} elapsed 1s
Sat Oct  3 00:56:49 2026 3038/4980 {'EXC:BrokenProcessPool': 3038} elapsed 1s
Sat Oct  3 00:56:49 2026 3039/4980 {'EXC:BrokenProcessPool': 3039} elapsed 1s
Sat Oct  3 00:56:49 2026 3040/4980 {'EXC:BrokenProcessPool': 3040} elapsed 1s
Sat Oct  3 00:56:49 2026 3041/4980 {'EXC:BrokenProcessPool': 3041} elapsed 1s
Sat Oct  3 00:56:49 2026 3042/4980 {'EXC:BrokenProcessPool': 3042} elapsed 1s
Sat Oct  3 00:56:49 2026 3043/4980 {'EXC:BrokenProcessPool': 3043} elapsed 1s
Sat Oct  3 00:56:49 2026 3044/4980 {'EXC:BrokenProcessPool': 3044} elapsed 1s
Sat Oct  3 00:56:49 2026 3045/4980 {'EXC:BrokenProcessPool': 3045} elapsed 1s
Sat Oct  3 00:56:49 2026 3046/4980 {'EXC:BrokenProcessPool': 3046} elapsed 1s
Sat Oct  3 00:56:49 2026 3047/4980 {'EXC:BrokenProcessPool': 3047} elapsed 1s
Sat Oct  3 00:56:49 2026 3048/4980 {'EXC:BrokenProcessPool': 3048} elapsed 1s
Sat Oct  3 00:56:49 2026 3049/4980 {'EXC:BrokenProcessPool': 3049} elapsed 1s
Sat Oct  3 00:56:49 2026 3050/4980 {'EXC:BrokenProcessPool': 3050} elapsed 1s
Sat Oct  3 00:56:49 2026 3051/4980 {'EXC:BrokenProcessPool': 3051} elapsed 1s
Sat Oct  3 00:56:49 2026 3052/4980 {'EXC:BrokenProcessPool': 3052} elapsed 1s
Sat Oct  3 00:56:49 2026 3053/4980 {'EXC:BrokenProcessPool': 3053} elapsed 1s
Sat Oct  3 00:56:49 2026 3054/4980 {'EXC:BrokenProcessPool': 3054} elapsed 1s
Sat Oct  3 00:56:49 2026 3055/4980 {'EXC:BrokenProcessPool': 3055} elapsed 1s
Sat Oct  3 00:56:49 2026 3056/4980 {'EXC:BrokenProcessPool': 3056} elapsed 1s
Sat Oct  3 00:56:49 2026 3057/4980 {'EXC:BrokenProcessPool': 3057} elapsed 1s
Sat Oct  3 00:56:49 2026 3058/4980 {'EXC:BrokenProcessPool': 3058} elapsed 1s
Sat Oct  3 00:56:49 2026 3059/4980 {'EXC:BrokenProcessPool': 3059} elapsed 1s
Sat Oct  3 00:56:49 2026 3060/4980 {'EXC:BrokenProcessPool': 3060} elapsed 1s
Sat Oct  3 00:56:49 2026 3061/4980 {'EXC:BrokenProcessPool': 3061} elapsed 1s
Sat Oct  3 00:56:49 2026 3062/4980 {'EXC:BrokenProcessPool': 3062} elapsed 1s
Sat Oct  3 00:56:49 2026 3063/4980 {'EXC:BrokenProcessPool': 3063} elapsed 1s
Sat Oct  3 00:56:49 2026 3064/4980 {'EXC:BrokenProcessPool': 3064} elapsed 1s
Sat Oct  3 00:56:49 2026 3065/4980 {'EXC:BrokenProcessPool': 3065} elapsed 1s
Sat Oct  3 00:56:49 2026 3066/4980 {'EXC:BrokenProcessPool': 3066} elapsed 1s
Sat Oct  3 00:56:49 2026 3067/4980 {'EXC:BrokenProcessPool': 3067} elapsed 1s
Sat Oct  3 00:56:49 2026 3068/4980 {'EXC:BrokenProcessPool': 3068} elapsed 1s
Sat Oct  3 00:56:49 2026 3069/4980 {'EXC:BrokenProcessPool': 3069} elapsed 1s
Sat Oct  3 00:56:49 2026 3070/4980 {'EXC:BrokenProcessPool': 3070} elapsed 1s
Sat Oct  3 00:56:49 2026 3071/4980 {'EXC:BrokenProcessPool': 3071} elapsed 1s
Sat Oct  3 00:56:49 2026 3072/4980 {'EXC:BrokenProcessPool': 3072} elapsed 1s
Sat Oct  3 00:56:49 2026 3073/4980 {'EXC:BrokenProcessPool': 3073} elapsed 1s
Sat Oct  3 00:56:49 2026 3074/4980 {'EXC:BrokenProcessPool': 3074} elapsed 1s
Sat Oct  3 00:56:49 2026 3075/4980 {'EXC:BrokenProcessPool': 3075} elapsed 1s
Sat Oct  3 00:56:49 2026 3076/4980 {'EXC:BrokenProcessPool': 3076} elapsed 1s
Sat Oct  3 00:56:49 2026 3077/4980 {'EXC:BrokenProcessPool': 3077} elapsed 1s
Sat Oct  3 00:56:49 2026 3078/4980 {'EXC:BrokenProcessPool': 3078} elapsed 1s
Sat Oct  3 00:56:49 2026 3079/4980 {'EXC:BrokenProcessPool': 3079} elapsed 1s
Sat Oct  3 00:56:49 2026 3080/4980 {'EXC:BrokenProcessPool': 3080} elapsed 1s
Sat Oct  3 00:56:49 2026 3081/4980 {'EXC:BrokenProcessPool': 3081} elapsed 1s
Sat Oct  3 00:56:49 2026 3082/4980 {'EXC:BrokenProcessPool': 3082} elapsed 1s
Sat Oct  3 00:56:49 2026 3083/4980 {'EXC:BrokenProcessPool': 3083} elapsed 1s
Sat Oct  3 00:56:49 2026 3084/4980 {'EXC:BrokenProcessPool': 3084} elapsed 1s
Sat Oct  3 00:56:49 2026 3085/4980 {'EXC:BrokenProcessPool': 3085} elapsed 1s
Sat Oct  3 00:56:49 2026 3086/4980 {'EXC:BrokenProcessPool': 3086} elapsed 1s
Sat Oct  3 00:56:49 2026 3087/4980 {'EXC:BrokenProcessPool': 3087} elapsed 1s
Sat Oct  3 00:56:49 2026 3088/4980 {'EXC:BrokenProcessPool': 3088} elapsed 1s
Sat Oct  3 00:56:49 2026 3089/4980 {'EXC:BrokenProcessPool': 3089} elapsed 1s
Sat Oct  3 00:56:49 2026 3090/4980 {'EXC:BrokenProcessPool': 3090} elapsed 1s
Sat Oct  3 00:56:49 2026 3091/4980 {'EXC:BrokenProcessPool': 3091} elapsed 1s
Sat Oct  3 00:56:49 2026 3092/4980 {'EXC:BrokenProcessPool': 3092} elapsed 1s
Sat Oct  3 00:56:49 2026 3093/4980 {'EXC:BrokenProcessPool': 3093} elapsed 1s
Sat Oct  3 00:56:49 2026 3094/4980 {'EXC:BrokenProcessPool': 3094} elapsed 1s
Sat Oct  3 00:56:49 2026 3095/4980 {'EXC:BrokenProcessPool': 3095} elapsed 1s
Sat Oct  3 00:56:49 2026 3096/4980 {'EXC:BrokenProcessPool': 3096} elapsed 1s
Sat Oct  3 00:56:49 2026 3097/4980 {'EXC:BrokenProcessPool': 3097} elapsed 1s
Sat Oct  3 00:56:49 2026 3098/4980 {'EXC:BrokenProcessPool': 3098} elapsed 1s
Sat Oct  3 00:56:49 2026 3099/4980 {'EXC:BrokenProcessPool': 3099} elapsed 1s
Sat Oct  3 00:56:49 2026 3100/4980 {'EXC:BrokenProcessPool': 3100} elapsed 1s
Sat Oct  3 00:56:49 2026 3101/4980 {'EXC:BrokenProcessPool': 3101} elapsed 1s
Sat Oct  3 00:56:49 2026 3102/4980 {'EXC:BrokenProcessPool': 3102} elapsed 1s
Sat Oct  3 00:56:49 2026 3103/4980 {'EXC:BrokenProcessPool': 3103} elapsed 1s
Sat Oct  3 00:56:49 2026 3104/4980 {'EXC:BrokenProcessPool': 3104} elapsed 1s
Sat Oct  3 00:56:49 2026 3105/4980 {'EXC:BrokenProcessPool': 3105} elapsed 1s
Sat Oct  3 00:56:49 2026 3106/4980 {'EXC:BrokenProcessPool': 3106} elapsed 1s
Sat Oct  3 00:56:49 2026 3107/4980 {'EXC:BrokenProcessPool': 3107} elapsed 1s
Sat Oct  3 00:56:49 2026 3108/4980 {'EXC:BrokenProcessPool': 3108} elapsed 1s
Sat Oct  3 00:56:49 2026 3109/4980 {'EXC:BrokenProcessPool': 3109} elapsed 1s
Sat Oct  3 00:56:49 2026 3110/4980 {'EXC:BrokenProcessPool': 3110} elapsed 1s
Sat Oct  3 00:56:49 2026 3111/4980 {'EXC:BrokenProcessPool': 3111} elapsed 1s
Sat Oct  3 00:56:49 2026 3112/4980 {'EXC:BrokenProcessPool': 3112} elapsed 1s
Sat Oct  3 00:56:49 2026 3113/4980 {'EXC:BrokenProcessPool': 3113} elapsed 1s
Sat Oct  3 00:56:49 2026 3114/4980 {'EXC:BrokenProcessPool': 3114} elapsed 1s
Sat Oct  3 00:56:49 2026 3115/4980 {'EXC:BrokenProcessPool': 3115} elapsed 1s
Sat Oct  3 00:56:49 2026 3116/4980 {'EXC:BrokenProcessPool': 3116} elapsed 1s
Sat Oct  3 00:56:49 2026 3117/4980 {'EXC:BrokenProcessPool': 3117} elapsed 1s
Sat Oct  3 00:56:49 2026 3118/4980 {'EXC:BrokenProcessPool': 3118} elapsed 1s
Sat Oct  3 00:56:49 2026 3119/4980 {'EXC:BrokenProcessPool': 3119} elapsed 1s
Sat Oct  3 00:56:49 2026 3120/4980 {'EXC:BrokenProcessPool': 3120} elapsed 1s
Sat Oct  3 00:56:49 2026 3121/4980 {'EXC:BrokenProcessPool': 3121} elapsed 1s
Sat Oct  3 00:56:49 2026 3122/4980 {'EXC:BrokenProcessPool': 3122} elapsed 1s
Sat Oct  3 00:56:49 2026 3123/4980 {'EXC:BrokenProcessPool': 3123} elapsed 1s
Sat Oct  3 00:56:49 2026 3124/4980 {'EXC:BrokenProcessPool': 3124} elapsed 1s
Sat Oct  3 00:56:49 2026 3125/4980 {'EXC:BrokenProcessPool': 3125} elapsed 1s
Sat Oct  3 00:56:49 2026 3126/4980 {'EXC:BrokenProcessPool': 3126} elapsed 1s
Sat Oct  3 00:56:49 2026 3127/4980 {'EXC:BrokenProcessPool': 3127} elapsed 1s
Sat Oct  3 00:56:49 2026 3128/4980 {'EXC:BrokenProcessPool': 3128} elapsed 1s
Sat Oct  3 00:56:49 2026 3129/4980 {'EXC:BrokenProcessPool': 3129} elapsed 1s
Sat Oct  3 00:56:49 2026 3130/4980 {'EXC:BrokenProcessPool': 3130} elapsed 1s
Sat Oct  3 00:56:49 2026 3131/4980 {'EXC:BrokenProcessPool': 3131} elapsed 1s
Sat Oct  3 00:56:49 2026 3132/4980 {'EXC:BrokenProcessPool': 3132} elapsed 1s
Sat Oct  3 00:56:49 2026 3133/4980 {'EXC:BrokenProcessPool': 3133} elapsed 1s
Sat Oct  3 00:56:49 2026 3134/4980 {'EXC:BrokenProcessPool': 3134} elapsed 1s
Sat Oct  3 00:56:49 2026 3135/4980 {'EXC:BrokenProcessPool': 3135} elapsed 1s
Sat Oct  3 00:56:49 2026 3136/4980 {'EXC:BrokenProcessPool': 3136} elapsed 1s
Sat Oct  3 00:56:49 2026 3137/4980 {'EXC:BrokenProcessPool': 3137} elapsed 1s
Sat Oct  3 00:56:49 2026 3138/4980 {'EXC:BrokenProcessPool': 3138} elapsed 1s
Sat Oct  3 00:56:49 2026 3139/4980 {'EXC:BrokenProcessPool': 3139} elapsed 1s
Sat Oct  3 00:56:49 2026 3140/4980 {'EXC:BrokenProcessPool': 3140} elapsed 1s
Sat Oct  3 00:56:49 2026 3141/4980 {'EXC:BrokenProcessPool': 3141} elapsed 1s
Sat Oct  3 00:56:49 2026 3142/4980 {'EXC:BrokenProcessPool': 3142} elapsed 1s
Sat Oct  3 00:56:49 2026 3143/4980 {'EXC:BrokenProcessPool': 3143} elapsed 1s
Sat Oct  3 00:56:49 2026 3144/4980 {'EXC:BrokenProcessPool': 3144} elapsed 1s
Sat Oct  3 00:56:49 2026 3145/4980 {'EXC:BrokenProcessPool': 3145} elapsed 1s
Sat Oct  3 00:56:49 2026 3146/4980 {'EXC:BrokenProcessPool': 3146} elapsed 1s
Sat Oct  3 00:56:49 2026 3147/4980 {'EXC:BrokenProcessPool': 3147} elapsed 1s
Sat Oct  3 00:56:49 2026 3148/4980 {'EXC:BrokenProcessPool': 3148} elapsed 1s
Sat Oct  3 00:56:49 2026 3149/4980 {'EXC:BrokenProcessPool': 3149} elapsed 1s
Sat Oct  3 00:56:49 2026 3150/4980 {'EXC:BrokenProcessPool': 3150} elapsed 1s
Sat Oct  3 00:56:49 2026 3151/4980 {'EXC:BrokenProcessPool': 3151} elapsed 1s
Sat Oct  3 00:56:49 2026 3152/4980 {'EXC:BrokenProcessPool': 3152} elapsed 1s
Sat Oct  3 00:56:49 2026 3153/4980 {'EXC:BrokenProcessPool': 3153} elapsed 1s
Sat Oct  3 00:56:49 2026 3154/4980 {'EXC:BrokenProcessPool': 3154} elapsed 1s
Sat Oct  3 00:56:49 2026 3155/4980 {'EXC:BrokenProcessPool': 3155} elapsed 1s
Sat Oct  3 00:56:49 2026 3156/4980 {'EXC:BrokenProcessPool': 3156} elapsed 1s
Sat Oct  3 00:56:49 2026 3157/4980 {'EXC:BrokenProcessPool': 3157} elapsed 1s
Sat Oct  3 00:56:49 2026 3158/4980 {'EXC:BrokenProcessPool': 3158} elapsed 1s
Sat Oct  3 00:56:49 2026 3159/4980 {'EXC:BrokenProcessPool': 3159} elapsed 1s
Sat Oct  3 00:56:49 2026 3160/4980 {'EXC:BrokenProcessPool': 3160} elapsed 1s
Sat Oct  3 00:56:49 2026 3161/4980 {'EXC:BrokenProcessPool': 3161} elapsed 1s
Sat Oct  3 00:56:49 2026 3162/4980 {'EXC:BrokenProcessPool': 3162} elapsed 1s
Sat Oct  3 00:56:49 2026 3163/4980 {'EXC:BrokenProcessPool': 3163} elapsed 1s
Sat Oct  3 00:56:49 2026 3164/4980 {'EXC:BrokenProcessPool': 3164} elapsed 1s
Sat Oct  3 00:56:49 2026 3165/4980 {'EXC:BrokenProcessPool': 3165} elapsed 1s
Sat Oct  3 00:56:49 2026 3166/4980 {'EXC:BrokenProcessPool': 3166} elapsed 1s
Sat Oct  3 00:56:49 2026 3167/4980 {'EXC:BrokenProcessPool': 3167} elapsed 1s
Sat Oct  3 00:56:49 2026 3168/4980 {'EXC:BrokenProcessPool': 3168} elapsed 1s
Sat Oct  3 00:56:49 2026 3169/4980 {'EXC:BrokenProcessPool': 3169} elapsed 1s
Sat Oct  3 00:56:49 2026 3170/4980 {'EXC:BrokenProcessPool': 3170} elapsed 1s
Sat Oct  3 00:56:49 2026 3171/4980 {'EXC:BrokenProcessPool': 3171} elapsed 1s
Sat Oct  3 00:56:49 2026 3172/4980 {'EXC:BrokenProcessPool': 3172} elapsed 1s
Sat Oct  3 00:56:49 2026 3173/4980 {'EXC:BrokenProcessPool': 3173} elapsed 1s
Sat Oct  3 00:56:49 2026 3174/4980 {'EXC:BrokenProcessPool': 3174} elapsed 1s
Sat Oct  3 00:56:49 2026 3175/4980 {'EXC:BrokenProcessPool': 3175} elapsed 1s
Sat Oct  3 00:56:49 2026 3176/4980 {'EXC:BrokenProcessPool': 3176} elapsed 1s
Sat Oct  3 00:56:49 2026 3177/4980 {'EXC:BrokenProcessPool': 3177} elapsed 1s
Sat Oct  3 00:56:49 2026 3178/4980 {'EXC:BrokenProcessPool': 3178} elapsed 1s
Sat Oct  3 00:56:49 2026 3179/4980 {'EXC:BrokenProcessPool': 3179} elapsed 1s
Sat Oct  3 00:56:49 2026 3180/4980 {'EXC:BrokenProcessPool': 3180} elapsed 1s
Sat Oct  3 00:56:49 2026 3181/4980 {'EXC:BrokenProcessPool': 3181} elapsed 1s
Sat Oct  3 00:56:49 2026 3182/4980 {'EXC:BrokenProcessPool': 3182} elapsed 1s
Sat Oct  3 00:56:49 2026 3183/4980 {'EXC:BrokenProcessPool': 3183} elapsed 1s
Sat Oct  3 00:56:49 2026 3184/4980 {'EXC:BrokenProcessPool': 3184} elapsed 1s
Sat Oct  3 00:56:49 2026 3185/4980 {'EXC:BrokenProcessPool': 3185} elapsed 1s
Sat Oct  3 00:56:49 2026 3186/4980 {'EXC:BrokenProcessPool': 3186} elapsed 1s
Sat Oct  3 00:56:49 2026 3187/4980 {'EXC:BrokenProcessPool': 3187} elapsed 1s
Sat Oct  3 00:56:49 2026 3188/4980 {'EXC:BrokenProcessPool': 3188} elapsed 1s
Sat Oct  3 00:56:49 2026 3189/4980 {'EXC:BrokenProcessPool': 3189} elapsed 1s
Sat Oct  3 00:56:49 2026 3190/4980 {'EXC:BrokenProcessPool': 3190} elapsed 1s
Sat Oct  3 00:56:49 2026 3191/4980 {'EXC:BrokenProcessPool': 3191} elapsed 1s
Sat Oct  3 00:56:49 2026 3192/4980 {'EXC:BrokenProcessPool': 3192} elapsed 1s
Sat Oct  3 00:56:49 2026 3193/4980 {'EXC:BrokenProcessPool': 3193} elapsed 1s
Sat Oct  3 00:56:49 2026 3194/4980 {'EXC:BrokenProcessPool': 3194} elapsed 1s
Sat Oct  3 00:56:49 2026 3195/4980 {'EXC:BrokenProcessPool': 3195} elapsed 1s
Sat Oct  3 00:56:49 2026 3196/4980 {'EXC:BrokenProcessPool': 3196} elapsed 1s
Sat Oct  3 00:56:49 2026 3197/4980 {'EXC:BrokenProcessPool': 3197} elapsed 1s
Sat Oct  3 00:56:49 2026 3198/4980 {'EXC:BrokenProcessPool': 3198} elapsed 1s
Sat Oct  3 00:56:49 2026 3199/4980 {'EXC:BrokenProcessPool': 3199} elapsed 1s
Sat Oct  3 00:56:49 2026 3200/4980 {'EXC:BrokenProcessPool': 3200} elapsed 1s
Sat Oct  3 00:56:49 2026 3201/4980 {'EXC:BrokenProcessPool': 3201} elapsed 1s
Sat Oct  3 00:56:49 2026 3202/4980 {'EXC:BrokenProcessPool': 3202} elapsed 1s
Sat Oct  3 00:56:49 2026 3203/4980 {'EXC:BrokenProcessPool': 3203} elapsed 1s
Sat Oct  3 00:56:49 2026 3204/4980 {'EXC:BrokenProcessPool': 3204} elapsed 1s
Sat Oct  3 00:56:49 2026 3205/4980 {'EXC:BrokenProcessPool': 3205} elapsed 1s
Sat Oct  3 00:56:49 2026 3206/4980 {'EXC:BrokenProcessPool': 3206} elapsed 1s
Sat Oct  3 00:56:49 2026 3207/4980 {'EXC:BrokenProcessPool': 3207} elapsed 1s
Sat Oct  3 00:56:49 2026 3208/4980 {'EXC:BrokenProcessPool': 3208} elapsed 1s
Sat Oct  3 00:56:49 2026 3209/4980 {'EXC:BrokenProcessPool': 3209} elapsed 1s
Sat Oct  3 00:56:49 2026 3210/4980 {'EXC:BrokenProcessPool': 3210} elapsed 1s
Sat Oct  3 00:56:49 2026 3211/4980 {'EXC:BrokenProcessPool': 3211} elapsed 1s
Sat Oct  3 00:56:49 2026 3212/4980 {'EXC:BrokenProcessPool': 3212} elapsed 1s
Sat Oct  3 00:56:49 2026 3213/4980 {'EXC:BrokenProcessPool': 3213} elapsed 1s
Sat Oct  3 00:56:49 2026 3214/4980 {'EXC:BrokenProcessPool': 3214} elapsed 1s
Sat Oct  3 00:56:49 2026 3215/4980 {'EXC:BrokenProcessPool': 3215} elapsed 1s
Sat Oct  3 00:56:49 2026 3216/4980 {'EXC:BrokenProcessPool': 3216} elapsed 1s
Sat Oct  3 00:56:49 2026 3217/4980 {'EXC:BrokenProcessPool': 3217} elapsed 1s
Sat Oct  3 00:56:49 2026 3218/4980 {'EXC:BrokenProcessPool': 3218} elapsed 1s
Sat Oct  3 00:56:49 2026 3219/4980 {'EXC:BrokenProcessPool': 3219} elapsed 1s
Sat Oct  3 00:56:49 2026 3220/4980 {'EXC:BrokenProcessPool': 3220} elapsed 1s
Sat Oct  3 00:56:49 2026 3221/4980 {'EXC:BrokenProcessPool': 3221} elapsed 1s
Sat Oct  3 00:56:49 2026 3222/4980 {'EXC:BrokenProcessPool': 3222} elapsed 1s
Sat Oct  3 00:56:49 2026 3223/4980 {'EXC:BrokenProcessPool': 3223} elapsed 1s
Sat Oct  3 00:56:49 2026 3224/4980 {'EXC:BrokenProcessPool': 3224} elapsed 1s
Sat Oct  3 00:56:49 2026 3225/4980 {'EXC:BrokenProcessPool': 3225} elapsed 1s
Sat Oct  3 00:56:49 2026 3226/4980 {'EXC:BrokenProcessPool': 3226} elapsed 1s
Sat Oct  3 00:56:49 2026 3227/4980 {'EXC:BrokenProcessPool': 3227} elapsed 1s
Sat Oct  3 00:56:49 2026 3228/4980 {'EXC:BrokenProcessPool': 3228} elapsed 1s
Sat Oct  3 00:56:49 2026 3229/4980 {'EXC:BrokenProcessPool': 3229} elapsed 1s
Sat Oct  3 00:56:49 2026 3230/4980 {'EXC:BrokenProcessPool': 3230} elapsed 1s
Sat Oct  3 00:56:49 2026 3231/4980 {'EXC:BrokenProcessPool': 3231} elapsed 1s
Sat Oct  3 00:56:49 2026 3232/4980 {'EXC:BrokenProcessPool': 3232} elapsed 1s
Sat Oct  3 00:56:49 2026 3233/4980 {'EXC:BrokenProcessPool': 3233} elapsed 1s
Sat Oct  3 00:56:49 2026 3234/4980 {'EXC:BrokenProcessPool': 3234} elapsed 1s
Sat Oct  3 00:56:49 2026 3235/4980 {'EXC:BrokenProcessPool': 3235} elapsed 1s
Sat Oct  3 00:56:49 2026 3236/4980 {'EXC:BrokenProcessPool': 3236} elapsed 1s
Sat Oct  3 00:56:49 2026 3237/4980 {'EXC:BrokenProcessPool': 3237} elapsed 1s
Sat Oct  3 00:56:49 2026 3238/4980 {'EXC:BrokenProcessPool': 3238} elapsed 1s
Sat Oct  3 00:56:49 2026 3239/4980 {'EXC:BrokenProcessPool': 3239} elapsed 1s
Sat Oct  3 00:56:49 2026 3240/4980 {'EXC:BrokenProcessPool': 3240} elapsed 1s
Sat Oct  3 00:56:49 2026 3241/4980 {'EXC:BrokenProcessPool': 3241} elapsed 1s
Sat Oct  3 00:56:49 2026 3242/4980 {'EXC:BrokenProcessPool': 3242} elapsed 1s
Sat Oct  3 00:56:49 2026 3243/4980 {'EXC:BrokenProcessPool': 3243} elapsed 1s
Sat Oct  3 00:56:49 2026 3244/4980 {'EXC:BrokenProcessPool': 3244} elapsed 1s
Sat Oct  3 00:56:49 2026 3245/4980 {'EXC:BrokenProcessPool': 3245} elapsed 1s
Sat Oct  3 00:56:49 2026 3246/4980 {'EXC:BrokenProcessPool': 3246} elapsed 1s
Sat Oct  3 00:56:49 2026 3247/4980 {'EXC:BrokenProcessPool': 3247} elapsed 1s
Sat Oct  3 00:56:49 2026 3248/4980 {'EXC:BrokenProcessPool': 3248} elapsed 1s
Sat Oct  3 00:56:49 2026 3249/4980 {'EXC:BrokenProcessPool': 3249} elapsed 1s
Sat Oct  3 00:56:49 2026 3250/4980 {'EXC:BrokenProcessPool': 3250} elapsed 1s
Sat Oct  3 00:56:49 2026 3251/4980 {'EXC:BrokenProcessPool': 3251} elapsed 1s
Sat Oct  3 00:56:49 2026 3252/4980 {'EXC:BrokenProcessPool': 3252} elapsed 1s
Sat Oct  3 00:56:49 2026 3253/4980 {'EXC:BrokenProcessPool': 3253} elapsed 1s
Sat Oct  3 00:56:49 2026 3254/4980 {'EXC:BrokenProcessPool': 3254} elapsed 1s
Sat Oct  3 00:56:49 2026 3255/4980 {'EXC:BrokenProcessPool': 3255} elapsed 1s
Sat Oct  3 00:56:49 2026 3256/4980 {'EXC:BrokenProcessPool': 3256} elapsed 1s
Sat Oct  3 00:56:49 2026 3257/4980 {'EXC:BrokenProcessPool': 3257} elapsed 1s
Sat Oct  3 00:56:49 2026 3258/4980 {'EXC:BrokenProcessPool': 3258} elapsed 1s
Sat Oct  3 00:56:49 2026 3259/4980 {'EXC:BrokenProcessPool': 3259} elapsed 1s
Sat Oct  3 00:56:49 2026 3260/4980 {'EXC:BrokenProcessPool': 3260} elapsed 1s
Sat Oct  3 00:56:49 2026 3261/4980 {'EXC:BrokenProcessPool': 3261} elapsed 1s
Sat Oct  3 00:56:49 2026 3262/4980 {'EXC:BrokenProcessPool': 3262} elapsed 1s
Sat Oct  3 00:56:49 2026 3263/4980 {'EXC:BrokenProcessPool': 3263} elapsed 1s
Sat Oct  3 00:56:49 2026 3264/4980 {'EXC:BrokenProcessPool': 3264} elapsed 1s
Sat Oct  3 00:56:49 2026 3265/4980 {'EXC:BrokenProcessPool': 3265} elapsed 1s
Sat Oct  3 00:56:49 2026 3266/4980 {'EXC:BrokenProcessPool': 3266} elapsed 1s
Sat Oct  3 00:56:49 2026 3267/4980 {'EXC:BrokenProcessPool': 3267} elapsed 1s
Sat Oct  3 00:56:49 2026 3268/4980 {'EXC:BrokenProcessPool': 3268} elapsed 1s
Sat Oct  3 00:56:49 2026 3269/4980 {'EXC:BrokenProcessPool': 3269} elapsed 1s
Sat Oct  3 00:56:49 2026 3270/4980 {'EXC:BrokenProcessPool': 3270} elapsed 1s
Sat Oct  3 00:56:49 2026 3271/4980 {'EXC:BrokenProcessPool': 3271} elapsed 1s
Sat Oct  3 00:56:49 2026 3272/4980 {'EXC:BrokenProcessPool': 3272} elapsed 1s
Sat Oct  3 00:56:49 2026 3273/4980 {'EXC:BrokenProcessPool': 3273} elapsed 1s
Sat Oct  3 00:56:49 2026 3274/4980 {'EXC:BrokenProcessPool': 3274} elapsed 1s
Sat Oct  3 00:56:49 2026 3275/4980 {'EXC:BrokenProcessPool': 3275} elapsed 1s
Sat Oct  3 00:56:49 2026 3276/4980 {'EXC:BrokenProcessPool': 3276} elapsed 1s
Sat Oct  3 00:56:49 2026 3277/4980 {'EXC:BrokenProcessPool': 3277} elapsed 1s
Sat Oct  3 00:56:49 2026 3278/4980 {'EXC:BrokenProcessPool': 3278} elapsed 1s
Sat Oct  3 00:56:49 2026 3279/4980 {'EXC:BrokenProcessPool': 3279} elapsed 1s
Sat Oct  3 00:56:49 2026 3280/4980 {'EXC:BrokenProcessPool': 3280} elapsed 1s
Sat Oct  3 00:56:49 2026 3281/4980 {'EXC:BrokenProcessPool': 3281} elapsed 1s
Sat Oct  3 00:56:49 2026 3282/4980 {'EXC:BrokenProcessPool': 3282} elapsed 1s
Sat Oct  3 00:56:49 2026 3283/4980 {'EXC:BrokenProcessPool': 3283} elapsed 1s
Sat Oct  3 00:56:49 2026 3284/4980 {'EXC:BrokenProcessPool': 3284} elapsed 1s
Sat Oct  3 00:56:49 2026 3285/4980 {'EXC:BrokenProcessPool': 3285} elapsed 1s
Sat Oct  3 00:56:49 2026 3286/4980 {'EXC:BrokenProcessPool': 3286} elapsed 1s
Sat Oct  3 00:56:49 2026 3287/4980 {'EXC:BrokenProcessPool': 3287} elapsed 1s
Sat Oct  3 00:56:49 2026 3288/4980 {'EXC:BrokenProcessPool': 3288} elapsed 1s
Sat Oct  3 00:56:49 2026 3289/4980 {'EXC:BrokenProcessPool': 3289} elapsed 1s
Sat Oct  3 00:56:49 2026 3290/4980 {'EXC:BrokenProcessPool': 3290} elapsed 1s
Sat Oct  3 00:56:49 2026 3291/4980 {'EXC:BrokenProcessPool': 3291} elapsed 1s
Sat Oct  3 00:56:49 2026 3292/4980 {'EXC:BrokenProcessPool': 3292} elapsed 1s
Sat Oct  3 00:56:49 2026 3293/4980 {'EXC:BrokenProcessPool': 3293} elapsed 1s
Sat Oct  3 00:56:49 2026 3294/4980 {'EXC:BrokenProcessPool': 3294} elapsed 1s
Sat Oct  3 00:56:49 2026 3295/4980 {'EXC:BrokenProcessPool': 3295} elapsed 1s
Sat Oct  3 00:56:49 2026 3296/4980 {'EXC:BrokenProcessPool': 3296} elapsed 1s
Sat Oct  3 00:56:49 2026 3297/4980 {'EXC:BrokenProcessPool': 3297} elapsed 1s
Sat Oct  3 00:56:49 2026 3298/4980 {'EXC:BrokenProcessPool': 3298} elapsed 1s
Sat Oct  3 00:56:49 2026 3299/4980 {'EXC:BrokenProcessPool': 3299} elapsed 1s
Sat Oct  3 00:56:49 2026 3300/4980 {'EXC:BrokenProcessPool': 3300} elapsed 1s
Sat Oct  3 00:56:49 2026 3301/4980 {'EXC:BrokenProcessPool': 3301} elapsed 1s
Sat Oct  3 00:56:49 2026 3302/4980 {'EXC:BrokenProcessPool': 3302} elapsed 1s
Sat Oct  3 00:56:49 2026 3303/4980 {'EXC:BrokenProcessPool': 3303} elapsed 1s
Sat Oct  3 00:56:49 2026 3304/4980 {'EXC:BrokenProcessPool': 3304} elapsed 1s
Sat Oct  3 00:56:49 2026 3305/4980 {'EXC:BrokenProcessPool': 3305} elapsed 1s
Sat Oct  3 00:56:49 2026 3306/4980 {'EXC:BrokenProcessPool': 3306} elapsed 1s
Sat Oct  3 00:56:49 2026 3307/4980 {'EXC:BrokenProcessPool': 3307} elapsed 1s
Sat Oct  3 00:56:49 2026 3308/4980 {'EXC:BrokenProcessPool': 3308} elapsed 1s
Sat Oct  3 00:56:49 2026 3309/4980 {'EXC:BrokenProcessPool': 3309} elapsed 1s
Sat Oct  3 00:56:49 2026 3310/4980 {'EXC:BrokenProcessPool': 3310} elapsed 1s
Sat Oct  3 00:56:49 2026 3311/4980 {'EXC:BrokenProcessPool': 3311} elapsed 1s
Sat Oct  3 00:56:49 2026 3312/4980 {'EXC:BrokenProcessPool': 3312} elapsed 1s
Sat Oct  3 00:56:49 2026 3313/4980 {'EXC:BrokenProcessPool': 3313} elapsed 1s
Sat Oct  3 00:56:49 2026 3314/4980 {'EXC:BrokenProcessPool': 3314} elapsed 1s
Sat Oct  3 00:56:49 2026 3315/4980 {'EXC:BrokenProcessPool': 3315} elapsed 1s
Sat Oct  3 00:56:49 2026 3316/4980 {'EXC:BrokenProcessPool': 3316} elapsed 1s
Sat Oct  3 00:56:49 2026 3317/4980 {'EXC:BrokenProcessPool': 3317} elapsed 1s
Sat Oct  3 00:56:49 2026 3318/4980 {'EXC:BrokenProcessPool': 3318} elapsed 1s
Sat Oct  3 00:56:49 2026 3319/4980 {'EXC:BrokenProcessPool': 3319} elapsed 1s
Sat Oct  3 00:56:49 2026 3320/4980 {'EXC:BrokenProcessPool': 3320} elapsed 1s
Sat Oct  3 00:56:49 2026 3321/4980 {'EXC:BrokenProcessPool': 3321} elapsed 1s
Sat Oct  3 00:56:49 2026 3322/4980 {'EXC:BrokenProcessPool': 3322} elapsed 1s
Sat Oct  3 00:56:49 2026 3323/4980 {'EXC:BrokenProcessPool': 3323} elapsed 1s
Sat Oct  3 00:56:49 2026 3324/4980 {'EXC:BrokenProcessPool': 3324} elapsed 1s
Sat Oct  3 00:56:49 2026 3325/4980 {'EXC:BrokenProcessPool': 3325} elapsed 1s
Sat Oct  3 00:56:49 2026 3326/4980 {'EXC:BrokenProcessPool': 3326} elapsed 1s
Sat Oct  3 00:56:49 2026 3327/4980 {'EXC:BrokenProcessPool': 3327} elapsed 1s
Sat Oct  3 00:56:49 2026 3328/4980 {'EXC:BrokenProcessPool': 3328} elapsed 1s
Sat Oct  3 00:56:49 2026 3329/4980 {'EXC:BrokenProcessPool': 3329} elapsed 1s
Sat Oct  3 00:56:49 2026 3330/4980 {'EXC:BrokenProcessPool': 3330} elapsed 1s
Sat Oct  3 00:56:49 2026 3331/4980 {'EXC:BrokenProcessPool': 3331} elapsed 1s
Sat Oct  3 00:56:49 2026 3332/4980 {'EXC:BrokenProcessPool': 3332} elapsed 1s
Sat Oct  3 00:56:49 2026 3333/4980 {'EXC:BrokenProcessPool': 3333} elapsed 1s
Sat Oct  3 00:56:49 2026 3334/4980 {'EXC:BrokenProcessPool': 3334} elapsed 1s
Sat Oct  3 00:56:49 2026 3335/4980 {'EXC:BrokenProcessPool': 3335} elapsed 1s
Sat Oct  3 00:56:49 2026 3336/4980 {'EXC:BrokenProcessPool': 3336} elapsed 1s
Sat Oct  3 00:56:49 2026 3337/4980 {'EXC:BrokenProcessPool': 3337} elapsed 1s
Sat Oct  3 00:56:49 2026 3338/4980 {'EXC:BrokenProcessPool': 3338} elapsed 1s
Sat Oct  3 00:56:49 2026 3339/4980 {'EXC:BrokenProcessPool': 3339} elapsed 1s
Sat Oct  3 00:56:49 2026 3340/4980 {'EXC:BrokenProcessPool': 3340} elapsed 1s
Sat Oct  3 00:56:49 2026 3341/4980 {'EXC:BrokenProcessPool': 3341} elapsed 1s
Sat Oct  3 00:56:49 2026 3342/4980 {'EXC:BrokenProcessPool': 3342} elapsed 1s
Sat Oct  3 00:56:49 2026 3343/4980 {'EXC:BrokenProcessPool': 3343} elapsed 1s
Sat Oct  3 00:56:49 2026 3344/4980 {'EXC:BrokenProcessPool': 3344} elapsed 1s
Sat Oct  3 00:56:49 2026 3345/4980 {'EXC:BrokenProcessPool': 3345} elapsed 1s
Sat Oct  3 00:56:49 2026 3346/4980 {'EXC:BrokenProcessPool': 3346} elapsed 1s
Sat Oct  3 00:56:49 2026 3347/4980 {'EXC:BrokenProcessPool': 3347} elapsed 1s
Sat Oct  3 00:56:49 2026 3348/4980 {'EXC:BrokenProcessPool': 3348} elapsed 1s
Sat Oct  3 00:56:49 2026 3349/4980 {'EXC:BrokenProcessPool': 3349} elapsed 1s
Sat Oct  3 00:56:49 2026 3350/4980 {'EXC:BrokenProcessPool': 3350} elapsed 1s
Sat Oct  3 00:56:49 2026 3351/4980 {'EXC:BrokenProcessPool': 3351} elapsed 1s
Sat Oct  3 00:56:49 2026 3352/4980 {'EXC:BrokenProcessPool': 3352} elapsed 1s
Sat Oct  3 00:56:49 2026 3353/4980 {'EXC:BrokenProcessPool': 3353} elapsed 1s
Sat Oct  3 00:56:49 2026 3354/4980 {'EXC:BrokenProcessPool': 3354} elapsed 1s
Sat Oct  3 00:56:49 2026 3355/4980 {'EXC:BrokenProcessPool': 3355} elapsed 1s
Sat Oct  3 00:56:49 2026 3356/4980 {'EXC:BrokenProcessPool': 3356} elapsed 1s
Sat Oct  3 00:56:49 2026 3357/4980 {'EXC:BrokenProcessPool': 3357} elapsed 1s
Sat Oct  3 00:56:49 2026 3358/4980 {'EXC:BrokenProcessPool': 3358} elapsed 1s
Sat Oct  3 00:56:49 2026 3359/4980 {'EXC:BrokenProcessPool': 3359} elapsed 1s
Sat Oct  3 00:56:49 2026 3360/4980 {'EXC:BrokenProcessPool': 3360} elapsed 1s
Sat Oct  3 00:56:49 2026 3361/4980 {'EXC:BrokenProcessPool': 3361} elapsed 1s
Sat Oct  3 00:56:49 2026 3362/4980 {'EXC:BrokenProcessPool': 3362} elapsed 1s
Sat Oct  3 00:56:49 2026 3363/4980 {'EXC:BrokenProcessPool': 3363} elapsed 1s
Sat Oct  3 00:56:49 2026 3364/4980 {'EXC:BrokenProcessPool': 3364} elapsed 1s
Sat Oct  3 00:56:49 2026 3365/4980 {'EXC:BrokenProcessPool': 3365} elapsed 1s
Sat Oct  3 00:56:49 2026 3366/4980 {'EXC:BrokenProcessPool': 3366} elapsed 1s
Sat Oct  3 00:56:49 2026 3367/4980 {'EXC:BrokenProcessPool': 3367} elapsed 1s
Sat Oct  3 00:56:49 2026 3368/4980 {'EXC:BrokenProcessPool': 3368} elapsed 1s
Sat Oct  3 00:56:49 2026 3369/4980 {'EXC:BrokenProcessPool': 3369} elapsed 1s
Sat Oct  3 00:56:49 2026 3370/4980 {'EXC:BrokenProcessPool': 3370} elapsed 1s
Sat Oct  3 00:56:49 2026 3371/4980 {'EXC:BrokenProcessPool': 3371} elapsed 1s
Sat Oct  3 00:56:49 2026 3372/4980 {'EXC:BrokenProcessPool': 3372} elapsed 1s
Sat Oct  3 00:56:49 2026 3373/4980 {'EXC:BrokenProcessPool': 3373} elapsed 1s
Sat Oct  3 00:56:49 2026 3374/4980 {'EXC:BrokenProcessPool': 3374} elapsed 1s
Sat Oct  3 00:56:49 2026 3375/4980 {'EXC:BrokenProcessPool': 3375} elapsed 1s
Sat Oct  3 00:56:49 2026 3376/4980 {'EXC:BrokenProcessPool': 3376} elapsed 1s
Sat Oct  3 00:56:49 2026 3377/4980 {'EXC:BrokenProcessPool': 3377} elapsed 1s
Sat Oct  3 00:56:49 2026 3378/4980 {'EXC:BrokenProcessPool': 3378} elapsed 1s
Sat Oct  3 00:56:49 2026 3379/4980 {'EXC:BrokenProcessPool': 3379} elapsed 1s
Sat Oct  3 00:56:49 2026 3380/4980 {'EXC:BrokenProcessPool': 3380} elapsed 1s
Sat Oct  3 00:56:49 2026 3381/4980 {'EXC:BrokenProcessPool': 3381} elapsed 1s
Sat Oct  3 00:56:49 2026 3382/4980 {'EXC:BrokenProcessPool': 3382} elapsed 1s
Sat Oct  3 00:56:49 2026 3383/4980 {'EXC:BrokenProcessPool': 3383} elapsed 1s
Sat Oct  3 00:56:49 2026 3384/4980 {'EXC:BrokenProcessPool': 3384} elapsed 1s
Sat Oct  3 00:56:49 2026 3385/4980 {'EXC:BrokenProcessPool': 3385} elapsed 1s
Sat Oct  3 00:56:49 2026 3386/4980 {'EXC:BrokenProcessPool': 3386} elapsed 1s
Sat Oct  3 00:56:49 2026 3387/4980 {'EXC:BrokenProcessPool': 3387} elapsed 1s
Sat Oct  3 00:56:49 2026 3388/4980 {'EXC:BrokenProcessPool': 3388} elapsed 1s
Sat Oct  3 00:56:49 2026 3389/4980 {'EXC:BrokenProcessPool': 3389} elapsed 1s
Sat Oct  3 00:56:49 2026 3390/4980 {'EXC:BrokenProcessPool': 3390} elapsed 1s
Sat Oct  3 00:56:49 2026 3391/4980 {'EXC:BrokenProcessPool': 3391} elapsed 1s
Sat Oct  3 00:56:49 2026 3392/4980 {'EXC:BrokenProcessPool': 3392} elapsed 1s
Sat Oct  3 00:56:49 2026 3393/4980 {'EXC:BrokenProcessPool': 3393} elapsed 1s
Sat Oct  3 00:56:49 2026 3394/4980 {'EXC:BrokenProcessPool': 3394} elapsed 1s
Sat Oct  3 00:56:49 2026 3395/4980 {'EXC:BrokenProcessPool': 3395} elapsed 1s
Sat Oct  3 00:56:49 2026 3396/4980 {'EXC:BrokenProcessPool': 3396} elapsed 1s
Sat Oct  3 00:56:49 2026 3397/4980 {'EXC:BrokenProcessPool': 3397} elapsed 1s
Sat Oct  3 00:56:49 2026 3398/4980 {'EXC:BrokenProcessPool': 3398} elapsed 1s
Sat Oct  3 00:56:49 2026 3399/4980 {'EXC:BrokenProcessPool': 3399} elapsed 1s
Sat Oct  3 00:56:49 2026 3400/4980 {'EXC:BrokenProcessPool': 3400} elapsed 1s
Sat Oct  3 00:56:49 2026 3401/4980 {'EXC:BrokenProcessPool': 3401} elapsed 1s
Sat Oct  3 00:56:49 2026 3402/4980 {'EXC:BrokenProcessPool': 3402} elapsed 1s
Sat Oct  3 00:56:49 2026 3403/4980 {'EXC:BrokenProcessPool': 3403} elapsed 1s
Sat Oct  3 00:56:49 2026 3404/4980 {'EXC:BrokenProcessPool': 3404} elapsed 1s
Sat Oct  3 00:56:49 2026 3405/4980 {'EXC:BrokenProcessPool': 3405} elapsed 1s
Sat Oct  3 00:56:49 2026 3406/4980 {'EXC:BrokenProcessPool': 3406} elapsed 1s
Sat Oct  3 00:56:49 2026 3407/4980 {'EXC:BrokenProcessPool': 3407} elapsed 1s
Sat Oct  3 00:56:49 2026 3408/4980 {'EXC:BrokenProcessPool': 3408} elapsed 1s
Sat Oct  3 00:56:49 2026 3409/4980 {'EXC:BrokenProcessPool': 3409} elapsed 1s
Sat Oct  3 00:56:49 2026 3410/4980 {'EXC:BrokenProcessPool': 3410} elapsed 1s
Sat Oct  3 00:56:49 2026 3411/4980 {'EXC:BrokenProcessPool': 3411} elapsed 1s
Sat Oct  3 00:56:49 2026 3412/4980 {'EXC:BrokenProcessPool': 3412} elapsed 1s
Sat Oct  3 00:56:49 2026 3413/4980 {'EXC:BrokenProcessPool': 3413} elapsed 1s
Sat Oct  3 00:56:49 2026 3414/4980 {'EXC:BrokenProcessPool': 3414} elapsed 1s
Sat Oct  3 00:56:49 2026 3415/4980 {'EXC:BrokenProcessPool': 3415} elapsed 1s
Sat Oct  3 00:56:49 2026 3416/4980 {'EXC:BrokenProcessPool': 3416} elapsed 1s
Sat Oct  3 00:56:49 2026 3417/4980 {'EXC:BrokenProcessPool': 3417} elapsed 1s
Sat Oct  3 00:56:49 2026 3418/4980 {'EXC:BrokenProcessPool': 3418} elapsed 1s
Sat Oct  3 00:56:49 2026 3419/4980 {'EXC:BrokenProcessPool': 3419} elapsed 1s
Sat Oct  3 00:56:49 2026 3420/4980 {'EXC:BrokenProcessPool': 3420} elapsed 1s
Sat Oct  3 00:56:49 2026 3421/4980 {'EXC:BrokenProcessPool': 3421} elapsed 1s
Sat Oct  3 00:56:49 2026 3422/4980 {'EXC:BrokenProcessPool': 3422} elapsed 1s
Sat Oct  3 00:56:49 2026 3423/4980 {'EXC:BrokenProcessPool': 3423} elapsed 1s
Sat Oct  3 00:56:49 2026 3424/4980 {'EXC:BrokenProcessPool': 3424} elapsed 1s
Sat Oct  3 00:56:49 2026 3425/4980 {'EXC:BrokenProcessPool': 3425} elapsed 1s
Sat Oct  3 00:56:49 2026 3426/4980 {'EXC:BrokenProcessPool': 3426} elapsed 1s
Sat Oct  3 00:56:49 2026 3427/4980 {'EXC:BrokenProcessPool': 3427} elapsed 1s
Sat Oct  3 00:56:49 2026 3428/4980 {'EXC:BrokenProcessPool': 3428} elapsed 1s
Sat Oct  3 00:56:49 2026 3429/4980 {'EXC:BrokenProcessPool': 3429} elapsed 1s
Sat Oct  3 00:56:49 2026 3430/4980 {'EXC:BrokenProcessPool': 3430} elapsed 1s
Sat Oct  3 00:56:49 2026 3431/4980 {'EXC:BrokenProcessPool': 3431} elapsed 1s
Sat Oct  3 00:56:49 2026 3432/4980 {'EXC:BrokenProcessPool': 3432} elapsed 1s
Sat Oct  3 00:56:49 2026 3433/4980 {'EXC:BrokenProcessPool': 3433} elapsed 1s
Sat Oct  3 00:56:49 2026 3434/4980 {'EXC:BrokenProcessPool': 3434} elapsed 1s
Sat Oct  3 00:56:49 2026 3435/4980 {'EXC:BrokenProcessPool': 3435} elapsed 1s
Sat Oct  3 00:56:49 2026 3436/4980 {'EXC:BrokenProcessPool': 3436} elapsed 1s
Sat Oct  3 00:56:49 2026 3437/4980 {'EXC:BrokenProcessPool': 3437} elapsed 1s
Sat Oct  3 00:56:49 2026 3438/4980 {'EXC:BrokenProcessPool': 3438} elapsed 1s
Sat Oct  3 00:56:49 2026 3439/4980 {'EXC:BrokenProcessPool': 3439} elapsed 1s
Sat Oct  3 00:56:49 2026 3440/4980 {'EXC:BrokenProcessPool': 3440} elapsed 1s
Sat Oct  3 00:56:49 2026 3441/4980 {'EXC:BrokenProcessPool': 3441} elapsed 1s
Sat Oct  3 00:56:49 2026 3442/4980 {'EXC:BrokenProcessPool': 3442} elapsed 1s
Sat Oct  3 00:56:49 2026 3443/4980 {'EXC:BrokenProcessPool': 3443} elapsed 1s
Sat Oct  3 00:56:49 2026 3444/4980 {'EXC:BrokenProcessPool': 3444} elapsed 1s
Sat Oct  3 00:56:49 2026 3445/4980 {'EXC:BrokenProcessPool': 3445} elapsed 1s
Sat Oct  3 00:56:49 2026 3446/4980 {'EXC:BrokenProcessPool': 3446} elapsed 1s
Sat Oct  3 00:56:49 2026 3447/4980 {'EXC:BrokenProcessPool': 3447} elapsed 1s
Sat Oct  3 00:56:49 2026 3448/4980 {'EXC:BrokenProcessPool': 3448} elapsed 1s
Sat Oct  3 00:56:49 2026 3449/4980 {'EXC:BrokenProcessPool': 3449} elapsed 1s
Sat Oct  3 00:56:49 2026 3450/4980 {'EXC:BrokenProcessPool': 3450} elapsed 1s
Sat Oct  3 00:56:49 2026 3451/4980 {'EXC:BrokenProcessPool': 3451} elapsed 1s
Sat Oct  3 00:56:49 2026 3452/4980 {'EXC:BrokenProcessPool': 3452} elapsed 1s
Sat Oct  3 00:56:49 2026 3453/4980 {'EXC:BrokenProcessPool': 3453} elapsed 1s
Sat Oct  3 00:56:49 2026 3454/4980 {'EXC:BrokenProcessPool': 3454} elapsed 1s
Sat Oct  3 00:56:49 2026 3455/4980 {'EXC:BrokenProcessPool': 3455} elapsed 1s
Sat Oct  3 00:56:49 2026 3456/4980 {'EXC:BrokenProcessPool': 3456} elapsed 1s
Sat Oct  3 00:56:49 2026 3457/4980 {'EXC:BrokenProcessPool': 3457} elapsed 1s
Sat Oct  3 00:56:49 2026 3458/4980 {'EXC:BrokenProcessPool': 3458} elapsed 1s
Sat Oct  3 00:56:49 2026 3459/4980 {'EXC:BrokenProcessPool': 3459} elapsed 1s
Sat Oct  3 00:56:49 2026 3460/4980 {'EXC:BrokenProcessPool': 3460} elapsed 1s
Sat Oct  3 00:56:49 2026 3461/4980 {'EXC:BrokenProcessPool': 3461} elapsed 1s
Sat Oct  3 00:56:49 2026 3462/4980 {'EXC:BrokenProcessPool': 3462} elapsed 1s
Sat Oct  3 00:56:49 2026 3463/4980 {'EXC:BrokenProcessPool': 3463} elapsed 1s
Sat Oct  3 00:56:49 2026 3464/4980 {'EXC:BrokenProcessPool': 3464} elapsed 1s
Sat Oct  3 00:56:49 2026 3465/4980 {'EXC:BrokenProcessPool': 3465} elapsed 1s
Sat Oct  3 00:56:49 2026 3466/4980 {'EXC:BrokenProcessPool': 3466} elapsed 1s
Sat Oct  3 00:56:49 2026 3467/4980 {'EXC:BrokenProcessPool': 3467} elapsed 1s
Sat Oct  3 00:56:49 2026 3468/4980 {'EXC:BrokenProcessPool': 3468} elapsed 1s
Sat Oct  3 00:56:49 2026 3469/4980 {'EXC:BrokenProcessPool': 3469} elapsed 1s
Sat Oct  3 00:56:49 2026 3470/4980 {'EXC:BrokenProcessPool': 3470} elapsed 1s
Sat Oct  3 00:56:49 2026 3471/4980 {'EXC:BrokenProcessPool': 3471} elapsed 1s
Sat Oct  3 00:56:49 2026 3472/4980 {'EXC:BrokenProcessPool': 3472} elapsed 1s
Sat Oct  3 00:56:49 2026 3473/4980 {'EXC:BrokenProcessPool': 3473} elapsed 1s
Sat Oct  3 00:56:49 2026 3474/4980 {'EXC:BrokenProcessPool': 3474} elapsed 1s
Sat Oct  3 00:56:49 2026 3475/4980 {'EXC:BrokenProcessPool': 3475} elapsed 1s
Sat Oct  3 00:56:49 2026 3476/4980 {'EXC:BrokenProcessPool': 3476} elapsed 1s
Sat Oct  3 00:56:49 2026 3477/4980 {'EXC:BrokenProcessPool': 3477} elapsed 1s
Sat Oct  3 00:56:49 2026 3478/4980 {'EXC:BrokenProcessPool': 3478} elapsed 1s
Sat Oct  3 00:56:49 2026 3479/4980 {'EXC:BrokenProcessPool': 3479} elapsed 1s
Sat Oct  3 00:56:49 2026 3480/4980 {'EXC:BrokenProcessPool': 3480} elapsed 1s
Sat Oct  3 00:56:49 2026 3481/4980 {'EXC:BrokenProcessPool': 3481} elapsed 1s
Sat Oct  3 00:56:49 2026 3482/4980 {'EXC:BrokenProcessPool': 3482} elapsed 1s
Sat Oct  3 00:56:49 2026 3483/4980 {'EXC:BrokenProcessPool': 3483} elapsed 1s
Sat Oct  3 00:56:49 2026 3484/4980 {'EXC:BrokenProcessPool': 3484} elapsed 1s
Sat Oct  3 00:56:49 2026 3485/4980 {'EXC:BrokenProcessPool': 3485} elapsed 1s
Sat Oct  3 00:56:49 2026 3486/4980 {'EXC:BrokenProcessPool': 3486} elapsed 1s
Sat Oct  3 00:56:49 2026 3487/4980 {'EXC:BrokenProcessPool': 3487} elapsed 1s
Sat Oct  3 00:56:49 2026 3488/4980 {'EXC:BrokenProcessPool': 3488} elapsed 1s
Sat Oct  3 00:56:49 2026 3489/4980 {'EXC:BrokenProcessPool': 3489} elapsed 1s
Sat Oct  3 00:56:49 2026 3490/4980 {'EXC:BrokenProcessPool': 3490} elapsed 1s
Sat Oct  3 00:56:49 2026 3491/4980 {'EXC:BrokenProcessPool': 3491} elapsed 1s
Sat Oct  3 00:56:49 2026 3492/4980 {'EXC:BrokenProcessPool': 3492} elapsed 1s
Sat Oct  3 00:56:49 2026 3493/4980 {'EXC:BrokenProcessPool': 3493} elapsed 1s
Sat Oct  3 00:56:49 2026 3494/4980 {'EXC:BrokenProcessPool': 3494} elapsed 1s
Sat Oct  3 00:56:49 2026 3495/4980 {'EXC:BrokenProcessPool': 3495} elapsed 1s
Sat Oct  3 00:56:49 2026 3496/4980 {'EXC:BrokenProcessPool': 3496} elapsed 1s
Sat Oct  3 00:56:49 2026 3497/4980 {'EXC:BrokenProcessPool': 3497} elapsed 1s
Sat Oct  3 00:56:49 2026 3498/4980 {'EXC:BrokenProcessPool': 3498} elapsed 1s
Sat Oct  3 00:56:49 2026 3499/4980 {'EXC:BrokenProcessPool': 3499} elapsed 1s
Sat Oct  3 00:56:49 2026 3500/4980 {'EXC:BrokenProcessPool': 3500} elapsed 1s
Sat Oct  3 00:56:49 2026 3501/4980 {'EXC:BrokenProcessPool': 3501} elapsed 1s
Sat Oct  3 00:56:49 2026 3502/4980 {'EXC:BrokenProcessPool': 3502} elapsed 1s
Sat Oct  3 00:56:49 2026 3503/4980 {'EXC:BrokenProcessPool': 3503} elapsed 1s
Sat Oct  3 00:56:49 2026 3504/4980 {'EXC:BrokenProcessPool': 3504} elapsed 1s
Sat Oct  3 00:56:49 2026 3505/4980 {'EXC:BrokenProcessPool': 3505} elapsed 1s
Sat Oct  3 00:56:49 2026 3506/4980 {'EXC:BrokenProcessPool': 3506} elapsed 1s
Sat Oct  3 00:56:49 2026 3507/4980 {'EXC:BrokenProcessPool': 3507} elapsed 1s
Sat Oct  3 00:56:49 2026 3508/4980 {'EXC:BrokenProcessPool': 3508} elapsed 1s
Sat Oct  3 00:56:49 2026 3509/4980 {'EXC:BrokenProcessPool': 3509} elapsed 1s
Sat Oct  3 00:56:49 2026 3510/4980 {'EXC:BrokenProcessPool': 3510} elapsed 1s
Sat Oct  3 00:56:49 2026 3511/4980 {'EXC:BrokenProcessPool': 3511} elapsed 1s
Sat Oct  3 00:56:49 2026 3512/4980 {'EXC:BrokenProcessPool': 3512} elapsed 1s
Sat Oct  3 00:56:49 2026 3513/4980 {'EXC:BrokenProcessPool': 3513} elapsed 1s
Sat Oct  3 00:56:49 2026 3514/4980 {'EXC:BrokenProcessPool': 3514} elapsed 1s
Sat Oct  3 00:56:49 2026 3515/4980 {'EXC:BrokenProcessPool': 3515} elapsed 1s
Sat Oct  3 00:56:49 2026 3516/4980 {'EXC:BrokenProcessPool': 3516} elapsed 1s
Sat Oct  3 00:56:49 2026 3517/4980 {'EXC:BrokenProcessPool': 3517} elapsed 1s
Sat Oct  3 00:56:49 2026 3518/4980 {'EXC:BrokenProcessPool': 3518} elapsed 1s
Sat Oct  3 00:56:49 2026 3519/4980 {'EXC:BrokenProcessPool': 3519} elapsed 1s
Sat Oct  3 00:56:49 2026 3520/4980 {'EXC:BrokenProcessPool': 3520} elapsed 1s
Sat Oct  3 00:56:49 2026 3521/4980 {'EXC:BrokenProcessPool': 3521} elapsed 1s
Sat Oct  3 00:56:49 2026 3522/4980 {'EXC:BrokenProcessPool': 3522} elapsed 1s
Sat Oct  3 00:56:49 2026 3523/4980 {'EXC:BrokenProcessPool': 3523} elapsed 1s
Sat Oct  3 00:56:49 2026 3524/4980 {'EXC:BrokenProcessPool': 3524} elapsed 1s
Sat Oct  3 00:56:49 2026 3525/4980 {'EXC:BrokenProcessPool': 3525} elapsed 1s
Sat Oct  3 00:56:49 2026 3526/4980 {'EXC:BrokenProcessPool': 3526} elapsed 1s
Sat Oct  3 00:56:49 2026 3527/4980 {'EXC:BrokenProcessPool': 3527} elapsed 1s
Sat Oct  3 00:56:49 2026 3528/4980 {'EXC:BrokenProcessPool': 3528} elapsed 1s
Sat Oct  3 00:56:49 2026 3529/4980 {'EXC:BrokenProcessPool': 3529} elapsed 1s
Sat Oct  3 00:56:49 2026 3530/4980 {'EXC:BrokenProcessPool': 3530} elapsed 1s
Sat Oct  3 00:56:49 2026 3531/4980 {'EXC:BrokenProcessPool': 3531} elapsed 1s
Sat Oct  3 00:56:49 2026 3532/4980 {'EXC:BrokenProcessPool': 3532} elapsed 1s
Sat Oct  3 00:56:49 2026 3533/4980 {'EXC:BrokenProcessPool': 3533} elapsed 1s
Sat Oct  3 00:56:49 2026 3534/4980 {'EXC:BrokenProcessPool': 3534} elapsed 1s
Sat Oct  3 00:56:49 2026 3535/4980 {'EXC:BrokenProcessPool': 3535} elapsed 1s
Sat Oct  3 00:56:49 2026 3536/4980 {'EXC:BrokenProcessPool': 3536} elapsed 1s
Sat Oct  3 00:56:49 2026 3537/4980 {'EXC:BrokenProcessPool': 3537} elapsed 1s
Sat Oct  3 00:56:49 2026 3538/4980 {'EXC:BrokenProcessPool': 3538} elapsed 1s
Sat Oct  3 00:56:49 2026 3539/4980 {'EXC:BrokenProcessPool': 3539} elapsed 1s
Sat Oct  3 00:56:49 2026 3540/4980 {'EXC:BrokenProcessPool': 3540} elapsed 1s
Sat Oct  3 00:56:49 2026 3541/4980 {'EXC:BrokenProcessPool': 3541} elapsed 1s
Sat Oct  3 00:56:49 2026 3542/4980 {'EXC:BrokenProcessPool': 3542} elapsed 1s
Sat Oct  3 00:56:49 2026 3543/4980 {'EXC:BrokenProcessPool': 3543} elapsed 1s
Sat Oct  3 00:56:49 2026 3544/4980 {'EXC:BrokenProcessPool': 3544} elapsed 1s
Sat Oct  3 00:56:49 2026 3545/4980 {'EXC:BrokenProcessPool': 3545} elapsed 1s
Sat Oct  3 00:56:49 2026 3546/4980 {'EXC:BrokenProcessPool': 3546} elapsed 1s
Sat Oct  3 00:56:49 2026 3547/4980 {'EXC:BrokenProcessPool': 3547} elapsed 1s
Sat Oct  3 00:56:49 2026 3548/4980 {'EXC:BrokenProcessPool': 3548} elapsed 1s
Sat Oct  3 00:56:49 2026 3549/4980 {'EXC:BrokenProcessPool': 3549} elapsed 1s
Sat Oct  3 00:56:49 2026 3550/4980 {'EXC:BrokenProcessPool': 3550} elapsed 1s
Sat Oct  3 00:56:49 2026 3551/4980 {'EXC:BrokenProcessPool': 3551} elapsed 1s
Sat Oct  3 00:56:49 2026 3552/4980 {'EXC:BrokenProcessPool': 3552} elapsed 1s
Sat Oct  3 00:56:49 2026 3553/4980 {'EXC:BrokenProcessPool': 3553} elapsed 1s
Sat Oct  3 00:56:49 2026 3554/4980 {'EXC:BrokenProcessPool': 3554} elapsed 1s
Sat Oct  3 00:56:49 2026 3555/4980 {'EXC:BrokenProcessPool': 3555} elapsed 1s
Sat Oct  3 00:56:49 2026 3556/4980 {'EXC:BrokenProcessPool': 3556} elapsed 1s
Sat Oct  3 00:56:49 2026 3557/4980 {'EXC:BrokenProcessPool': 3557} elapsed 1s
Sat Oct  3 00:56:49 2026 3558/4980 {'EXC:BrokenProcessPool': 3558} elapsed 1s
Sat Oct  3 00:56:49 2026 3559/4980 {'EXC:BrokenProcessPool': 3559} elapsed 1s
Sat Oct  3 00:56:49 2026 3560/4980 {'EXC:BrokenProcessPool': 3560} elapsed 1s
Sat Oct  3 00:56:49 2026 3561/4980 {'EXC:BrokenProcessPool': 3561} elapsed 1s
Sat Oct  3 00:56:49 2026 3562/4980 {'EXC:BrokenProcessPool': 3562} elapsed 1s
Sat Oct  3 00:56:49 2026 3563/4980 {'EXC:BrokenProcessPool': 3563} elapsed 1s
Sat Oct  3 00:56:49 2026 3564/4980 {'EXC:BrokenProcessPool': 3564} elapsed 1s
Sat Oct  3 00:56:49 2026 3565/4980 {'EXC:BrokenProcessPool': 3565} elapsed 1s
Sat Oct  3 00:56:49 2026 3566/4980 {'EXC:BrokenProcessPool': 3566} elapsed 1s
Sat Oct  3 00:56:49 2026 3567/4980 {'EXC:BrokenProcessPool': 3567} elapsed 1s
Sat Oct  3 00:56:49 2026 3568/4980 {'EXC:BrokenProcessPool': 3568} elapsed 1s
Sat Oct  3 00:56:49 2026 3569/4980 {'EXC:BrokenProcessPool': 3569} elapsed 1s
Sat Oct  3 00:56:49 2026 3570/4980 {'EXC:BrokenProcessPool': 3570} elapsed 1s
Sat Oct  3 00:56:49 2026 3571/4980 {'EXC:BrokenProcessPool': 3571} elapsed 1s
Sat Oct  3 00:56:49 2026 3572/4980 {'EXC:BrokenProcessPool': 3572} elapsed 1s
Sat Oct  3 00:56:49 2026 3573/4980 {'EXC:BrokenProcessPool': 3573} elapsed 1s
Sat Oct  3 00:56:49 2026 3574/4980 {'EXC:BrokenProcessPool': 3574} elapsed 1s
Sat Oct  3 00:56:49 2026 3575/4980 {'EXC:BrokenProcessPool': 3575} elapsed 1s
Sat Oct  3 00:56:49 2026 3576/4980 {'EXC:BrokenProcessPool': 3576} elapsed 1s
Sat Oct  3 00:56:49 2026 3577/4980 {'EXC:BrokenProcessPool': 3577} elapsed 1s
Sat Oct  3 00:56:49 2026 3578/4980 {'EXC:BrokenProcessPool': 3578} elapsed 1s
Sat Oct  3 00:56:49 2026 3579/4980 {'EXC:BrokenProcessPool': 3579} elapsed 1s
Sat Oct  3 00:56:49 2026 3580/4980 {'EXC:BrokenProcessPool': 3580} elapsed 1s
Sat Oct  3 00:56:49 2026 3581/4980 {'EXC:BrokenProcessPool': 3581} elapsed 1s
Sat Oct  3 00:56:49 2026 3582/4980 {'EXC:BrokenProcessPool': 3582} elapsed 1s
Sat Oct  3 00:56:49 2026 3583/4980 {'EXC:BrokenProcessPool': 3583} elapsed 1s
Sat Oct  3 00:56:49 2026 3584/4980 {'EXC:BrokenProcessPool': 3584} elapsed 1s
Sat Oct  3 00:56:49 2026 3585/4980 {'EXC:BrokenProcessPool': 3585} elapsed 1s
Sat Oct  3 00:56:49 2026 3586/4980 {'EXC:BrokenProcessPool': 3586} elapsed 1s
Sat Oct  3 00:56:49 2026 3587/4980 {'EXC:BrokenProcessPool': 3587} elapsed 1s
Sat Oct  3 00:56:49 2026 3588/4980 {'EXC:BrokenProcessPool': 3588} elapsed 1s
Sat Oct  3 00:56:49 2026 3589/4980 {'EXC:BrokenProcessPool': 3589} elapsed 1s
Sat Oct  3 00:56:49 2026 3590/4980 {'EXC:BrokenProcessPool': 3590} elapsed 1s
Sat Oct  3 00:56:49 2026 3591/4980 {'EXC:BrokenProcessPool': 3591} elapsed 1s
Sat Oct  3 00:56:49 2026 3592/4980 {'EXC:BrokenProcessPool': 3592} elapsed 1s
Sat Oct  3 00:56:49 2026 3593/4980 {'EXC:BrokenProcessPool': 3593} elapsed 1s
Sat Oct  3 00:56:49 2026 3594/4980 {'EXC:BrokenProcessPool': 3594} elapsed 1s
Sat Oct  3 00:56:49 2026 3595/4980 {'EXC:BrokenProcessPool': 3595} elapsed 1s
Sat Oct  3 00:56:49 2026 3596/4980 {'EXC:BrokenProcessPool': 3596} elapsed 1s
Sat Oct  3 00:56:49 2026 3597/4980 {'EXC:BrokenProcessPool': 3597} elapsed 1s
Sat Oct  3 00:56:49 2026 3598/4980 {'EXC:BrokenProcessPool': 3598} elapsed 1s
Sat Oct  3 00:56:49 2026 3599/4980 {'EXC:BrokenProcessPool': 3599} elapsed 1s
Sat Oct  3 00:56:49 2026 3600/4980 {'EXC:BrokenProcessPool': 3600} elapsed 1s
Sat Oct  3 00:56:49 2026 3601/4980 {'EXC:BrokenProcessPool': 3601} elapsed 1s
Sat Oct  3 00:56:49 2026 3602/4980 {'EXC:BrokenProcessPool': 3602} elapsed 1s
Sat Oct  3 00:56:49 2026 3603/4980 {'EXC:BrokenProcessPool': 3603} elapsed 1s
Sat Oct  3 00:56:49 2026 3604/4980 {'EXC:BrokenProcessPool': 3604} elapsed 1s
Sat Oct  3 00:56:49 2026 3605/4980 {'EXC:BrokenProcessPool': 3605} elapsed 1s
Sat Oct  3 00:56:49 2026 3606/4980 {'EXC:BrokenProcessPool': 3606} elapsed 1s
Sat Oct  3 00:56:49 2026 3607/4980 {'EXC:BrokenProcessPool': 3607} elapsed 1s
Sat Oct  3 00:56:49 2026 3608/4980 {'EXC:BrokenProcessPool': 3608} elapsed 1s
Sat Oct  3 00:56:49 2026 3609/4980 {'EXC:BrokenProcessPool': 3609} elapsed 1s
Sat Oct  3 00:56:49 2026 3610/4980 {'EXC:BrokenProcessPool': 3610} elapsed 1s
Sat Oct  3 00:56:49 2026 3611/4980 {'EXC:BrokenProcessPool': 3611} elapsed 1s
Sat Oct  3 00:56:49 2026 3612/4980 {'EXC:BrokenProcessPool': 3612} elapsed 1s
Sat Oct  3 00:56:49 2026 3613/4980 {'EXC:BrokenProcessPool': 3613} elapsed 1s
Sat Oct  3 00:56:49 2026 3614/4980 {'EXC:BrokenProcessPool': 3614} elapsed 1s
Sat Oct  3 00:56:49 2026 3615/4980 {'EXC:BrokenProcessPool': 3615} elapsed 1s
Sat Oct  3 00:56:49 2026 3616/4980 {'EXC:BrokenProcessPool': 3616} elapsed 1s
Sat Oct  3 00:56:49 2026 3617/4980 {'EXC:BrokenProcessPool': 3617} elapsed 1s
Sat Oct  3 00:56:49 2026 3618/4980 {'EXC:BrokenProcessPool': 3618} elapsed 1s
Sat Oct  3 00:56:49 2026 3619/4980 {'EXC:BrokenProcessPool': 3619} elapsed 1s
Sat Oct  3 00:56:49 2026 3620/4980 {'EXC:BrokenProcessPool': 3620} elapsed 1s
Sat Oct  3 00:56:49 2026 3621/4980 {'EXC:BrokenProcessPool': 3621} elapsed 1s
Sat Oct  3 00:56:49 2026 3622/4980 {'EXC:BrokenProcessPool': 3622} elapsed 1s
Sat Oct  3 00:56:49 2026 3623/4980 {'EXC:BrokenProcessPool': 3623} elapsed 1s
Sat Oct  3 00:56:49 2026 3624/4980 {'EXC:BrokenProcessPool': 3624} elapsed 1s
Sat Oct  3 00:56:49 2026 3625/4980 {'EXC:BrokenProcessPool': 3625} elapsed 1s
Sat Oct  3 00:56:49 2026 3626/4980 {'EXC:BrokenProcessPool': 3626} elapsed 1s
Sat Oct  3 00:56:49 2026 3627/4980 {'EXC:BrokenProcessPool': 3627} elapsed 1s
Sat Oct  3 00:56:49 2026 3628/4980 {'EXC:BrokenProcessPool': 3628} elapsed 1s
Sat Oct  3 00:56:49 2026 3629/4980 {'EXC:BrokenProcessPool': 3629} elapsed 1s
Sat Oct  3 00:56:49 2026 3630/4980 {'EXC:BrokenProcessPool': 3630} elapsed 1s
Sat Oct  3 00:56:49 2026 3631/4980 {'EXC:BrokenProcessPool': 3631} elapsed 1s
Sat Oct  3 00:56:49 2026 3632/4980 {'EXC:BrokenProcessPool': 3632} elapsed 1s
Sat Oct  3 00:56:49 2026 3633/4980 {'EXC:BrokenProcessPool': 3633} elapsed 1s
Sat Oct  3 00:56:49 2026 3634/4980 {'EXC:BrokenProcessPool': 3634} elapsed 1s
Sat Oct  3 00:56:49 2026 3635/4980 {'EXC:BrokenProcessPool': 3635} elapsed 1s
Sat Oct  3 00:56:49 2026 3636/4980 {'EXC:BrokenProcessPool': 3636} elapsed 1s
Sat Oct  3 00:56:49 2026 3637/4980 {'EXC:BrokenProcessPool': 3637} elapsed 1s
Sat Oct  3 00:56:49 2026 3638/4980 {'EXC:BrokenProcessPool': 3638} elapsed 1s
Sat Oct  3 00:56:49 2026 3639/4980 {'EXC:BrokenProcessPool': 3639} elapsed 1s
Sat Oct  3 00:56:49 2026 3640/4980 {'EXC:BrokenProcessPool': 3640} elapsed 1s
Sat Oct  3 00:56:49 2026 3641/4980 {'EXC:BrokenProcessPool': 3641} elapsed 1s
Sat Oct  3 00:56:49 2026 3642/4980 {'EXC:BrokenProcessPool': 3642} elapsed 1s
Sat Oct  3 00:56:49 2026 3643/4980 {'EXC:BrokenProcessPool': 3643} elapsed 1s
Sat Oct  3 00:56:49 2026 3644/4980 {'EXC:BrokenProcessPool': 3644} elapsed 1s
Sat Oct  3 00:56:49 2026 3645/4980 {'EXC:BrokenProcessPool': 3645} elapsed 1s
Sat Oct  3 00:56:49 2026 3646/4980 {'EXC:BrokenProcessPool': 3646} elapsed 1s
Sat Oct  3 00:56:49 2026 3647/4980 {'EXC:BrokenProcessPool': 3647} elapsed 1s
Sat Oct  3 00:56:49 2026 3648/4980 {'EXC:BrokenProcessPool': 3648} elapsed 1s
Sat Oct  3 00:56:49 2026 3649/4980 {'EXC:BrokenProcessPool': 3649} elapsed 1s
Sat Oct  3 00:56:49 2026 3650/4980 {'EXC:BrokenProcessPool': 3650} elapsed 1s
Sat Oct  3 00:56:49 2026 3651/4980 {'EXC:BrokenProcessPool': 3651} elapsed 1s
Sat Oct  3 00:56:49 2026 3652/4980 {'EXC:BrokenProcessPool': 3652} elapsed 1s
Sat Oct  3 00:56:49 2026 3653/4980 {'EXC:BrokenProcessPool': 3653} elapsed 1s
Sat Oct  3 00:56:49 2026 3654/4980 {'EXC:BrokenProcessPool': 3654} elapsed 1s
Sat Oct  3 00:56:49 2026 3655/4980 {'EXC:BrokenProcessPool': 3655} elapsed 1s
Sat Oct  3 00:56:49 2026 3656/4980 {'EXC:BrokenProcessPool': 3656} elapsed 1s
Sat Oct  3 00:56:49 2026 3657/4980 {'EXC:BrokenProcessPool': 3657} elapsed 1s
Sat Oct  3 00:56:49 2026 3658/4980 {'EXC:BrokenProcessPool': 3658} elapsed 1s
Sat Oct  3 00:56:49 2026 3659/4980 {'EXC:BrokenProcessPool': 3659} elapsed 1s
Sat Oct  3 00:56:49 2026 3660/4980 {'EXC:BrokenProcessPool': 3660} elapsed 1s
Sat Oct  3 00:56:49 2026 3661/4980 {'EXC:BrokenProcessPool': 3661} elapsed 1s
Sat Oct  3 00:56:49 2026 3662/4980 {'EXC:BrokenProcessPool': 3662} elapsed 1s
Sat Oct  3 00:56:49 2026 3663/4980 {'EXC:BrokenProcessPool': 3663} elapsed 1s
Sat Oct  3 00:56:49 2026 3664/4980 {'EXC:BrokenProcessPool': 3664} elapsed 1s
Sat Oct  3 00:56:49 2026 3665/4980 {'EXC:BrokenProcessPool': 3665} elapsed 1s
Sat Oct  3 00:56:49 2026 3666/4980 {'EXC:BrokenProcessPool': 3666} elapsed 1s
Sat Oct  3 00:56:49 2026 3667/4980 {'EXC:BrokenProcessPool': 3667} elapsed 1s
Sat Oct  3 00:56:49 2026 3668/4980 {'EXC:BrokenProcessPool': 3668} elapsed 1s
Sat Oct  3 00:56:49 2026 3669/4980 {'EXC:BrokenProcessPool': 3669} elapsed 1s
Sat Oct  3 00:56:49 2026 3670/4980 {'EXC:BrokenProcessPool': 3670} elapsed 1s
Sat Oct  3 00:56:49 2026 3671/4980 {'EXC:BrokenProcessPool': 3671} elapsed 1s
Sat Oct  3 00:56:49 2026 3672/4980 {'EXC:BrokenProcessPool': 3672} elapsed 1s
Sat Oct  3 00:56:49 2026 3673/4980 {'EXC:BrokenProcessPool': 3673} elapsed 1s
Sat Oct  3 00:56:49 2026 3674/4980 {'EXC:BrokenProcessPool': 3674} elapsed 1s
Sat Oct  3 00:56:49 2026 3675/4980 {'EXC:BrokenProcessPool': 3675} elapsed 1s
Sat Oct  3 00:56:49 2026 3676/4980 {'EXC:BrokenProcessPool': 3676} elapsed 1s
Sat Oct  3 00:56:49 2026 3677/4980 {'EXC:BrokenProcessPool': 3677} elapsed 1s
Sat Oct  3 00:56:49 2026 3678/4980 {'EXC:BrokenProcessPool': 3678} elapsed 1s
Sat Oct  3 00:56:49 2026 3679/4980 {'EXC:BrokenProcessPool': 3679} elapsed 1s
Sat Oct  3 00:56:49 2026 3680/4980 {'EXC:BrokenProcessPool': 3680} elapsed 1s
Sat Oct  3 00:56:49 2026 3681/4980 {'EXC:BrokenProcessPool': 3681} elapsed 1s
Sat Oct  3 00:56:49 2026 3682/4980 {'EXC:BrokenProcessPool': 3682} elapsed 1s
Sat Oct  3 00:56:49 2026 3683/4980 {'EXC:BrokenProcessPool': 3683} elapsed 1s
Sat Oct  3 00:56:49 2026 3684/4980 {'EXC:BrokenProcessPool': 3684} elapsed 1s
Sat Oct  3 00:56:49 2026 3685/4980 {'EXC:BrokenProcessPool': 3685} elapsed 1s
Sat Oct  3 00:56:49 2026 3686/4980 {'EXC:BrokenProcessPool': 3686} elapsed 1s
Sat Oct  3 00:56:49 2026 3687/4980 {'EXC:BrokenProcessPool': 3687} elapsed 1s
Sat Oct  3 00:56:49 2026 3688/4980 {'EXC:BrokenProcessPool': 3688} elapsed 1s
Sat Oct  3 00:56:49 2026 3689/4980 {'EXC:BrokenProcessPool': 3689} elapsed 1s
Sat Oct  3 00:56:49 2026 3690/4980 {'EXC:BrokenProcessPool': 3690} elapsed 1s
Sat Oct  3 00:56:49 2026 3691/4980 {'EXC:BrokenProcessPool': 3691} elapsed 1s
Sat Oct  3 00:56:49 2026 3692/4980 {'EXC:BrokenProcessPool': 3692} elapsed 1s
Sat Oct  3 00:56:49 2026 3693/4980 {'EXC:BrokenProcessPool': 3693} elapsed 1s
Sat Oct  3 00:56:49 2026 3694/4980 {'EXC:BrokenProcessPool': 3694} elapsed 1s
Sat Oct  3 00:56:49 2026 3695/4980 {'EXC:BrokenProcessPool': 3695} elapsed 1s
Sat Oct  3 00:56:49 2026 3696/4980 {'EXC:BrokenProcessPool': 3696} elapsed 1s
Sat Oct  3 00:56:49 2026 3697/4980 {'EXC:BrokenProcessPool': 3697} elapsed 1s
Sat Oct  3 00:56:49 2026 3698/4980 {'EXC:BrokenProcessPool': 3698} elapsed 1s
Sat Oct  3 00:56:49 2026 3699/4980 {'EXC:BrokenProcessPool': 3699} elapsed 1s
Sat Oct  3 00:56:49 2026 3700/4980 {'EXC:BrokenProcessPool': 3700} elapsed 1s
Sat Oct  3 00:56:49 2026 3701/4980 {'EXC:BrokenProcessPool': 3701} elapsed 1s
Sat Oct  3 00:56:49 2026 3702/4980 {'EXC:BrokenProcessPool': 3702} elapsed 1s
Sat Oct  3 00:56:49 2026 3703/4980 {'EXC:BrokenProcessPool': 3703} elapsed 1s
Sat Oct  3 00:56:49 2026 3704/4980 {'EXC:BrokenProcessPool': 3704} elapsed 1s
Sat Oct  3 00:56:49 2026 3705/4980 {'EXC:BrokenProcessPool': 3705} elapsed 1s
Sat Oct  3 00:56:49 2026 3706/4980 {'EXC:BrokenProcessPool': 3706} elapsed 1s
Sat Oct  3 00:56:49 2026 3707/4980 {'EXC:BrokenProcessPool': 3707} elapsed 1s
Sat Oct  3 00:56:49 2026 3708/4980 {'EXC:BrokenProcessPool': 3708} elapsed 1s
Sat Oct  3 00:56:49 2026 3709/4980 {'EXC:BrokenProcessPool': 3709} elapsed 1s
Sat Oct  3 00:56:49 2026 3710/4980 {'EXC:BrokenProcessPool': 3710} elapsed 1s
Sat Oct  3 00:56:49 2026 3711/4980 {'EXC:BrokenProcessPool': 3711} elapsed 1s
Sat Oct  3 00:56:49 2026 3712/4980 {'EXC:BrokenProcessPool': 3712} elapsed 1s
Sat Oct  3 00:56:49 2026 3713/4980 {'EXC:BrokenProcessPool': 3713} elapsed 1s
Sat Oct  3 00:56:49 2026 3714/4980 {'EXC:BrokenProcessPool': 3714} elapsed 1s
Sat Oct  3 00:56:49 2026 3715/4980 {'EXC:BrokenProcessPool': 3715} elapsed 1s
Sat Oct  3 00:56:49 2026 3716/4980 {'EXC:BrokenProcessPool': 3716} elapsed 1s
Sat Oct  3 00:56:49 2026 3717/4980 {'EXC:BrokenProcessPool': 3717} elapsed 1s
Sat Oct  3 00:56:49 2026 3718/4980 {'EXC:BrokenProcessPool': 3718} elapsed 1s
Sat Oct  3 00:56:49 2026 3719/4980 {'EXC:BrokenProcessPool': 3719} elapsed 1s
Sat Oct  3 00:56:49 2026 3720/4980 {'EXC:BrokenProcessPool': 3720} elapsed 1s
Sat Oct  3 00:56:49 2026 3721/4980 {'EXC:BrokenProcessPool': 3721} elapsed 1s
Sat Oct  3 00:56:49 2026 3722/4980 {'EXC:BrokenProcessPool': 3722} elapsed 1s
Sat Oct  3 00:56:49 2026 3723/4980 {'EXC:BrokenProcessPool': 3723} elapsed 1s
Sat Oct  3 00:56:49 2026 3724/4980 {'EXC:BrokenProcessPool': 3724} elapsed 1s
Sat Oct  3 00:56:49 2026 3725/4980 {'EXC:BrokenProcessPool': 3725} elapsed 1s
Sat Oct  3 00:56:49 2026 3726/4980 {'EXC:BrokenProcessPool': 3726} elapsed 1s
Sat Oct  3 00:56:49 2026 3727/4980 {'EXC:BrokenProcessPool': 3727} elapsed 1s
Sat Oct  3 00:56:49 2026 3728/4980 {'EXC:BrokenProcessPool': 3728} elapsed 1s
Sat Oct  3 00:56:49 2026 3729/4980 {'EXC:BrokenProcessPool': 3729} elapsed 1s
Sat Oct  3 00:56:49 2026 3730/4980 {'EXC:BrokenProcessPool': 3730} elapsed 1s
Sat Oct  3 00:56:49 2026 3731/4980 {'EXC:BrokenProcessPool': 3731} elapsed 1s
Sat Oct  3 00:56:49 2026 3732/4980 {'EXC:BrokenProcessPool': 3732} elapsed 1s
Sat Oct  3 00:56:49 2026 3733/4980 {'EXC:BrokenProcessPool': 3733} elapsed 1s
Sat Oct  3 00:56:49 2026 3734/4980 {'EXC:BrokenProcessPool': 3734} elapsed 1s
Sat Oct  3 00:56:49 2026 3735/4980 {'EXC:BrokenProcessPool': 3735} elapsed 1s
Sat Oct  3 00:56:49 2026 3736/4980 {'EXC:BrokenProcessPool': 3736} elapsed 1s
Sat Oct  3 00:56:49 2026 3737/4980 {'EXC:BrokenProcessPool': 3737} elapsed 1s
Sat Oct  3 00:56:49 2026 3738/4980 {'EXC:BrokenProcessPool': 3738} elapsed 1s
Sat Oct  3 00:56:49 2026 3739/4980 {'EXC:BrokenProcessPool': 3739} elapsed 1s
Sat Oct  3 00:56:49 2026 3740/4980 {'EXC:BrokenProcessPool': 3740} elapsed 1s
Sat Oct  3 00:56:49 2026 3741/4980 {'EXC:BrokenProcessPool': 3741} elapsed 1s
Sat Oct  3 00:56:49 2026 3742/4980 {'EXC:BrokenProcessPool': 3742} elapsed 1s
Sat Oct  3 00:56:49 2026 3743/4980 {'EXC:BrokenProcessPool': 3743} elapsed 1s
Sat Oct  3 00:56:49 2026 3744/4980 {'EXC:BrokenProcessPool': 3744} elapsed 1s
Sat Oct  3 00:56:49 2026 3745/4980 {'EXC:BrokenProcessPool': 3745} elapsed 1s
Sat Oct  3 00:56:49 2026 3746/4980 {'EXC:BrokenProcessPool': 3746} elapsed 1s
Sat Oct  3 00:56:49 2026 3747/4980 {'EXC:BrokenProcessPool': 3747} elapsed 1s
Sat Oct  3 00:56:49 2026 3748/4980 {'EXC:BrokenProcessPool': 3748} elapsed 1s
Sat Oct  3 00:56:49 2026 3749/4980 {'EXC:BrokenProcessPool': 3749} elapsed 1s
Sat Oct  3 00:56:49 2026 3750/4980 {'EXC:BrokenProcessPool': 3750} elapsed 1s
Sat Oct  3 00:56:49 2026 3751/4980 {'EXC:BrokenProcessPool': 3751} elapsed 1s
Sat Oct  3 00:56:49 2026 3752/4980 {'EXC:BrokenProcessPool': 3752} elapsed 1s
Sat Oct  3 00:56:49 2026 3753/4980 {'EXC:BrokenProcessPool': 3753} elapsed 1s
Sat Oct  3 00:56:49 2026 3754/4980 {'EXC:BrokenProcessPool': 3754} elapsed 1s
Sat Oct  3 00:56:49 2026 3755/4980 {'EXC:BrokenProcessPool': 3755} elapsed 1s
Sat Oct  3 00:56:49 2026 3756/4980 {'EXC:BrokenProcessPool': 3756} elapsed 1s
Sat Oct  3 00:56:49 2026 3757/4980 {'EXC:BrokenProcessPool': 3757} elapsed 1s
Sat Oct  3 00:56:49 2026 3758/4980 {'EXC:BrokenProcessPool': 3758} elapsed 1s
Sat Oct  3 00:56:49 2026 3759/4980 {'EXC:BrokenProcessPool': 3759} elapsed 1s
Sat Oct  3 00:56:49 2026 3760/4980 {'EXC:BrokenProcessPool': 3760} elapsed 1s
Sat Oct  3 00:56:49 2026 3761/4980 {'EXC:BrokenProcessPool': 3761} elapsed 1s
Sat Oct  3 00:56:49 2026 3762/4980 {'EXC:BrokenProcessPool': 3762} elapsed 1s
Sat Oct  3 00:56:49 2026 3763/4980 {'EXC:BrokenProcessPool': 3763} elapsed 1s
Sat Oct  3 00:56:49 2026 3764/4980 {'EXC:BrokenProcessPool': 3764} elapsed 1s
Sat Oct  3 00:56:49 2026 3765/4980 {'EXC:BrokenProcessPool': 3765} elapsed 1s
Sat Oct  3 00:56:49 2026 3766/4980 {'EXC:BrokenProcessPool': 3766} elapsed 1s
Sat Oct  3 00:56:49 2026 3767/4980 {'EXC:BrokenProcessPool': 3767} elapsed 1s
Sat Oct  3 00:56:49 2026 3768/4980 {'EXC:BrokenProcessPool': 3768} elapsed 1s
Sat Oct  3 00:56:49 2026 3769/4980 {'EXC:BrokenProcessPool': 3769} elapsed 1s
Sat Oct  3 00:56:49 2026 3770/4980 {'EXC:BrokenProcessPool': 3770} elapsed 1s
Sat Oct  3 00:56:49 2026 3771/4980 {'EXC:BrokenProcessPool': 3771} elapsed 1s
Sat Oct  3 00:56:49 2026 3772/4980 {'EXC:BrokenProcessPool': 3772} elapsed 1s
Sat Oct  3 00:56:49 2026 3773/4980 {'EXC:BrokenProcessPool': 3773} elapsed 1s
Sat Oct  3 00:56:49 2026 3774/4980 {'EXC:BrokenProcessPool': 3774} elapsed 1s
Sat Oct  3 00:56:49 2026 3775/4980 {'EXC:BrokenProcessPool': 3775} elapsed 1s
Sat Oct  3 00:56:49 2026 3776/4980 {'EXC:BrokenProcessPool': 3776} elapsed 1s
Sat Oct  3 00:56:49 2026 3777/4980 {'EXC:BrokenProcessPool': 3777} elapsed 1s
Sat Oct  3 00:56:49 2026 3778/4980 {'EXC:BrokenProcessPool': 3778} elapsed 1s
Sat Oct  3 00:56:49 2026 3779/4980 {'EXC:BrokenProcessPool': 3779} elapsed 1s
Sat Oct  3 00:56:49 2026 3780/4980 {'EXC:BrokenProcessPool': 3780} elapsed 1s
Sat Oct  3 00:56:49 2026 3781/4980 {'EXC:BrokenProcessPool': 3781} elapsed 1s
Sat Oct  3 00:56:49 2026 3782/4980 {'EXC:BrokenProcessPool': 3782} elapsed 1s
Sat Oct  3 00:56:49 2026 3783/4980 {'EXC:BrokenProcessPool': 3783} elapsed 1s
Sat Oct  3 00:56:49 2026 3784/4980 {'EXC:BrokenProcessPool': 3784} elapsed 1s
Sat Oct  3 00:56:49 2026 3785/4980 {'EXC:BrokenProcessPool': 3785} elapsed 1s
Sat Oct  3 00:56:49 2026 3786/4980 {'EXC:BrokenProcessPool': 3786} elapsed 1s
Sat Oct  3 00:56:49 2026 3787/4980 {'EXC:BrokenProcessPool': 3787} elapsed 1s
Sat Oct  3 00:56:49 2026 3788/4980 {'EXC:BrokenProcessPool': 3788} elapsed 1s
Sat Oct  3 00:56:49 2026 3789/4980 {'EXC:BrokenProcessPool': 3789} elapsed 1s
Sat Oct  3 00:56:49 2026 3790/4980 {'EXC:BrokenProcessPool': 3790} elapsed 1s
Sat Oct  3 00:56:49 2026 3791/4980 {'EXC:BrokenProcessPool': 3791} elapsed 1s
Sat Oct  3 00:56:49 2026 3792/4980 {'EXC:BrokenProcessPool': 3792} elapsed 1s
Sat Oct  3 00:56:49 2026 3793/4980 {'EXC:BrokenProcessPool': 3793} elapsed 1s
Sat Oct  3 00:56:49 2026 3794/4980 {'EXC:BrokenProcessPool': 3794} elapsed 1s
Sat Oct  3 00:56:49 2026 3795/4980 {'EXC:BrokenProcessPool': 3795} elapsed 1s
Sat Oct  3 00:56:49 2026 3796/4980 {'EXC:BrokenProcessPool': 3796} elapsed 1s
Sat Oct  3 00:56:49 2026 3797/4980 {'EXC:BrokenProcessPool': 3797} elapsed 1s
Sat Oct  3 00:56:49 2026 3798/4980 {'EXC:BrokenProcessPool': 3798} elapsed 1s
Sat Oct  3 00:56:49 2026 3799/4980 {'EXC:BrokenProcessPool': 3799} elapsed 1s
Sat Oct  3 00:56:49 2026 3800/4980 {'EXC:BrokenProcessPool': 3800} elapsed 1s
Sat Oct  3 00:56:49 2026 3801/4980 {'EXC:BrokenProcessPool': 3801} elapsed 1s
Sat Oct  3 00:56:49 2026 3802/4980 {'EXC:BrokenProcessPool': 3802} elapsed 1s
Sat Oct  3 00:56:49 2026 3803/4980 {'EXC:BrokenProcessPool': 3803} elapsed 1s
Sat Oct  3 00:56:49 2026 3804/4980 {'EXC:BrokenProcessPool': 3804} elapsed 1s
Sat Oct  3 00:56:49 2026 3805/4980 {'EXC:BrokenProcessPool': 3805} elapsed 1s
Sat Oct  3 00:56:49 2026 3806/4980 {'EXC:BrokenProcessPool': 3806} elapsed 1s
Sat Oct  3 00:56:49 2026 3807/4980 {'EXC:BrokenProcessPool': 3807} elapsed 1s
Sat Oct  3 00:56:49 2026 3808/4980 {'EXC:BrokenProcessPool': 3808} elapsed 1s
Sat Oct  3 00:56:49 2026 3809/4980 {'EXC:BrokenProcessPool': 3809} elapsed 1s
Sat Oct  3 00:56:49 2026 3810/4980 {'EXC:BrokenProcessPool': 3810} elapsed 1s
Sat Oct  3 00:56:49 2026 3811/4980 {'EXC:BrokenProcessPool': 3811} elapsed 1s
Sat Oct  3 00:56:49 2026 3812/4980 {'EXC:BrokenProcessPool': 3812} elapsed 1s
Sat Oct  3 00:56:49 2026 3813/4980 {'EXC:BrokenProcessPool': 3813} elapsed 1s
Sat Oct  3 00:56:49 2026 3814/4980 {'EXC:BrokenProcessPool': 3814} elapsed 1s
Sat Oct  3 00:56:49 2026 3815/4980 {'EXC:BrokenProcessPool': 3815} elapsed 1s
Sat Oct  3 00:56:49 2026 3816/4980 {'EXC:BrokenProcessPool': 3816} elapsed 1s
Sat Oct  3 00:56:49 2026 3817/4980 {'EXC:BrokenProcessPool': 3817} elapsed 1s
Sat Oct  3 00:56:49 2026 3818/4980 {'EXC:BrokenProcessPool': 3818} elapsed 1s
Sat Oct  3 00:56:49 2026 3819/4980 {'EXC:BrokenProcessPool': 3819} elapsed 1s
Sat Oct  3 00:56:49 2026 3820/4980 {'EXC:BrokenProcessPool': 3820} elapsed 1s
Sat Oct  3 00:56:49 2026 3821/4980 {'EXC:BrokenProcessPool': 3821} elapsed 1s
Sat Oct  3 00:56:49 2026 3822/4980 {'EXC:BrokenProcessPool': 3822} elapsed 1s
Sat Oct  3 00:56:49 2026 3823/4980 {'EXC:BrokenProcessPool': 3823} elapsed 1s
Sat Oct  3 00:56:49 2026 3824/4980 {'EXC:BrokenProcessPool': 3824} elapsed 1s
Sat Oct  3 00:56:49 2026 3825/4980 {'EXC:BrokenProcessPool': 3825} elapsed 1s
Sat Oct  3 00:56:49 2026 3826/4980 {'EXC:BrokenProcessPool': 3826} elapsed 1s
Sat Oct  3 00:56:49 2026 3827/4980 {'EXC:BrokenProcessPool': 3827} elapsed 1s
Sat Oct  3 00:56:49 2026 3828/4980 {'EXC:BrokenProcessPool': 3828} elapsed 1s
Sat Oct  3 00:56:49 2026 3829/4980 {'EXC:BrokenProcessPool': 3829} elapsed 1s
Sat Oct  3 00:56:49 2026 3830/4980 {'EXC:BrokenProcessPool': 3830} elapsed 1s
Sat Oct  3 00:56:49 2026 3831/4980 {'EXC:BrokenProcessPool': 3831} elapsed 1s
Sat Oct  3 00:56:49 2026 3832/4980 {'EXC:BrokenProcessPool': 3832} elapsed 1s
Sat Oct  3 00:56:49 2026 3833/4980 {'EXC:BrokenProcessPool': 3833} elapsed 1s
Sat Oct  3 00:56:49 2026 3834/4980 {'EXC:BrokenProcessPool': 3834} elapsed 1s
Sat Oct  3 00:56:49 2026 3835/4980 {'EXC:BrokenProcessPool': 3835} elapsed 1s
Sat Oct  3 00:56:49 2026 3836/4980 {'EXC:BrokenProcessPool': 3836} elapsed 1s
Sat Oct  3 00:56:49 2026 3837/4980 {'EXC:BrokenProcessPool': 3837} elapsed 1s
Sat Oct  3 00:56:49 2026 3838/4980 {'EXC:BrokenProcessPool': 3838} elapsed 1s
Sat Oct  3 00:56:49 2026 3839/4980 {'EXC:BrokenProcessPool': 3839} elapsed 1s
Sat Oct  3 00:56:49 2026 3840/4980 {'EXC:BrokenProcessPool': 3840} elapsed 1s
Sat Oct  3 00:56:49 2026 3841/4980 {'EXC:BrokenProcessPool': 3841} elapsed 1s
Sat Oct  3 00:56:49 2026 3842/4980 {'EXC:BrokenProcessPool': 3842} elapsed 1s
Sat Oct  3 00:56:49 2026 3843/4980 {'EXC:BrokenProcessPool': 3843} elapsed 1s
Sat Oct  3 00:56:49 2026 3844/4980 {'EXC:BrokenProcessPool': 3844} elapsed 1s
Sat Oct  3 00:56:49 2026 3845/4980 {'EXC:BrokenProcessPool': 3845} elapsed 1s
Sat Oct  3 00:56:49 2026 3846/4980 {'EXC:BrokenProcessPool': 3846} elapsed 1s
Sat Oct  3 00:56:49 2026 3847/4980 {'EXC:BrokenProcessPool': 3847} elapsed 1s
Sat Oct  3 00:56:49 2026 3848/4980 {'EXC:BrokenProcessPool': 3848} elapsed 1s
Sat Oct  3 00:56:49 2026 3849/4980 {'EXC:BrokenProcessPool': 3849} elapsed 1s
Sat Oct  3 00:56:49 2026 3850/4980 {'EXC:BrokenProcessPool': 3850} elapsed 1s
Sat Oct  3 00:56:49 2026 3851/4980 {'EXC:BrokenProcessPool': 3851} elapsed 1s
Sat Oct  3 00:56:49 2026 3852/4980 {'EXC:BrokenProcessPool': 3852} elapsed 1s
Sat Oct  3 00:56:49 2026 3853/4980 {'EXC:BrokenProcessPool': 3853} elapsed 1s
Sat Oct  3 00:56:49 2026 3854/4980 {'EXC:BrokenProcessPool': 3854} elapsed 1s
Sat Oct  3 00:56:49 2026 3855/4980 {'EXC:BrokenProcessPool': 3855} elapsed 1s
Sat Oct  3 00:56:49 2026 3856/4980 {'EXC:BrokenProcessPool': 3856} elapsed 1s
Sat Oct  3 00:56:49 2026 3857/4980 {'EXC:BrokenProcessPool': 3857} elapsed 1s
Sat Oct  3 00:56:49 2026 3858/4980 {'EXC:BrokenProcessPool': 3858} elapsed 1s
Sat Oct  3 00:56:49 2026 3859/4980 {'EXC:BrokenProcessPool': 3859} elapsed 1s
Sat Oct  3 00:56:49 2026 3860/4980 {'EXC:BrokenProcessPool': 3860} elapsed 1s
Sat Oct  3 00:56:49 2026 3861/4980 {'EXC:BrokenProcessPool': 3861} elapsed 1s
Sat Oct  3 00:56:49 2026 3862/4980 {'EXC:BrokenProcessPool': 3862} elapsed 1s
Sat Oct  3 00:56:49 2026 3863/4980 {'EXC:BrokenProcessPool': 3863} elapsed 1s
Sat Oct  3 00:56:49 2026 3864/4980 {'EXC:BrokenProcessPool': 3864} elapsed 1s
Sat Oct  3 00:56:49 2026 3865/4980 {'EXC:BrokenProcessPool': 3865} elapsed 1s
Sat Oct  3 00:56:49 2026 3866/4980 {'EXC:BrokenProcessPool': 3866} elapsed 1s
Sat Oct  3 00:56:49 2026 3867/4980 {'EXC:BrokenProcessPool': 3867} elapsed 1s
Sat Oct  3 00:56:49 2026 3868/4980 {'EXC:BrokenProcessPool': 3868} elapsed 1s
Sat Oct  3 00:56:49 2026 3869/4980 {'EXC:BrokenProcessPool': 3869} elapsed 1s
Sat Oct  3 00:56:49 2026 3870/4980 {'EXC:BrokenProcessPool': 3870} elapsed 1s
Sat Oct  3 00:56:49 2026 3871/4980 {'EXC:BrokenProcessPool': 3871} elapsed 1s
Sat Oct  3 00:56:49 2026 3872/4980 {'EXC:BrokenProcessPool': 3872} elapsed 1s
Sat Oct  3 00:56:49 2026 3873/4980 {'EXC:BrokenProcessPool': 3873} elapsed 1s
Sat Oct  3 00:56:49 2026 3874/4980 {'EXC:BrokenProcessPool': 3874} elapsed 1s
Sat Oct  3 00:56:49 2026 3875/4980 {'EXC:BrokenProcessPool': 3875} elapsed 1s
Sat Oct  3 00:56:49 2026 3876/4980 {'EXC:BrokenProcessPool': 3876} elapsed 1s
Sat Oct  3 00:56:49 2026 3877/4980 {'EXC:BrokenProcessPool': 3877} elapsed 1s
Sat Oct  3 00:56:49 2026 3878/4980 {'EXC:BrokenProcessPool': 3878} elapsed 1s
Sat Oct  3 00:56:49 2026 3879/4980 {'EXC:BrokenProcessPool': 3879} elapsed 1s
Sat Oct  3 00:56:49 2026 3880/4980 {'EXC:BrokenProcessPool': 3880} elapsed 1s
Sat Oct  3 00:56:49 2026 3881/4980 {'EXC:BrokenProcessPool': 3881} elapsed 1s
Sat Oct  3 00:56:49 2026 3882/4980 {'EXC:BrokenProcessPool': 3882} elapsed 1s
Sat Oct  3 00:56:49 2026 3883/4980 {'EXC:BrokenProcessPool': 3883} elapsed 1s
Sat Oct  3 00:56:49 2026 3884/4980 {'EXC:BrokenProcessPool': 3884} elapsed 1s
Sat Oct  3 00:56:49 2026 3885/4980 {'EXC:BrokenProcessPool': 3885} elapsed 1s
Sat Oct  3 00:56:49 2026 3886/4980 {'EXC:BrokenProcessPool': 3886} elapsed 1s
Sat Oct  3 00:56:49 2026 3887/4980 {'EXC:BrokenProcessPool': 3887} elapsed 1s
Sat Oct  3 00:56:49 2026 3888/4980 {'EXC:BrokenProcessPool': 3888} elapsed 1s
Sat Oct  3 00:56:49 2026 3889/4980 {'EXC:BrokenProcessPool': 3889} elapsed 1s
Sat Oct  3 00:56:49 2026 3890/4980 {'EXC:BrokenProcessPool': 3890} elapsed 1s
Sat Oct  3 00:56:49 2026 3891/4980 {'EXC:BrokenProcessPool': 3891} elapsed 1s
Sat Oct  3 00:56:49 2026 3892/4980 {'EXC:BrokenProcessPool': 3892} elapsed 1s
Sat Oct  3 00:56:49 2026 3893/4980 {'EXC:BrokenProcessPool': 3893} elapsed 1s
Sat Oct  3 00:56:49 2026 3894/4980 {'EXC:BrokenProcessPool': 3894} elapsed 1s
Sat Oct  3 00:56:49 2026 3895/4980 {'EXC:BrokenProcessPool': 3895} elapsed 1s
Sat Oct  3 00:56:49 2026 3896/4980 {'EXC:BrokenProcessPool': 3896} elapsed 1s
Sat Oct  3 00:56:49 2026 3897/4980 {'EXC:BrokenProcessPool': 3897} elapsed 1s
Sat Oct  3 00:56:49 2026 3898/4980 {'EXC:BrokenProcessPool': 3898} elapsed 1s
Sat Oct  3 00:56:49 2026 3899/4980 {'EXC:BrokenProcessPool': 3899} elapsed 1s
Sat Oct  3 00:56:49 2026 3900/4980 {'EXC:BrokenProcessPool': 3900} elapsed 1s
Sat Oct  3 00:56:49 2026 3901/4980 {'EXC:BrokenProcessPool': 3901} elapsed 1s
Sat Oct  3 00:56:49 2026 3902/4980 {'EXC:BrokenProcessPool': 3902} elapsed 1s
Sat Oct  3 00:56:49 2026 3903/4980 {'EXC:BrokenProcessPool': 3903} elapsed 1s
Sat Oct  3 00:56:49 2026 3904/4980 {'EXC:BrokenProcessPool': 3904} elapsed 1s
Sat Oct  3 00:56:49 2026 3905/4980 {'EXC:BrokenProcessPool': 3905} elapsed 1s
Sat Oct  3 00:56:49 2026 3906/4980 {'EXC:BrokenProcessPool': 3906} elapsed 1s
Sat Oct  3 00:56:49 2026 3907/4980 {'EXC:BrokenProcessPool': 3907} elapsed 1s
Sat Oct  3 00:56:49 2026 3908/4980 {'EXC:BrokenProcessPool': 3908} elapsed 1s
Sat Oct  3 00:56:49 2026 3909/4980 {'EXC:BrokenProcessPool': 3909} elapsed 1s
Sat Oct  3 00:56:49 2026 3910/4980 {'EXC:BrokenProcessPool': 3910} elapsed 1s
Sat Oct  3 00:56:49 2026 3911/4980 {'EXC:BrokenProcessPool': 3911} elapsed 1s
Sat Oct  3 00:56:49 2026 3912/4980 {'EXC:BrokenProcessPool': 3912} elapsed 1s
Sat Oct  3 00:56:49 2026 3913/4980 {'EXC:BrokenProcessPool': 3913} elapsed 1s
Sat Oct  3 00:56:49 2026 3914/4980 {'EXC:BrokenProcessPool': 3914} elapsed 1s
Sat Oct  3 00:56:49 2026 3915/4980 {'EXC:BrokenProcessPool': 3915} elapsed 1s
Sat Oct  3 00:56:49 2026 3916/4980 {'EXC:BrokenProcessPool': 3916} elapsed 1s
Sat Oct  3 00:56:49 2026 3917/4980 {'EXC:BrokenProcessPool': 3917} elapsed 1s
Sat Oct  3 00:56:49 2026 3918/4980 {'EXC:BrokenProcessPool': 3918} elapsed 1s
Sat Oct  3 00:56:49 2026 3919/4980 {'EXC:BrokenProcessPool': 3919} elapsed 1s
Sat Oct  3 00:56:49 2026 3920/4980 {'EXC:BrokenProcessPool': 3920} elapsed 1s
Sat Oct  3 00:56:49 2026 3921/4980 {'EXC:BrokenProcessPool': 3921} elapsed 1s
Sat Oct  3 00:56:49 2026 3922/4980 {'EXC:BrokenProcessPool': 3922} elapsed 1s
Sat Oct  3 00:56:49 2026 3923/4980 {'EXC:BrokenProcessPool': 3923} elapsed 1s
Sat Oct  3 00:56:49 2026 3924/4980 {'EXC:BrokenProcessPool': 3924} elapsed 1s
Sat Oct  3 00:56:49 2026 3925/4980 {'EXC:BrokenProcessPool': 3925} elapsed 1s
Sat Oct  3 00:56:49 2026 3926/4980 {'EXC:BrokenProcessPool': 3926} elapsed 1s
Sat Oct  3 00:56:49 2026 3927/4980 {'EXC:BrokenProcessPool': 3927} elapsed 1s
Sat Oct  3 00:56:49 2026 3928/4980 {'EXC:BrokenProcessPool': 3928} elapsed 1s
Sat Oct  3 00:56:49 2026 3929/4980 {'EXC:BrokenProcessPool': 3929} elapsed 1s
Sat Oct  3 00:56:49 2026 3930/4980 {'EXC:BrokenProcessPool': 3930} elapsed 1s
Sat Oct  3 00:56:49 2026 3931/4980 {'EXC:BrokenProcessPool': 3931} elapsed 1s
Sat Oct  3 00:56:49 2026 3932/4980 {'EXC:BrokenProcessPool': 3932} elapsed 1s
Sat Oct  3 00:56:49 2026 3933/4980 {'EXC:BrokenProcessPool': 3933} elapsed 1s
Sat Oct  3 00:56:49 2026 3934/4980 {'EXC:BrokenProcessPool': 3934} elapsed 1s
Sat Oct  3 00:56:49 2026 3935/4980 {'EXC:BrokenProcessPool': 3935} elapsed 1s
Sat Oct  3 00:56:49 2026 3936/4980 {'EXC:BrokenProcessPool': 3936} elapsed 1s
Sat Oct  3 00:56:49 2026 3937/4980 {'EXC:BrokenProcessPool': 3937} elapsed 1s
Sat Oct  3 00:56:49 2026 3938/4980 {'EXC:BrokenProcessPool': 3938} elapsed 1s
Sat Oct  3 00:56:49 2026 3939/4980 {'EXC:BrokenProcessPool': 3939} elapsed 1s
Sat Oct  3 00:56:49 2026 3940/4980 {'EXC:BrokenProcessPool': 3940} elapsed 1s
Sat Oct  3 00:56:49 2026 3941/4980 {'EXC:BrokenProcessPool': 3941} elapsed 1s
Sat Oct  3 00:56:49 2026 3942/4980 {'EXC:BrokenProcessPool': 3942} elapsed 1s
Sat Oct  3 00:56:49 2026 3943/4980 {'EXC:BrokenProcessPool': 3943} elapsed 1s
Sat Oct  3 00:56:49 2026 3944/4980 {'EXC:BrokenProcessPool': 3944} elapsed 1s
Sat Oct  3 00:56:49 2026 3945/4980 {'EXC:BrokenProcessPool': 3945} elapsed 1s
Sat Oct  3 00:56:49 2026 3946/4980 {'EXC:BrokenProcessPool': 3946} elapsed 1s
Sat Oct  3 00:56:49 2026 3947/4980 {'EXC:BrokenProcessPool': 3947} elapsed 1s
Sat Oct  3 00:56:49 2026 3948/4980 {'EXC:BrokenProcessPool': 3948} elapsed 1s
Sat Oct  3 00:56:49 2026 3949/4980 {'EXC:BrokenProcessPool': 3949} elapsed 1s
Sat Oct  3 00:56:49 2026 3950/4980 {'EXC:BrokenProcessPool': 3950} elapsed 1s
Sat Oct  3 00:56:49 2026 3951/4980 {'EXC:BrokenProcessPool': 3951} elapsed 1s
Sat Oct  3 00:56:49 2026 3952/4980 {'EXC:BrokenProcessPool': 3952} elapsed 1s
Sat Oct  3 00:56:49 2026 3953/4980 {'EXC:BrokenProcessPool': 3953} elapsed 1s
Sat Oct  3 00:56:49 2026 3954/4980 {'EXC:BrokenProcessPool': 3954} elapsed 1s
Sat Oct  3 00:56:49 2026 3955/4980 {'EXC:BrokenProcessPool': 3955} elapsed 1s
Sat Oct  3 00:56:49 2026 3956/4980 {'EXC:BrokenProcessPool': 3956} elapsed 1s
Sat Oct  3 00:56:49 2026 3957/4980 {'EXC:BrokenProcessPool': 3957} elapsed 1s
Sat Oct  3 00:56:49 2026 3958/4980 {'EXC:BrokenProcessPool': 3958} elapsed 1s
Sat Oct  3 00:56:49 2026 3959/4980 {'EXC:BrokenProcessPool': 3959} elapsed 1s
Sat Oct  3 00:56:49 2026 3960/4980 {'EXC:BrokenProcessPool': 3960} elapsed 1s
Sat Oct  3 00:56:49 2026 3961/4980 {'EXC:BrokenProcessPool': 3961} elapsed 1s
Sat Oct  3 00:56:49 2026 3962/4980 {'EXC:BrokenProcessPool': 3962} elapsed 1s
Sat Oct  3 00:56:49 2026 3963/4980 {'EXC:BrokenProcessPool': 3963} elapsed 1s
Sat Oct  3 00:56:49 2026 3964/4980 {'EXC:BrokenProcessPool': 3964} elapsed 1s
Sat Oct  3 00:56:49 2026 3965/4980 {'EXC:BrokenProcessPool': 3965} elapsed 1s
Sat Oct  3 00:56:49 2026 3966/4980 {'EXC:BrokenProcessPool': 3966} elapsed 1s
Sat Oct  3 00:56:49 2026 3967/4980 {'EXC:BrokenProcessPool': 3967} elapsed 1s
Sat Oct  3 00:56:49 2026 3968/4980 {'EXC:BrokenProcessPool': 3968} elapsed 1s
Sat Oct  3 00:56:49 2026 3969/4980 {'EXC:BrokenProcessPool': 3969} elapsed 1s
Sat Oct  3 00:56:49 2026 3970/4980 {'EXC:BrokenProcessPool': 3970} elapsed 1s
Sat Oct  3 00:56:49 2026 3971/4980 {'EXC:BrokenProcessPool': 3971} elapsed 1s
Sat Oct  3 00:56:49 2026 3972/4980 {'EXC:BrokenProcessPool': 3972} elapsed 1s
Sat Oct  3 00:56:49 2026 3973/4980 {'EXC:BrokenProcessPool': 3973} elapsed 1s
Sat Oct  3 00:56:49 2026 3974/4980 {'EXC:BrokenProcessPool': 3974} elapsed 1s
Sat Oct  3 00:56:49 2026 3975/4980 {'EXC:BrokenProcessPool': 3975} elapsed 1s
Sat Oct  3 00:56:49 2026 3976/4980 {'EXC:BrokenProcessPool': 3976} elapsed 1s
Sat Oct  3 00:56:49 2026 3977/4980 {'EXC:BrokenProcessPool': 3977} elapsed 1s
Sat Oct  3 00:56:49 2026 3978/4980 {'EXC:BrokenProcessPool': 3978} elapsed 1s
Sat Oct  3 00:56:49 2026 3979/4980 {'EXC:BrokenProcessPool': 3979} elapsed 1s
Sat Oct  3 00:56:49 2026 3980/4980 {'EXC:BrokenProcessPool': 3980} elapsed 1s
Sat Oct  3 00:56:49 2026 3981/4980 {'EXC:BrokenProcessPool': 3981} elapsed 1s
Sat Oct  3 00:56:49 2026 3982/4980 {'EXC:BrokenProcessPool': 3982} elapsed 1s
Sat Oct  3 00:56:49 2026 3983/4980 {'EXC:BrokenProcessPool': 3983} elapsed 1s
Sat Oct  3 00:56:49 2026 3984/4980 {'EXC:BrokenProcessPool': 3984} elapsed 1s
Sat Oct  3 00:56:49 2026 3985/4980 {'EXC:BrokenProcessPool': 3985} elapsed 1s
Sat Oct  3 00:56:49 2026 3986/4980 {'EXC:BrokenProcessPool': 3986} elapsed 1s
Sat Oct  3 00:56:49 2026 3987/4980 {'EXC:BrokenProcessPool': 3987} elapsed 1s
Sat Oct  3 00:56:49 2026 3988/4980 {'EXC:BrokenProcessPool': 3988} elapsed 1s
Sat Oct  3 00:56:49 2026 3989/4980 {'EXC:BrokenProcessPool': 3989} elapsed 1s
Sat Oct  3 00:56:49 2026 3990/4980 {'EXC:BrokenProcessPool': 3990} elapsed 1s
Sat Oct  3 00:56:49 2026 3991/4980 {'EXC:BrokenProcessPool': 3991} elapsed 1s
Sat Oct  3 00:56:49 2026 3992/4980 {'EXC:BrokenProcessPool': 3992} elapsed 1s
Sat Oct  3 00:56:49 2026 3993/4980 {'EXC:BrokenProcessPool': 3993} elapsed 1s
Sat Oct  3 00:56:49 2026 3994/4980 {'EXC:BrokenProcessPool': 3994} elapsed 1s
Sat Oct  3 00:56:49 2026 3995/4980 {'EXC:BrokenProcessPool': 3995} elapsed 1s
Sat Oct  3 00:56:49 2026 3996/4980 {'EXC:BrokenProcessPool': 3996} elapsed 1s
Sat Oct  3 00:56:49 2026 3997/4980 {'EXC:BrokenProcessPool': 3997} elapsed 1s
Sat Oct  3 00:56:49 2026 3998/4980 {'EXC:BrokenProcessPool': 3998} elapsed 1s
Sat Oct  3 00:56:49 2026 3999/4980 {'EXC:BrokenProcessPool': 3999} elapsed 1s
Sat Oct  3 00:56:49 2026 4000/4980 {'EXC:BrokenProcessPool': 4000} elapsed 1s
Sat Oct  3 00:56:49 2026 4001/4980 {'EXC:BrokenProcessPool': 4001} elapsed 1s
Sat Oct  3 00:56:49 2026 4002/4980 {'EXC:BrokenProcessPool': 4002} elapsed 1s
Sat Oct  3 00:56:49 2026 4003/4980 {'EXC:BrokenProcessPool': 4003} elapsed 1s
Sat Oct  3 00:56:49 2026 4004/4980 {'EXC:BrokenProcessPool': 4004} elapsed 1s
Sat Oct  3 00:56:49 2026 4005/4980 {'EXC:BrokenProcessPool': 4005} elapsed 1s
Sat Oct  3 00:56:49 2026 4006/4980 {'EXC:BrokenProcessPool': 4006} elapsed 1s
Sat Oct  3 00:56:49 2026 4007/4980 {'EXC:BrokenProcessPool': 4007} elapsed 1s
Sat Oct  3 00:56:49 2026 4008/4980 {'EXC:BrokenProcessPool': 4008} elapsed 1s
Sat Oct  3 00:56:49 2026 4009/4980 {'EXC:BrokenProcessPool': 4009} elapsed 1s
Sat Oct  3 00:56:49 2026 4010/4980 {'EXC:BrokenProcessPool': 4010} elapsed 1s
Sat Oct  3 00:56:49 2026 4011/4980 {'EXC:BrokenProcessPool': 4011} elapsed 1s
Sat Oct  3 00:56:49 2026 4012/4980 {'EXC:BrokenProcessPool': 4012} elapsed 1s
Sat Oct  3 00:56:49 2026 4013/4980 {'EXC:BrokenProcessPool': 4013} elapsed 1s
Sat Oct  3 00:56:49 2026 4014/4980 {'EXC:BrokenProcessPool': 4014} elapsed 1s
Sat Oct  3 00:56:49 2026 4015/4980 {'EXC:BrokenProcessPool': 4015} elapsed 1s
Sat Oct  3 00:56:49 2026 4016/4980 {'EXC:BrokenProcessPool': 4016} elapsed 1s
Sat Oct  3 00:56:49 2026 4017/4980 {'EXC:BrokenProcessPool': 4017} elapsed 1s
Sat Oct  3 00:56:49 2026 4018/4980 {'EXC:BrokenProcessPool': 4018} elapsed 1s
Sat Oct  3 00:56:49 2026 4019/4980 {'EXC:BrokenProcessPool': 4019} elapsed 1s
Sat Oct  3 00:56:49 2026 4020/4980 {'EXC:BrokenProcessPool': 4020} elapsed 1s
Sat Oct  3 00:56:49 2026 4021/4980 {'EXC:BrokenProcessPool': 4021} elapsed 1s
Sat Oct  3 00:56:49 2026 4022/4980 {'EXC:BrokenProcessPool': 4022} elapsed 1s
Sat Oct  3 00:56:49 2026 4023/4980 {'EXC:BrokenProcessPool': 4023} elapsed 1s
Sat Oct  3 00:56:49 2026 4024/4980 {'EXC:BrokenProcessPool': 4024} elapsed 1s
Sat Oct  3 00:56:49 2026 4025/4980 {'EXC:BrokenProcessPool': 4025} elapsed 1s
Sat Oct  3 00:56:49 2026 4026/4980 {'EXC:BrokenProcessPool': 4026} elapsed 1s
Sat Oct  3 00:56:49 2026 4027/4980 {'EXC:BrokenProcessPool': 4027} elapsed 1s
Sat Oct  3 00:56:49 2026 4028/4980 {'EXC:BrokenProcessPool': 4028} elapsed 1s
Sat Oct  3 00:56:49 2026 4029/4980 {'EXC:BrokenProcessPool': 4029} elapsed 1s
Sat Oct  3 00:56:49 2026 4030/4980 {'EXC:BrokenProcessPool': 4030} elapsed 1s
Sat Oct  3 00:56:49 2026 4031/4980 {'EXC:BrokenProcessPool': 4031} elapsed 1s
Sat Oct  3 00:56:49 2026 4032/4980 {'EXC:BrokenProcessPool': 4032} elapsed 1s
Sat Oct  3 00:56:49 2026 4033/4980 {'EXC:BrokenProcessPool': 4033} elapsed 1s
Sat Oct  3 00:56:49 2026 4034/4980 {'EXC:BrokenProcessPool': 4034} elapsed 1s
Sat Oct  3 00:56:49 2026 4035/4980 {'EXC:BrokenProcessPool': 4035} elapsed 1s
Sat Oct  3 00:56:49 2026 4036/4980 {'EXC:BrokenProcessPool': 4036} elapsed 1s
Sat Oct  3 00:56:49 2026 4037/4980 {'EXC:BrokenProcessPool': 4037} elapsed 1s
Sat Oct  3 00:56:49 2026 4038/4980 {'EXC:BrokenProcessPool': 4038} elapsed 1s
Sat Oct  3 00:56:49 2026 4039/4980 {'EXC:BrokenProcessPool': 4039} elapsed 1s
Sat Oct  3 00:56:49 2026 4040/4980 {'EXC:BrokenProcessPool': 4040} elapsed 1s
Sat Oct  3 00:56:49 2026 4041/4980 {'EXC:BrokenProcessPool': 4041} elapsed 1s
Sat Oct  3 00:56:49 2026 4042/4980 {'EXC:BrokenProcessPool': 4042} elapsed 1s
Sat Oct  3 00:56:49 2026 4043/4980 {'EXC:BrokenProcessPool': 4043} elapsed 1s
Sat Oct  3 00:56:49 2026 4044/4980 {'EXC:BrokenProcessPool': 4044} elapsed 1s
Sat Oct  3 00:56:49 2026 4045/4980 {'EXC:BrokenProcessPool': 4045} elapsed 1s
Sat Oct  3 00:56:49 2026 4046/4980 {'EXC:BrokenProcessPool': 4046} elapsed 1s
Sat Oct  3 00:56:49 2026 4047/4980 {'EXC:BrokenProcessPool': 4047} elapsed 1s
Sat Oct  3 00:56:49 2026 4048/4980 {'EXC:BrokenProcessPool': 4048} elapsed 1s
Sat Oct  3 00:56:49 2026 4049/4980 {'EXC:BrokenProcessPool': 4049} elapsed 1s
Sat Oct  3 00:56:49 2026 4050/4980 {'EXC:BrokenProcessPool': 4050} elapsed 1s
Sat Oct  3 00:56:49 2026 4051/4980 {'EXC:BrokenProcessPool': 4051} elapsed 1s
Sat Oct  3 00:56:49 2026 4052/4980 {'EXC:BrokenProcessPool': 4052} elapsed 1s
Sat Oct  3 00:56:49 2026 4053/4980 {'EXC:BrokenProcessPool': 4053} elapsed 1s
Sat Oct  3 00:56:49 2026 4054/4980 {'EXC:BrokenProcessPool': 4054} elapsed 1s
Sat Oct  3 00:56:49 2026 4055/4980 {'EXC:BrokenProcessPool': 4055} elapsed 1s
Sat Oct  3 00:56:49 2026 4056/4980 {'EXC:BrokenProcessPool': 4056} elapsed 1s
Sat Oct  3 00:56:49 2026 4057/4980 {'EXC:BrokenProcessPool': 4057} elapsed 1s
Sat Oct  3 00:56:49 2026 4058/4980 {'EXC:BrokenProcessPool': 4058} elapsed 1s
Sat Oct  3 00:56:49 2026 4059/4980 {'EXC:BrokenProcessPool': 4059} elapsed 1s
Sat Oct  3 00:56:49 2026 4060/4980 {'EXC:BrokenProcessPool': 4060} elapsed 1s
Sat Oct  3 00:56:49 2026 4061/4980 {'EXC:BrokenProcessPool': 4061} elapsed 1s
Sat Oct  3 00:56:49 2026 4062/4980 {'EXC:BrokenProcessPool': 4062} elapsed 1s
Sat Oct  3 00:56:49 2026 4063/4980 {'EXC:BrokenProcessPool': 4063} elapsed 1s
Sat Oct  3 00:56:49 2026 4064/4980 {'EXC:BrokenProcessPool': 4064} elapsed 1s
Sat Oct  3 00:56:49 2026 4065/4980 {'EXC:BrokenProcessPool': 4065} elapsed 1s
Sat Oct  3 00:56:49 2026 4066/4980 {'EXC:BrokenProcessPool': 4066} elapsed 1s
Sat Oct  3 00:56:49 2026 4067/4980 {'EXC:BrokenProcessPool': 4067} elapsed 1s
Sat Oct  3 00:56:49 2026 4068/4980 {'EXC:BrokenProcessPool': 4068} elapsed 1s
Sat Oct  3 00:56:49 2026 4069/4980 {'EXC:BrokenProcessPool': 4069} elapsed 1s
Sat Oct  3 00:56:49 2026 4070/4980 {'EXC:BrokenProcessPool': 4070} elapsed 1s
Sat Oct  3 00:56:49 2026 4071/4980 {'EXC:BrokenProcessPool': 4071} elapsed 1s
Sat Oct  3 00:56:49 2026 4072/4980 {'EXC:BrokenProcessPool': 4072} elapsed 1s
Sat Oct  3 00:56:49 2026 4073/4980 {'EXC:BrokenProcessPool': 4073} elapsed 1s
Sat Oct  3 00:56:49 2026 4074/4980 {'EXC:BrokenProcessPool': 4074} elapsed 1s
Sat Oct  3 00:56:49 2026 4075/4980 {'EXC:BrokenProcessPool': 4075} elapsed 1s
Sat Oct  3 00:56:49 2026 4076/4980 {'EXC:BrokenProcessPool': 4076} elapsed 1s
Sat Oct  3 00:56:49 2026 4077/4980 {'EXC:BrokenProcessPool': 4077} elapsed 1s
Sat Oct  3 00:56:49 2026 4078/4980 {'EXC:BrokenProcessPool': 4078} elapsed 1s
Sat Oct  3 00:56:49 2026 4079/4980 {'EXC:BrokenProcessPool': 4079} elapsed 1s
Sat Oct  3 00:56:49 2026 4080/4980 {'EXC:BrokenProcessPool': 4080} elapsed 1s
Sat Oct  3 00:56:49 2026 4081/4980 {'EXC:BrokenProcessPool': 4081} elapsed 1s
Sat Oct  3 00:56:49 2026 4082/4980 {'EXC:BrokenProcessPool': 4082} elapsed 1s
Sat Oct  3 00:56:49 2026 4083/4980 {'EXC:BrokenProcessPool': 4083} elapsed 1s
Sat Oct  3 00:56:49 2026 4084/4980 {'EXC:BrokenProcessPool': 4084} elapsed 1s
Sat Oct  3 00:56:49 2026 4085/4980 {'EXC:BrokenProcessPool': 4085} elapsed 1s
Sat Oct  3 00:56:49 2026 4086/4980 {'EXC:BrokenProcessPool': 4086} elapsed 1s
Sat Oct  3 00:56:49 2026 4087/4980 {'EXC:BrokenProcessPool': 4087} elapsed 1s
Sat Oct  3 00:56:49 2026 4088/4980 {'EXC:BrokenProcessPool': 4088} elapsed 1s
Sat Oct  3 00:56:49 2026 4089/4980 {'EXC:BrokenProcessPool': 4089} elapsed 1s
Sat Oct  3 00:56:49 2026 4090/4980 {'EXC:BrokenProcessPool': 4090} elapsed 1s
Sat Oct  3 00:56:49 2026 4091/4980 {'EXC:BrokenProcessPool': 4091} elapsed 1s
Sat Oct  3 00:56:49 2026 4092/4980 {'EXC:BrokenProcessPool': 4092} elapsed 1s
Sat Oct  3 00:56:49 2026 4093/4980 {'EXC:BrokenProcessPool': 4093} elapsed 1s
Sat Oct  3 00:56:49 2026 4094/4980 {'EXC:BrokenProcessPool': 4094} elapsed 1s
Sat Oct  3 00:56:49 2026 4095/4980 {'EXC:BrokenProcessPool': 4095} elapsed 1s
Sat Oct  3 00:56:49 2026 4096/4980 {'EXC:BrokenProcessPool': 4096} elapsed 1s
Sat Oct  3 00:56:49 2026 4097/4980 {'EXC:BrokenProcessPool': 4097} elapsed 1s
Sat Oct  3 00:56:49 2026 4098/4980 {'EXC:BrokenProcessPool': 4098} elapsed 1s
Sat Oct  3 00:56:49 2026 4099/4980 {'EXC:BrokenProcessPool': 4099} elapsed 1s
Sat Oct  3 00:56:49 2026 4100/4980 {'EXC:BrokenProcessPool': 4100} elapsed 1s
Sat Oct  3 00:56:49 2026 4101/4980 {'EXC:BrokenProcessPool': 4101} elapsed 1s
Sat Oct  3 00:56:49 2026 4102/4980 {'EXC:BrokenProcessPool': 4102} elapsed 1s
Sat Oct  3 00:56:49 2026 4103/4980 {'EXC:BrokenProcessPool': 4103} elapsed 1s
Sat Oct  3 00:56:49 2026 4104/4980 {'EXC:BrokenProcessPool': 4104} elapsed 1s
Sat Oct  3 00:56:49 2026 4105/4980 {'EXC:BrokenProcessPool': 4105} elapsed 1s
Sat Oct  3 00:56:49 2026 4106/4980 {'EXC:BrokenProcessPool': 4106} elapsed 1s
Sat Oct  3 00:56:49 2026 4107/4980 {'EXC:BrokenProcessPool': 4107} elapsed 1s
Sat Oct  3 00:56:49 2026 4108/4980 {'EXC:BrokenProcessPool': 4108} elapsed 1s
Sat Oct  3 00:56:49 2026 4109/4980 {'EXC:BrokenProcessPool': 4109} elapsed 1s
Sat Oct  3 00:56:49 2026 4110/4980 {'EXC:BrokenProcessPool': 4110} elapsed 1s
Sat Oct  3 00:56:49 2026 4111/4980 {'EXC:BrokenProcessPool': 4111} elapsed 1s
Sat Oct  3 00:56:49 2026 4112/4980 {'EXC:BrokenProcessPool': 4112} elapsed 1s
Sat Oct  3 00:56:49 2026 4113/4980 {'EXC:BrokenProcessPool': 4113} elapsed 1s
Sat Oct  3 00:56:49 2026 4114/4980 {'EXC:BrokenProcessPool': 4114} elapsed 1s
Sat Oct  3 00:56:49 2026 4115/4980 {'EXC:BrokenProcessPool': 4115} elapsed 1s
Sat Oct  3 00:56:49 2026 4116/4980 {'EXC:BrokenProcessPool': 4116} elapsed 1s
Sat Oct  3 00:56:49 2026 4117/4980 {'EXC:BrokenProcessPool': 4117} elapsed 1s
Sat Oct  3 00:56:49 2026 4118/4980 {'EXC:BrokenProcessPool': 4118} elapsed 1s
Sat Oct  3 00:56:49 2026 4119/4980 {'EXC:BrokenProcessPool': 4119} elapsed 1s
Sat Oct  3 00:56:49 2026 4120/4980 {'EXC:BrokenProcessPool': 4120} elapsed 1s
Sat Oct  3 00:56:49 2026 4121/4980 {'EXC:BrokenProcessPool': 4121} elapsed 1s
Sat Oct  3 00:56:49 2026 4122/4980 {'EXC:BrokenProcessPool': 4122} elapsed 1s
Sat Oct  3 00:56:49 2026 4123/4980 {'EXC:BrokenProcessPool': 4123} elapsed 1s
Sat Oct  3 00:56:49 2026 4124/4980 {'EXC:BrokenProcessPool': 4124} elapsed 1s
Sat Oct  3 00:56:49 2026 4125/4980 {'EXC:BrokenProcessPool': 4125} elapsed 1s
Sat Oct  3 00:56:49 2026 4126/4980 {'EXC:BrokenProcessPool': 4126} elapsed 1s
Sat Oct  3 00:56:49 2026 4127/4980 {'EXC:BrokenProcessPool': 4127} elapsed 1s
Sat Oct  3 00:56:49 2026 4128/4980 {'EXC:BrokenProcessPool': 4128} elapsed 1s
Sat Oct  3 00:56:49 2026 4129/4980 {'EXC:BrokenProcessPool': 4129} elapsed 1s
Sat Oct  3 00:56:49 2026 4130/4980 {'EXC:BrokenProcessPool': 4130} elapsed 1s
Sat Oct  3 00:56:49 2026 4131/4980 {'EXC:BrokenProcessPool': 4131} elapsed 1s
Sat Oct  3 00:56:49 2026 4132/4980 {'EXC:BrokenProcessPool': 4132} elapsed 1s
Sat Oct  3 00:56:49 2026 4133/4980 {'EXC:BrokenProcessPool': 4133} elapsed 1s
Sat Oct  3 00:56:49 2026 4134/4980 {'EXC:BrokenProcessPool': 4134} elapsed 1s
Sat Oct  3 00:56:49 2026 4135/4980 {'EXC:BrokenProcessPool': 4135} elapsed 1s
Sat Oct  3 00:56:49 2026 4136/4980 {'EXC:BrokenProcessPool': 4136} elapsed 1s
Sat Oct  3 00:56:49 2026 4137/4980 {'EXC:BrokenProcessPool': 4137} elapsed 1s
Sat Oct  3 00:56:49 2026 4138/4980 {'EXC:BrokenProcessPool': 4138} elapsed 1s
Sat Oct  3 00:56:49 2026 4139/4980 {'EXC:BrokenProcessPool': 4139} elapsed 1s
Sat Oct  3 00:56:49 2026 4140/4980 {'EXC:BrokenProcessPool': 4140} elapsed 1s
Sat Oct  3 00:56:49 2026 4141/4980 {'EXC:BrokenProcessPool': 4141} elapsed 1s
Sat Oct  3 00:56:49 2026 4142/4980 {'EXC:BrokenProcessPool': 4142} elapsed 1s
Sat Oct  3 00:56:49 2026 4143/4980 {'EXC:BrokenProcessPool': 4143} elapsed 1s
Sat Oct  3 00:56:49 2026 4144/4980 {'EXC:BrokenProcessPool': 4144} elapsed 1s
Sat Oct  3 00:56:49 2026 4145/4980 {'EXC:BrokenProcessPool': 4145} elapsed 1s
Sat Oct  3 00:56:49 2026 4146/4980 {'EXC:BrokenProcessPool': 4146} elapsed 1s
Sat Oct  3 00:56:49 2026 4147/4980 {'EXC:BrokenProcessPool': 4147} elapsed 1s
Sat Oct  3 00:56:49 2026 4148/4980 {'EXC:BrokenProcessPool': 4148} elapsed 1s
Sat Oct  3 00:56:49 2026 4149/4980 {'EXC:BrokenProcessPool': 4149} elapsed 1s
Sat Oct  3 00:56:49 2026 4150/4980 {'EXC:BrokenProcessPool': 4150} elapsed 1s
Sat Oct  3 00:56:49 2026 4151/4980 {'EXC:BrokenProcessPool': 4151} elapsed 1s
Sat Oct  3 00:56:49 2026 4152/4980 {'EXC:BrokenProcessPool': 4152} elapsed 1s
Sat Oct  3 00:56:49 2026 4153/4980 {'EXC:BrokenProcessPool': 4153} elapsed 1s
Sat Oct  3 00:56:49 2026 4154/4980 {'EXC:BrokenProcessPool': 4154} elapsed 1s
Sat Oct  3 00:56:49 2026 4155/4980 {'EXC:BrokenProcessPool': 4155} elapsed 1s
Sat Oct  3 00:56:49 2026 4156/4980 {'EXC:BrokenProcessPool': 4156} elapsed 1s
Sat Oct  3 00:56:49 2026 4157/4980 {'EXC:BrokenProcessPool': 4157} elapsed 1s
Sat Oct  3 00:56:49 2026 4158/4980 {'EXC:BrokenProcessPool': 4158} elapsed 1s
Sat Oct  3 00:56:49 2026 4159/4980 {'EXC:BrokenProcessPool': 4159} elapsed 1s
Sat Oct  3 00:56:49 2026 4160/4980 {'EXC:BrokenProcessPool': 4160} elapsed 1s
Sat Oct  3 00:56:49 2026 4161/4980 {'EXC:BrokenProcessPool': 4161} elapsed 1s
Sat Oct  3 00:56:49 2026 4162/4980 {'EXC:BrokenProcessPool': 4162} elapsed 1s
Sat Oct  3 00:56:49 2026 4163/4980 {'EXC:BrokenProcessPool': 4163} elapsed 1s
Sat Oct  3 00:56:49 2026 4164/4980 {'EXC:BrokenProcessPool': 4164} elapsed 1s
Sat Oct  3 00:56:49 2026 4165/4980 {'EXC:BrokenProcessPool': 4165} elapsed 1s
Sat Oct  3 00:56:49 2026 4166/4980 {'EXC:BrokenProcessPool': 4166} elapsed 1s
Sat Oct  3 00:56:49 2026 4167/4980 {'EXC:BrokenProcessPool': 4167} elapsed 1s
Sat Oct  3 00:56:49 2026 4168/4980 {'EXC:BrokenProcessPool': 4168} elapsed 1s
Sat Oct  3 00:56:49 2026 4169/4980 {'EXC:BrokenProcessPool': 4169} elapsed 1s
Sat Oct  3 00:56:49 2026 4170/4980 {'EXC:BrokenProcessPool': 4170} elapsed 1s
Sat Oct  3 00:56:49 2026 4171/4980 {'EXC:BrokenProcessPool': 4171} elapsed 1s
Sat Oct  3 00:56:49 2026 4172/4980 {'EXC:BrokenProcessPool': 4172} elapsed 1s
Sat Oct  3 00:56:49 2026 4173/4980 {'EXC:BrokenProcessPool': 4173} elapsed 1s
Sat Oct  3 00:56:49 2026 4174/4980 {'EXC:BrokenProcessPool': 4174} elapsed 1s
Sat Oct  3 00:56:49 2026 4175/4980 {'EXC:BrokenProcessPool': 4175} elapsed 1s
Sat Oct  3 00:56:49 2026 4176/4980 {'EXC:BrokenProcessPool': 4176} elapsed 1s
Sat Oct  3 00:56:49 2026 4177/4980 {'EXC:BrokenProcessPool': 4177} elapsed 1s
Sat Oct  3 00:56:49 2026 4178/4980 {'EXC:BrokenProcessPool': 4178} elapsed 1s
Sat Oct  3 00:56:49 2026 4179/4980 {'EXC:BrokenProcessPool': 4179} elapsed 1s
Sat Oct  3 00:56:49 2026 4180/4980 {'EXC:BrokenProcessPool': 4180} elapsed 1s
Sat Oct  3 00:56:49 2026 4181/4980 {'EXC:BrokenProcessPool': 4181} elapsed 1s
Sat Oct  3 00:56:49 2026 4182/4980 {'EXC:BrokenProcessPool': 4182} elapsed 1s
Sat Oct  3 00:56:49 2026 4183/4980 {'EXC:BrokenProcessPool': 4183} elapsed 1s
Sat Oct  3 00:56:49 2026 4184/4980 {'EXC:BrokenProcessPool': 4184} elapsed 1s
Sat Oct  3 00:56:49 2026 4185/4980 {'EXC:BrokenProcessPool': 4185} elapsed 1s
Sat Oct  3 00:56:49 2026 4186/4980 {'EXC:BrokenProcessPool': 4186} elapsed 1s
Sat Oct  3 00:56:49 2026 4187/4980 {'EXC:BrokenProcessPool': 4187} elapsed 1s
Sat Oct  3 00:56:49 2026 4188/4980 {'EXC:BrokenProcessPool': 4188} elapsed 1s
Sat Oct  3 00:56:49 2026 4189/4980 {'EXC:BrokenProcessPool': 4189} elapsed 1s
Sat Oct  3 00:56:49 2026 4190/4980 {'EXC:BrokenProcessPool': 4190} elapsed 1s
Sat Oct  3 00:56:49 2026 4191/4980 {'EXC:BrokenProcessPool': 4191} elapsed 1s
Sat Oct  3 00:56:49 2026 4192/4980 {'EXC:BrokenProcessPool': 4192} elapsed 1s
Sat Oct  3 00:56:49 2026 4193/4980 {'EXC:BrokenProcessPool': 4193} elapsed 1s
Sat Oct  3 00:56:49 2026 4194/4980 {'EXC:BrokenProcessPool': 4194} elapsed 1s
Sat Oct  3 00:56:49 2026 4195/4980 {'EXC:BrokenProcessPool': 4195} elapsed 1s
Sat Oct  3 00:56:49 2026 4196/4980 {'EXC:BrokenProcessPool': 4196} elapsed 1s
Sat Oct  3 00:56:49 2026 4197/4980 {'EXC:BrokenProcessPool': 4197} elapsed 1s
Sat Oct  3 00:56:49 2026 4198/4980 {'EXC:BrokenProcessPool': 4198} elapsed 1s
Sat Oct  3 00:56:49 2026 4199/4980 {'EXC:BrokenProcessPool': 4199} elapsed 1s
Sat Oct  3 00:56:49 2026 4200/4980 {'EXC:BrokenProcessPool': 4200} elapsed 1s
Sat Oct  3 00:56:49 2026 4201/4980 {'EXC:BrokenProcessPool': 4201} elapsed 1s
Sat Oct  3 00:56:49 2026 4202/4980 {'EXC:BrokenProcessPool': 4202} elapsed 1s
Sat Oct  3 00:56:49 2026 4203/4980 {'EXC:BrokenProcessPool': 4203} elapsed 1s
Sat Oct  3 00:56:49 2026 4204/4980 {'EXC:BrokenProcessPool': 4204} elapsed 1s
Sat Oct  3 00:56:49 2026 4205/4980 {'EXC:BrokenProcessPool': 4205} elapsed 1s
Sat Oct  3 00:56:49 2026 4206/4980 {'EXC:BrokenProcessPool': 4206} elapsed 1s
Sat Oct  3 00:56:49 2026 4207/4980 {'EXC:BrokenProcessPool': 4207} elapsed 1s
Sat Oct  3 00:56:49 2026 4208/4980 {'EXC:BrokenProcessPool': 4208} elapsed 1s
Sat Oct  3 00:56:49 2026 4209/4980 {'EXC:BrokenProcessPool': 4209} elapsed 1s
Sat Oct  3 00:56:49 2026 4210/4980 {'EXC:BrokenProcessPool': 4210} elapsed 1s
Sat Oct  3 00:56:49 2026 4211/4980 {'EXC:BrokenProcessPool': 4211} elapsed 1s
Sat Oct  3 00:56:49 2026 4212/4980 {'EXC:BrokenProcessPool': 4212} elapsed 1s
Sat Oct  3 00:56:49 2026 4213/4980 {'EXC:BrokenProcessPool': 4213} elapsed 1s
Sat Oct  3 00:56:49 2026 4214/4980 {'EXC:BrokenProcessPool': 4214} elapsed 1s
Sat Oct  3 00:56:49 2026 4215/4980 {'EXC:BrokenProcessPool': 4215} elapsed 1s
Sat Oct  3 00:56:49 2026 4216/4980 {'EXC:BrokenProcessPool': 4216} elapsed 1s
Sat Oct  3 00:56:49 2026 4217/4980 {'EXC:BrokenProcessPool': 4217} elapsed 1s
Sat Oct  3 00:56:49 2026 4218/4980 {'EXC:BrokenProcessPool': 4218} elapsed 1s
Sat Oct  3 00:56:49 2026 4219/4980 {'EXC:BrokenProcessPool': 4219} elapsed 1s
Sat Oct  3 00:56:49 2026 4220/4980 {'EXC:BrokenProcessPool': 4220} elapsed 1s
Sat Oct  3 00:56:49 2026 4221/4980 {'EXC:BrokenProcessPool': 4221} elapsed 1s
Sat Oct  3 00:56:49 2026 4222/4980 {'EXC:BrokenProcessPool': 4222} elapsed 1s
Sat Oct  3 00:56:49 2026 4223/4980 {'EXC:BrokenProcessPool': 4223} elapsed 1s
Sat Oct  3 00:56:49 2026 4224/4980 {'EXC:BrokenProcessPool': 4224} elapsed 1s
Sat Oct  3 00:56:49 2026 4225/4980 {'EXC:BrokenProcessPool': 4225} elapsed 1s
Sat Oct  3 00:56:49 2026 4226/4980 {'EXC:BrokenProcessPool': 4226} elapsed 1s
Sat Oct  3 00:56:49 2026 4227/4980 {'EXC:BrokenProcessPool': 4227} elapsed 1s
Sat Oct  3 00:56:49 2026 4228/4980 {'EXC:BrokenProcessPool': 4228} elapsed 1s
Sat Oct  3 00:56:49 2026 4229/4980 {'EXC:BrokenProcessPool': 4229} elapsed 1s
Sat Oct  3 00:56:49 2026 4230/4980 {'EXC:BrokenProcessPool': 4230} elapsed 1s
Sat Oct  3 00:56:49 2026 4231/4980 {'EXC:BrokenProcessPool': 4231} elapsed 1s
Sat Oct  3 00:56:49 2026 4232/4980 {'EXC:BrokenProcessPool': 4232} elapsed 1s
Sat Oct  3 00:56:49 2026 4233/4980 {'EXC:BrokenProcessPool': 4233} elapsed 1s
Sat Oct  3 00:56:49 2026 4234/4980 {'EXC:BrokenProcessPool': 4234} elapsed 1s
Sat Oct  3 00:56:49 2026 4235/4980 {'EXC:BrokenProcessPool': 4235} elapsed 1s
Sat Oct  3 00:56:49 2026 4236/4980 {'EXC:BrokenProcessPool': 4236} elapsed 1s
Sat Oct  3 00:56:49 2026 4237/4980 {'EXC:BrokenProcessPool': 4237} elapsed 1s
Sat Oct  3 00:56:49 2026 4238/4980 {'EXC:BrokenProcessPool': 4238} elapsed 1s
Sat Oct  3 00:56:49 2026 4239/4980 {'EXC:BrokenProcessPool': 4239} elapsed 1s
Sat Oct  3 00:56:49 2026 4240/4980 {'EXC:BrokenProcessPool': 4240} elapsed 1s
Sat Oct  3 00:56:49 2026 4241/4980 {'EXC:BrokenProcessPool': 4241} elapsed 1s
Sat Oct  3 00:56:49 2026 4242/4980 {'EXC:BrokenProcessPool': 4242} elapsed 1s
Sat Oct  3 00:56:49 2026 4243/4980 {'EXC:BrokenProcessPool': 4243} elapsed 1s
Sat Oct  3 00:56:49 2026 4244/4980 {'EXC:BrokenProcessPool': 4244} elapsed 1s
Sat Oct  3 00:56:49 2026 4245/4980 {'EXC:BrokenProcessPool': 4245} elapsed 1s
Sat Oct  3 00:56:49 2026 4246/4980 {'EXC:BrokenProcessPool': 4246} elapsed 1s
Sat Oct  3 00:56:49 2026 4247/4980 {'EXC:BrokenProcessPool': 4247} elapsed 1s
Sat Oct  3 00:56:49 2026 4248/4980 {'EXC:BrokenProcessPool': 4248} elapsed 1s
Sat Oct  3 00:56:49 2026 4249/4980 {'EXC:BrokenProcessPool': 4249} elapsed 1s
Sat Oct  3 00:56:49 2026 4250/4980 {'EXC:BrokenProcessPool': 4250} elapsed 1s
Sat Oct  3 00:56:49 2026 4251/4980 {'EXC:BrokenProcessPool': 4251} elapsed 1s
Sat Oct  3 00:56:49 2026 4252/4980 {'EXC:BrokenProcessPool': 4252} elapsed 1s
Sat Oct  3 00:56:49 2026 4253/4980 {'EXC:BrokenProcessPool': 4253} elapsed 1s
Sat Oct  3 00:56:49 2026 4254/4980 {'EXC:BrokenProcessPool': 4254} elapsed 1s
Sat Oct  3 00:56:49 2026 4255/4980 {'EXC:BrokenProcessPool': 4255} elapsed 1s
Sat Oct  3 00:56:49 2026 4256/4980 {'EXC:BrokenProcessPool': 4256} elapsed 1s
Sat Oct  3 00:56:49 2026 4257/4980 {'EXC:BrokenProcessPool': 4257} elapsed 1s
Sat Oct  3 00:56:49 2026 4258/4980 {'EXC:BrokenProcessPool': 4258} elapsed 1s
Sat Oct  3 00:56:49 2026 4259/4980 {'EXC:BrokenProcessPool': 4259} elapsed 1s
Sat Oct  3 00:56:49 2026 4260/4980 {'EXC:BrokenProcessPool': 4260} elapsed 1s
Sat Oct  3 00:56:49 2026 4261/4980 {'EXC:BrokenProcessPool': 4261} elapsed 1s
Sat Oct  3 00:56:49 2026 4262/4980 {'EXC:BrokenProcessPool': 4262} elapsed 1s
Sat Oct  3 00:56:49 2026 4263/4980 {'EXC:BrokenProcessPool': 4263} elapsed 1s
Sat Oct  3 00:56:49 2026 4264/4980 {'EXC:BrokenProcessPool': 4264} elapsed 1s
Sat Oct  3 00:56:49 2026 4265/4980 {'EXC:BrokenProcessPool': 4265} elapsed 1s
Sat Oct  3 00:56:49 2026 4266/4980 {'EXC:BrokenProcessPool': 4266} elapsed 1s
Sat Oct  3 00:56:49 2026 4267/4980 {'EXC:BrokenProcessPool': 4267} elapsed 1s
Sat Oct  3 00:56:49 2026 4268/4980 {'EXC:BrokenProcessPool': 4268} elapsed 1s
Sat Oct  3 00:56:49 2026 4269/4980 {'EXC:BrokenProcessPool': 4269} elapsed 1s
Sat Oct  3 00:56:49 2026 4270/4980 {'EXC:BrokenProcessPool': 4270} elapsed 1s
Sat Oct  3 00:56:49 2026 4271/4980 {'EXC:BrokenProcessPool': 4271} elapsed 1s
Sat Oct  3 00:56:49 2026 4272/4980 {'EXC:BrokenProcessPool': 4272} elapsed 1s
Sat Oct  3 00:56:49 2026 4273/4980 {'EXC:BrokenProcessPool': 4273} elapsed 1s
Sat Oct  3 00:56:49 2026 4274/4980 {'EXC:BrokenProcessPool': 4274} elapsed 1s
Sat Oct  3 00:56:49 2026 4275/4980 {'EXC:BrokenProcessPool': 4275} elapsed 1s
Sat Oct  3 00:56:49 2026 4276/4980 {'EXC:BrokenProcessPool': 4276} elapsed 1s
Sat Oct  3 00:56:49 2026 4277/4980 {'EXC:BrokenProcessPool': 4277} elapsed 1s
Sat Oct  3 00:56:49 2026 4278/4980 {'EXC:BrokenProcessPool': 4278} elapsed 1s
Sat Oct  3 00:56:49 2026 4279/4980 {'EXC:BrokenProcessPool': 4279} elapsed 1s
Sat Oct  3 00:56:49 2026 4280/4980 {'EXC:BrokenProcessPool': 4280} elapsed 1s
Sat Oct  3 00:56:49 2026 4281/4980 {'EXC:BrokenProcessPool': 4281} elapsed 1s
Sat Oct  3 00:56:49 2026 4282/4980 {'EXC:BrokenProcessPool': 4282} elapsed 1s
Sat Oct  3 00:56:49 2026 4283/4980 {'EXC:BrokenProcessPool': 4283} elapsed 1s
Sat Oct  3 00:56:49 2026 4284/4980 {'EXC:BrokenProcessPool': 4284} elapsed 1s
Sat Oct  3 00:56:49 2026 4285/4980 {'EXC:BrokenProcessPool': 4285} elapsed 1s
Sat Oct  3 00:56:49 2026 4286/4980 {'EXC:BrokenProcessPool': 4286} elapsed 1s
Sat Oct  3 00:56:49 2026 4287/4980 {'EXC:BrokenProcessPool': 4287} elapsed 1s
Sat Oct  3 00:56:49 2026 4288/4980 {'EXC:BrokenProcessPool': 4288} elapsed 1s
Sat Oct  3 00:56:49 2026 4289/4980 {'EXC:BrokenProcessPool': 4289} elapsed 1s
Sat Oct  3 00:56:49 2026 4290/4980 {'EXC:BrokenProcessPool': 4290} elapsed 1s
Sat Oct  3 00:56:49 2026 4291/4980 {'EXC:BrokenProcessPool': 4291} elapsed 1s
Sat Oct  3 00:56:49 2026 4292/4980 {'EXC:BrokenProcessPool': 4292} elapsed 1s
Sat Oct  3 00:56:49 2026 4293/4980 {'EXC:BrokenProcessPool': 4293} elapsed 1s
Sat Oct  3 00:56:49 2026 4294/4980 {'EXC:BrokenProcessPool': 4294} elapsed 1s
Sat Oct  3 00:56:49 2026 4295/4980 {'EXC:BrokenProcessPool': 4295} elapsed 1s
Sat Oct  3 00:56:49 2026 4296/4980 {'EXC:BrokenProcessPool': 4296} elapsed 1s
Sat Oct  3 00:56:49 2026 4297/4980 {'EXC:BrokenProcessPool': 4297} elapsed 1s
Sat Oct  3 00:56:49 2026 4298/4980 {'EXC:BrokenProcessPool': 4298} elapsed 1s
Sat Oct  3 00:56:49 2026 4299/4980 {'EXC:BrokenProcessPool': 4299} elapsed 1s
Sat Oct  3 00:56:49 2026 4300/4980 {'EXC:BrokenProcessPool': 4300} elapsed 1s
Sat Oct  3 00:56:49 2026 4301/4980 {'EXC:BrokenProcessPool': 4301} elapsed 1s
Sat Oct  3 00:56:49 2026 4302/4980 {'EXC:BrokenProcessPool': 4302} elapsed 1s
Sat Oct  3 00:56:49 2026 4303/4980 {'EXC:BrokenProcessPool': 4303} elapsed 1s
Sat Oct  3 00:56:49 2026 4304/4980 {'EXC:BrokenProcessPool': 4304} elapsed 1s
Sat Oct  3 00:56:49 2026 4305/4980 {'EXC:BrokenProcessPool': 4305} elapsed 1s
Sat Oct  3 00:56:49 2026 4306/4980 {'EXC:BrokenProcessPool': 4306} elapsed 1s
Sat Oct  3 00:56:49 2026 4307/4980 {'EXC:BrokenProcessPool': 4307} elapsed 1s
Sat Oct  3 00:56:49 2026 4308/4980 {'EXC:BrokenProcessPool': 4308} elapsed 1s
Sat Oct  3 00:56:49 2026 4309/4980 {'EXC:BrokenProcessPool': 4309} elapsed 1s
Sat Oct  3 00:56:49 2026 4310/4980 {'EXC:BrokenProcessPool': 4310} elapsed 1s
Sat Oct  3 00:56:49 2026 4311/4980 {'EXC:BrokenProcessPool': 4311} elapsed 1s
Sat Oct  3 00:56:49 2026 4312/4980 {'EXC:BrokenProcessPool': 4312} elapsed 1s
Sat Oct  3 00:56:49 2026 4313/4980 {'EXC:BrokenProcessPool': 4313} elapsed 1s
Sat Oct  3 00:56:49 2026 4314/4980 {'EXC:BrokenProcessPool': 4314} elapsed 1s
Sat Oct  3 00:56:49 2026 4315/4980 {'EXC:BrokenProcessPool': 4315} elapsed 1s
Sat Oct  3 00:56:49 2026 4316/4980 {'EXC:BrokenProcessPool': 4316} elapsed 1s
Sat Oct  3 00:56:49 2026 4317/4980 {'EXC:BrokenProcessPool': 4317} elapsed 1s
Sat Oct  3 00:56:49 2026 4318/4980 {'EXC:BrokenProcessPool': 4318} elapsed 1s
Sat Oct  3 00:56:49 2026 4319/4980 {'EXC:BrokenProcessPool': 4319} elapsed 1s
Sat Oct  3 00:56:49 2026 4320/4980 {'EXC:BrokenProcessPool': 4320} elapsed 1s
Sat Oct  3 00:56:49 2026 4321/4980 {'EXC:BrokenProcessPool': 4321} elapsed 1s
Sat Oct  3 00:56:49 2026 4322/4980 {'EXC:BrokenProcessPool': 4322} elapsed 1s
Sat Oct  3 00:56:49 2026 4323/4980 {'EXC:BrokenProcessPool': 4323} elapsed 1s
Sat Oct  3 00:56:49 2026 4324/4980 {'EXC:BrokenProcessPool': 4324} elapsed 1s
Sat Oct  3 00:56:49 2026 4325/4980 {'EXC:BrokenProcessPool': 4325} elapsed 1s
Sat Oct  3 00:56:49 2026 4326/4980 {'EXC:BrokenProcessPool': 4326} elapsed 1s
Sat Oct  3 00:56:49 2026 4327/4980 {'EXC:BrokenProcessPool': 4327} elapsed 1s
Sat Oct  3 00:56:49 2026 4328/4980 {'EXC:BrokenProcessPool': 4328} elapsed 1s
Sat Oct  3 00:56:49 2026 4329/4980 {'EXC:BrokenProcessPool': 4329} elapsed 1s
Sat Oct  3 00:56:49 2026 4330/4980 {'EXC:BrokenProcessPool': 4330} elapsed 1s
Sat Oct  3 00:56:49 2026 4331/4980 {'EXC:BrokenProcessPool': 4331} elapsed 1s
Sat Oct  3 00:56:49 2026 4332/4980 {'EXC:BrokenProcessPool': 4332} elapsed 1s
Sat Oct  3 00:56:49 2026 4333/4980 {'EXC:BrokenProcessPool': 4333} elapsed 1s
Sat Oct  3 00:56:49 2026 4334/4980 {'EXC:BrokenProcessPool': 4334} elapsed 1s
Sat Oct  3 00:56:49 2026 4335/4980 {'EXC:BrokenProcessPool': 4335} elapsed 1s
Sat Oct  3 00:56:49 2026 4336/4980 {'EXC:BrokenProcessPool': 4336} elapsed 1s
Sat Oct  3 00:56:49 2026 4337/4980 {'EXC:BrokenProcessPool': 4337} elapsed 1s
Sat Oct  3 00:56:49 2026 4338/4980 {'EXC:BrokenProcessPool': 4338} elapsed 1s
Sat Oct  3 00:56:49 2026 4339/4980 {'EXC:BrokenProcessPool': 4339} elapsed 1s
Sat Oct  3 00:56:49 2026 4340/4980 {'EXC:BrokenProcessPool': 4340} elapsed 1s
Sat Oct  3 00:56:49 2026 4341/4980 {'EXC:BrokenProcessPool': 4341} elapsed 1s
Sat Oct  3 00:56:49 2026 4342/4980 {'EXC:BrokenProcessPool': 4342} elapsed 1s
Sat Oct  3 00:56:49 2026 4343/4980 {'EXC:BrokenProcessPool': 4343} elapsed 1s
Sat Oct  3 00:56:49 2026 4344/4980 {'EXC:BrokenProcessPool': 4344} elapsed 1s
Sat Oct  3 00:56:49 2026 4345/4980 {'EXC:BrokenProcessPool': 4345} elapsed 1s
Sat Oct  3 00:56:49 2026 4346/4980 {'EXC:BrokenProcessPool': 4346} elapsed 1s
Sat Oct  3 00:56:49 2026 4347/4980 {'EXC:BrokenProcessPool': 4347} elapsed 1s
Sat Oct  3 00:56:49 2026 4348/4980 {'EXC:BrokenProcessPool': 4348} elapsed 1s
Sat Oct  3 00:56:49 2026 4349/4980 {'EXC:BrokenProcessPool': 4349} elapsed 1s
Sat Oct  3 00:56:49 2026 4350/4980 {'EXC:BrokenProcessPool': 4350} elapsed 1s
Sat Oct  3 00:56:49 2026 4351/4980 {'EXC:BrokenProcessPool': 4351} elapsed 1s
Sat Oct  3 00:56:49 2026 4352/4980 {'EXC:BrokenProcessPool': 4352} elapsed 1s
Sat Oct  3 00:56:49 2026 4353/4980 {'EXC:BrokenProcessPool': 4353} elapsed 1s
Sat Oct  3 00:56:49 2026 4354/4980 {'EXC:BrokenProcessPool': 4354} elapsed 1s
Sat Oct  3 00:56:49 2026 4355/4980 {'EXC:BrokenProcessPool': 4355} elapsed 1s
Sat Oct  3 00:56:49 2026 4356/4980 {'EXC:BrokenProcessPool': 4356} elapsed 1s
Sat Oct  3 00:56:49 2026 4357/4980 {'EXC:BrokenProcessPool': 4357} elapsed 1s
Sat Oct  3 00:56:49 2026 4358/4980 {'EXC:BrokenProcessPool': 4358} elapsed 1s
Sat Oct  3 00:56:49 2026 4359/4980 {'EXC:BrokenProcessPool': 4359} elapsed 1s
Sat Oct  3 00:56:49 2026 4360/4980 {'EXC:BrokenProcessPool': 4360} elapsed 1s
Sat Oct  3 00:56:49 2026 4361/4980 {'EXC:BrokenProcessPool': 4361} elapsed 1s
Sat Oct  3 00:56:49 2026 4362/4980 {'EXC:BrokenProcessPool': 4362} elapsed 1s
Sat Oct  3 00:56:49 2026 4363/4980 {'EXC:BrokenProcessPool': 4363} elapsed 1s
Sat Oct  3 00:56:49 2026 4364/4980 {'EXC:BrokenProcessPool': 4364} elapsed 1s
Sat Oct  3 00:56:49 2026 4365/4980 {'EXC:BrokenProcessPool': 4365} elapsed 1s
Sat Oct  3 00:56:49 2026 4366/4980 {'EXC:BrokenProcessPool': 4366} elapsed 1s
Sat Oct  3 00:56:49 2026 4367/4980 {'EXC:BrokenProcessPool': 4367} elapsed 1s
Sat Oct  3 00:56:49 2026 4368/4980 {'EXC:BrokenProcessPool': 4368} elapsed 1s
Sat Oct  3 00:56:49 2026 4369/4980 {'EXC:BrokenProcessPool': 4369} elapsed 1s
Sat Oct  3 00:56:49 2026 4370/4980 {'EXC:BrokenProcessPool': 4370} elapsed 1s
Sat Oct  3 00:56:49 2026 4371/4980 {'EXC:BrokenProcessPool': 4371} elapsed 1s
Sat Oct  3 00:56:49 2026 4372/4980 {'EXC:BrokenProcessPool': 4372} elapsed 1s
Sat Oct  3 00:56:49 2026 4373/4980 {'EXC:BrokenProcessPool': 4373} elapsed 1s
Sat Oct  3 00:56:49 2026 4374/4980 {'EXC:BrokenProcessPool': 4374} elapsed 1s
Sat Oct  3 00:56:49 2026 4375/4980 {'EXC:BrokenProcessPool': 4375} elapsed 1s
Sat Oct  3 00:56:49 2026 4376/4980 {'EXC:BrokenProcessPool': 4376} elapsed 1s
Sat Oct  3 00:56:49 2026 4377/4980 {'EXC:BrokenProcessPool': 4377} elapsed 1s
Sat Oct  3 00:56:49 2026 4378/4980 {'EXC:BrokenProcessPool': 4378} elapsed 1s
Sat Oct  3 00:56:49 2026 4379/4980 {'EXC:BrokenProcessPool': 4379} elapsed 1s
Sat Oct  3 00:56:49 2026 4380/4980 {'EXC:BrokenProcessPool': 4380} elapsed 1s
Sat Oct  3 00:56:49 2026 4381/4980 {'EXC:BrokenProcessPool': 4381} elapsed 1s
Sat Oct  3 00:56:49 2026 4382/4980 {'EXC:BrokenProcessPool': 4382} elapsed 1s
Sat Oct  3 00:56:49 2026 4383/4980 {'EXC:BrokenProcessPool': 4383} elapsed 1s
Sat Oct  3 00:56:49 2026 4384/4980 {'EXC:BrokenProcessPool': 4384} elapsed 1s
Sat Oct  3 00:56:49 2026 4385/4980 {'EXC:BrokenProcessPool': 4385} elapsed 1s
Sat Oct  3 00:56:49 2026 4386/4980 {'EXC:BrokenProcessPool': 4386} elapsed 1s
Sat Oct  3 00:56:49 2026 4387/4980 {'EXC:BrokenProcessPool': 4387} elapsed 1s
Sat Oct  3 00:56:49 2026 4388/4980 {'EXC:BrokenProcessPool': 4388} elapsed 1s
Sat Oct  3 00:56:49 2026 4389/4980 {'EXC:BrokenProcessPool': 4389} elapsed 1s
Sat Oct  3 00:56:49 2026 4390/4980 {'EXC:BrokenProcessPool': 4390} elapsed 1s
Sat Oct  3 00:56:49 2026 4391/4980 {'EXC:BrokenProcessPool': 4391} elapsed 1s
Sat Oct  3 00:56:49 2026 4392/4980 {'EXC:BrokenProcessPool': 4392} elapsed 1s
Sat Oct  3 00:56:49 2026 4393/4980 {'EXC:BrokenProcessPool': 4393} elapsed 1s
Sat Oct  3 00:56:49 2026 4394/4980 {'EXC:BrokenProcessPool': 4394} elapsed 1s
Sat Oct  3 00:56:49 2026 4395/4980 {'EXC:BrokenProcessPool': 4395} elapsed 1s
Sat Oct  3 00:56:49 2026 4396/4980 {'EXC:BrokenProcessPool': 4396} elapsed 1s
Sat Oct  3 00:56:49 2026 4397/4980 {'EXC:BrokenProcessPool': 4397} elapsed 1s
Sat Oct  3 00:56:49 2026 4398/4980 {'EXC:BrokenProcessPool': 4398} elapsed 1s
Sat Oct  3 00:56:49 2026 4399/4980 {'EXC:BrokenProcessPool': 4399} elapsed 1s
Sat Oct  3 00:56:49 2026 4400/4980 {'EXC:BrokenProcessPool': 4400} elapsed 1s
Sat Oct  3 00:56:49 2026 4401/4980 {'EXC:BrokenProcessPool': 4401} elapsed 1s
Sat Oct  3 00:56:49 2026 4402/4980 {'EXC:BrokenProcessPool': 4402} elapsed 1s
Sat Oct  3 00:56:49 2026 4403/4980 {'EXC:BrokenProcessPool': 4403} elapsed 1s
Sat Oct  3 00:56:49 2026 4404/4980 {'EXC:BrokenProcessPool': 4404} elapsed 1s
Sat Oct  3 00:56:49 2026 4405/4980 {'EXC:BrokenProcessPool': 4405} elapsed 1s
Sat Oct  3 00:56:49 2026 4406/4980 {'EXC:BrokenProcessPool': 4406} elapsed 1s
Sat Oct  3 00:56:49 2026 4407/4980 {'EXC:BrokenProcessPool': 4407} elapsed 1s
Sat Oct  3 00:56:49 2026 4408/4980 {'EXC:BrokenProcessPool': 4408} elapsed 1s
Sat Oct  3 00:56:49 2026 4409/4980 {'EXC:BrokenProcessPool': 4409} elapsed 1s
Sat Oct  3 00:56:49 2026 4410/4980 {'EXC:BrokenProcessPool': 4410} elapsed 1s
Sat Oct  3 00:56:49 2026 4411/4980 {'EXC:BrokenProcessPool': 4411} elapsed 1s
Sat Oct  3 00:56:49 2026 4412/4980 {'EXC:BrokenProcessPool': 4412} elapsed 1s
Sat Oct  3 00:56:49 2026 4413/4980 {'EXC:BrokenProcessPool': 4413} elapsed 1s
Sat Oct  3 00:56:49 2026 4414/4980 {'EXC:BrokenProcessPool': 4414} elapsed 1s
Sat Oct  3 00:56:49 2026 4415/4980 {'EXC:BrokenProcessPool': 4415} elapsed 1s
Sat Oct  3 00:56:49 2026 4416/4980 {'EXC:BrokenProcessPool': 4416} elapsed 1s
Sat Oct  3 00:56:49 2026 4417/4980 {'EXC:BrokenProcessPool': 4417} elapsed 1s
Sat Oct  3 00:56:49 2026 4418/4980 {'EXC:BrokenProcessPool': 4418} elapsed 1s
Sat Oct  3 00:56:49 2026 4419/4980 {'EXC:BrokenProcessPool': 4419} elapsed 1s
Sat Oct  3 00:56:49 2026 4420/4980 {'EXC:BrokenProcessPool': 4420} elapsed 1s
Sat Oct  3 00:56:49 2026 4421/4980 {'EXC:BrokenProcessPool': 4421} elapsed 1s
Sat Oct  3 00:56:49 2026 4422/4980 {'EXC:BrokenProcessPool': 4422} elapsed 1s
Sat Oct  3 00:56:49 2026 4423/4980 {'EXC:BrokenProcessPool': 4423} elapsed 1s
Sat Oct  3 00:56:49 2026 4424/4980 {'EXC:BrokenProcessPool': 4424} elapsed 1s
Sat Oct  3 00:56:49 2026 4425/4980 {'EXC:BrokenProcessPool': 4425} elapsed 1s
Sat Oct  3 00:56:49 2026 4426/4980 {'EXC:BrokenProcessPool': 4426} elapsed 1s
Sat Oct  3 00:56:49 2026 4427/4980 {'EXC:BrokenProcessPool': 4427} elapsed 1s
Sat Oct  3 00:56:49 2026 4428/4980 {'EXC:BrokenProcessPool': 4428} elapsed 1s
Sat Oct  3 00:56:49 2026 4429/4980 {'EXC:BrokenProcessPool': 4429} elapsed 1s
Sat Oct  3 00:56:49 2026 4430/4980 {'EXC:BrokenProcessPool': 4430} elapsed 1s
Sat Oct  3 00:56:49 2026 4431/4980 {'EXC:BrokenProcessPool': 4431} elapsed 1s
Sat Oct  3 00:56:49 2026 4432/4980 {'EXC:BrokenProcessPool': 4432} elapsed 1s
Sat Oct  3 00:56:49 2026 4433/4980 {'EXC:BrokenProcessPool': 4433} elapsed 1s
Sat Oct  3 00:56:49 2026 4434/4980 {'EXC:BrokenProcessPool': 4434} elapsed 1s
Sat Oct  3 00:56:49 2026 4435/4980 {'EXC:BrokenProcessPool': 4435} elapsed 1s
Sat Oct  3 00:56:49 2026 4436/4980 {'EXC:BrokenProcessPool': 4436} elapsed 1s
Sat Oct  3 00:56:49 2026 4437/4980 {'EXC:BrokenProcessPool': 4437} elapsed 1s
Sat Oct  3 00:56:49 2026 4438/4980 {'EXC:BrokenProcessPool': 4438} elapsed 1s
Sat Oct  3 00:56:49 2026 4439/4980 {'EXC:BrokenProcessPool': 4439} elapsed 1s
Sat Oct  3 00:56:49 2026 4440/4980 {'EXC:BrokenProcessPool': 4440} elapsed 1s
Sat Oct  3 00:56:49 2026 4441/4980 {'EXC:BrokenProcessPool': 4441} elapsed 1s
Sat Oct  3 00:56:49 2026 4442/4980 {'EXC:BrokenProcessPool': 4442} elapsed 1s
Sat Oct  3 00:56:49 2026 4443/4980 {'EXC:BrokenProcessPool': 4443} elapsed 1s
Sat Oct  3 00:56:49 2026 4444/4980 {'EXC:BrokenProcessPool': 4444} elapsed 1s
Sat Oct  3 00:56:49 2026 4445/4980 {'EXC:BrokenProcessPool': 4445} elapsed 1s
Sat Oct  3 00:56:49 2026 4446/4980 {'EXC:BrokenProcessPool': 4446} elapsed 1s
Sat Oct  3 00:56:49 2026 4447/4980 {'EXC:BrokenProcessPool': 4447} elapsed 1s
Sat Oct  3 00:56:49 2026 4448/4980 {'EXC:BrokenProcessPool': 4448} elapsed 1s
Sat Oct  3 00:56:49 2026 4449/4980 {'EXC:BrokenProcessPool': 4449} elapsed 1s
Sat Oct  3 00:56:49 2026 4450/4980 {'EXC:BrokenProcessPool': 4450} elapsed 1s
Sat Oct  3 00:56:49 2026 4451/4980 {'EXC:BrokenProcessPool': 4451} elapsed 1s
Sat Oct  3 00:56:49 2026 4452/4980 {'EXC:BrokenProcessPool': 4452} elapsed 1s
Sat Oct  3 00:56:49 2026 4453/4980 {'EXC:BrokenProcessPool': 4453} elapsed 1s
Sat Oct  3 00:56:49 2026 4454/4980 {'EXC:BrokenProcessPool': 4454} elapsed 1s
Sat Oct  3 00:56:49 2026 4455/4980 {'EXC:BrokenProcessPool': 4455} elapsed 1s
Sat Oct  3 00:56:49 2026 4456/4980 {'EXC:BrokenProcessPool': 4456} elapsed 1s
Sat Oct  3 00:56:49 2026 4457/4980 {'EXC:BrokenProcessPool': 4457} elapsed 1s
Sat Oct  3 00:56:49 2026 4458/4980 {'EXC:BrokenProcessPool': 4458} elapsed 1s
Sat Oct  3 00:56:49 2026 4459/4980 {'EXC:BrokenProcessPool': 4459} elapsed 1s
Sat Oct  3 00:56:49 2026 4460/4980 {'EXC:BrokenProcessPool': 4460} elapsed 1s
Sat Oct  3 00:56:49 2026 4461/4980 {'EXC:BrokenProcessPool': 4461} elapsed 1s
Sat Oct  3 00:56:49 2026 4462/4980 {'EXC:BrokenProcessPool': 4462} elapsed 1s
Sat Oct  3 00:56:49 2026 4463/4980 {'EXC:BrokenProcessPool': 4463} elapsed 1s
Sat Oct  3 00:56:49 2026 4464/4980 {'EXC:BrokenProcessPool': 4464} elapsed 1s
Sat Oct  3 00:56:49 2026 4465/4980 {'EXC:BrokenProcessPool': 4465} elapsed 1s
Sat Oct  3 00:56:49 2026 4466/4980 {'EXC:BrokenProcessPool': 4466} elapsed 1s
Sat Oct  3 00:56:49 2026 4467/4980 {'EXC:BrokenProcessPool': 4467} elapsed 1s
Sat Oct  3 00:56:49 2026 4468/4980 {'EXC:BrokenProcessPool': 4468} elapsed 1s
Sat Oct  3 00:56:49 2026 4469/4980 {'EXC:BrokenProcessPool': 4469} elapsed 1s
Sat Oct  3 00:56:49 2026 4470/4980 {'EXC:BrokenProcessPool': 4470} elapsed 1s
Sat Oct  3 00:56:49 2026 4471/4980 {'EXC:BrokenProcessPool': 4471} elapsed 1s
Sat Oct  3 00:56:49 2026 4472/4980 {'EXC:BrokenProcessPool': 4472} elapsed 1s
Sat Oct  3 00:56:49 2026 4473/4980 {'EXC:BrokenProcessPool': 4473} elapsed 1s
Sat Oct  3 00:56:49 2026 4474/4980 {'EXC:BrokenProcessPool': 4474} elapsed 1s
Sat Oct  3 00:56:49 2026 4475/4980 {'EXC:BrokenProcessPool': 4475} elapsed 1s
Sat Oct  3 00:56:49 2026 4476/4980 {'EXC:BrokenProcessPool': 4476} elapsed 1s
Sat Oct  3 00:56:49 2026 4477/4980 {'EXC:BrokenProcessPool': 4477} elapsed 1s
Sat Oct  3 00:56:49 2026 4478/4980 {'EXC:BrokenProcessPool': 4478} elapsed 1s
Sat Oct  3 00:56:49 2026 4479/4980 {'EXC:BrokenProcessPool': 4479} elapsed 1s
Sat Oct  3 00:56:49 2026 4480/4980 {'EXC:BrokenProcessPool': 4480} elapsed 1s
Sat Oct  3 00:56:49 2026 4481/4980 {'EXC:BrokenProcessPool': 4481} elapsed 1s
Sat Oct  3 00:56:49 2026 4482/4980 {'EXC:BrokenProcessPool': 4482} elapsed 1s
Sat Oct  3 00:56:49 2026 4483/4980 {'EXC:BrokenProcessPool': 4483} elapsed 1s
Sat Oct  3 00:56:49 2026 4484/4980 {'EXC:BrokenProcessPool': 4484} elapsed 1s
Sat Oct  3 00:56:49 2026 4485/4980 {'EXC:BrokenProcessPool': 4485} elapsed 1s
Sat Oct  3 00:56:49 2026 4486/4980 {'EXC:BrokenProcessPool': 4486} elapsed 1s
Sat Oct  3 00:56:49 2026 4487/4980 {'EXC:BrokenProcessPool': 4487} elapsed 1s
Sat Oct  3 00:56:49 2026 4488/4980 {'EXC:BrokenProcessPool': 4488} elapsed 1s
Sat Oct  3 00:56:49 2026 4489/4980 {'EXC:BrokenProcessPool': 4489} elapsed 1s
Sat Oct  3 00:56:49 2026 4490/4980 {'EXC:BrokenProcessPool': 4490} elapsed 1s
Sat Oct  3 00:56:49 2026 4491/4980 {'EXC:BrokenProcessPool': 4491} elapsed 1s
Sat Oct  3 00:56:49 2026 4492/4980 {'EXC:BrokenProcessPool': 4492} elapsed 1s
Sat Oct  3 00:56:49 2026 4493/4980 {'EXC:BrokenProcessPool': 4493} elapsed 1s
Sat Oct  3 00:56:49 2026 4494/4980 {'EXC:BrokenProcessPool': 4494} elapsed 1s
Sat Oct  3 00:56:49 2026 4495/4980 {'EXC:BrokenProcessPool': 4495} elapsed 1s
Sat Oct  3 00:56:49 2026 4496/4980 {'EXC:BrokenProcessPool': 4496} elapsed 1s
Sat Oct  3 00:56:49 2026 4497/4980 {'EXC:BrokenProcessPool': 4497} elapsed 1s
Sat Oct  3 00:56:49 2026 4498/4980 {'EXC:BrokenProcessPool': 4498} elapsed 1s
Sat Oct  3 00:56:49 2026 4499/4980 {'EXC:BrokenProcessPool': 4499} elapsed 1s
Sat Oct  3 00:56:49 2026 4500/4980 {'EXC:BrokenProcessPool': 4500} elapsed 1s
Sat Oct  3 00:56:49 2026 4501/4980 {'EXC:BrokenProcessPool': 4501} elapsed 1s
Sat Oct  3 00:56:49 2026 4502/4980 {'EXC:BrokenProcessPool': 4502} elapsed 1s
Sat Oct  3 00:56:49 2026 4503/4980 {'EXC:BrokenProcessPool': 4503} elapsed 1s
Sat Oct  3 00:56:49 2026 4504/4980 {'EXC:BrokenProcessPool': 4504} elapsed 1s
Sat Oct  3 00:56:49 2026 4505/4980 {'EXC:BrokenProcessPool': 4505} elapsed 1s
Sat Oct  3 00:56:49 2026 4506/4980 {'EXC:BrokenProcessPool': 4506} elapsed 1s
Sat Oct  3 00:56:49 2026 4507/4980 {'EXC:BrokenProcessPool': 4507} elapsed 1s
Sat Oct  3 00:56:49 2026 4508/4980 {'EXC:BrokenProcessPool': 4508} elapsed 1s
Sat Oct  3 00:56:49 2026 4509/4980 {'EXC:BrokenProcessPool': 4509} elapsed 1s
Sat Oct  3 00:56:49 2026 4510/4980 {'EXC:BrokenProcessPool': 4510} elapsed 1s
Sat Oct  3 00:56:49 2026 4511/4980 {'EXC:BrokenProcessPool': 4511} elapsed 1s
Sat Oct  3 00:56:49 2026 4512/4980 {'EXC:BrokenProcessPool': 4512} elapsed 1s
Sat Oct  3 00:56:49 2026 4513/4980 {'EXC:BrokenProcessPool': 4513} elapsed 1s
Sat Oct  3 00:56:49 2026 4514/4980 {'EXC:BrokenProcessPool': 4514} elapsed 1s
Sat Oct  3 00:56:49 2026 4515/4980 {'EXC:BrokenProcessPool': 4515} elapsed 1s
Sat Oct  3 00:56:49 2026 4516/4980 {'EXC:BrokenProcessPool': 4516} elapsed 1s
Sat Oct  3 00:56:49 2026 4517/4980 {'EXC:BrokenProcessPool': 4517} elapsed 1s
Sat Oct  3 00:56:49 2026 4518/4980 {'EXC:BrokenProcessPool': 4518} elapsed 1s
Sat Oct  3 00:56:49 2026 4519/4980 {'EXC:BrokenProcessPool': 4519} elapsed 1s
Sat Oct  3 00:56:49 2026 4520/4980 {'EXC:BrokenProcessPool': 4520} elapsed 1s
Sat Oct  3 00:56:49 2026 4521/4980 {'EXC:BrokenProcessPool': 4521} elapsed 1s
Sat Oct  3 00:56:49 2026 4522/4980 {'EXC:BrokenProcessPool': 4522} elapsed 1s
Sat Oct  3 00:56:49 2026 4523/4980 {'EXC:BrokenProcessPool': 4523} elapsed 1s
Sat Oct  3 00:56:49 2026 4524/4980 {'EXC:BrokenProcessPool': 4524} elapsed 1s
Sat Oct  3 00:56:49 2026 4525/4980 {'EXC:BrokenProcessPool': 4525} elapsed 1s
Sat Oct  3 00:56:49 2026 4526/4980 {'EXC:BrokenProcessPool': 4526} elapsed 1s
Sat Oct  3 00:56:49 2026 4527/4980 {'EXC:BrokenProcessPool': 4527} elapsed 1s
Sat Oct  3 00:56:49 2026 4528/4980 {'EXC:BrokenProcessPool': 4528} elapsed 1s
Sat Oct  3 00:56:49 2026 4529/4980 {'EXC:BrokenProcessPool': 4529} elapsed 1s
Sat Oct  3 00:56:49 2026 4530/4980 {'EXC:BrokenProcessPool': 4530} elapsed 1s
Sat Oct  3 00:56:49 2026 4531/4980 {'EXC:BrokenProcessPool': 4531} elapsed 1s
Sat Oct  3 00:56:49 2026 4532/4980 {'EXC:BrokenProcessPool': 4532} elapsed 1s
Sat Oct  3 00:56:49 2026 4533/4980 {'EXC:BrokenProcessPool': 4533} elapsed 1s
Sat Oct  3 00:56:49 2026 4534/4980 {'EXC:BrokenProcessPool': 4534} elapsed 1s
Sat Oct  3 00:56:49 2026 4535/4980 {'EXC:BrokenProcessPool': 4535} elapsed 1s
Sat Oct  3 00:56:49 2026 4536/4980 {'EXC:BrokenProcessPool': 4536} elapsed 1s
Sat Oct  3 00:56:49 2026 4537/4980 {'EXC:BrokenProcessPool': 4537} elapsed 1s
Sat Oct  3 00:56:49 2026 4538/4980 {'EXC:BrokenProcessPool': 4538} elapsed 1s
Sat Oct  3 00:56:49 2026 4539/4980 {'EXC:BrokenProcessPool': 4539} elapsed 1s
Sat Oct  3 00:56:49 2026 4540/4980 {'EXC:BrokenProcessPool': 4540} elapsed 1s
Sat Oct  3 00:56:49 2026 4541/4980 {'EXC:BrokenProcessPool': 4541} elapsed 1s
Sat Oct  3 00:56:49 2026 4542/4980 {'EXC:BrokenProcessPool': 4542} elapsed 1s
Sat Oct  3 00:56:49 2026 4543/4980 {'EXC:BrokenProcessPool': 4543} elapsed 1s
Sat Oct  3 00:56:49 2026 4544/4980 {'EXC:BrokenProcessPool': 4544} elapsed 1s
Sat Oct  3 00:56:49 2026 4545/4980 {'EXC:BrokenProcessPool': 4545} elapsed 1s
Sat Oct  3 00:56:49 2026 4546/4980 {'EXC:BrokenProcessPool': 4546} elapsed 1s
Sat Oct  3 00:56:49 2026 4547/4980 {'EXC:BrokenProcessPool': 4547} elapsed 1s
Sat Oct  3 00:56:49 2026 4548/4980 {'EXC:BrokenProcessPool': 4548} elapsed 1s
Sat Oct  3 00:56:49 2026 4549/4980 {'EXC:BrokenProcessPool': 4549} elapsed 1s
Sat Oct  3 00:56:49 2026 4550/4980 {'EXC:BrokenProcessPool': 4550} elapsed 1s
Sat Oct  3 00:56:49 2026 4551/4980 {'EXC:BrokenProcessPool': 4551} elapsed 1s
Sat Oct  3 00:56:49 2026 4552/4980 {'EXC:BrokenProcessPool': 4552} elapsed 1s
Sat Oct  3 00:56:49 2026 4553/4980 {'EXC:BrokenProcessPool': 4553} elapsed 1s
Sat Oct  3 00:56:49 2026 4554/4980 {'EXC:BrokenProcessPool': 4554} elapsed 1s
Sat Oct  3 00:56:49 2026 4555/4980 {'EXC:BrokenProcessPool': 4555} elapsed 1s
Sat Oct  3 00:56:49 2026 4556/4980 {'EXC:BrokenProcessPool': 4556} elapsed 1s
Sat Oct  3 00:56:49 2026 4557/4980 {'EXC:BrokenProcessPool': 4557} elapsed 1s
Sat Oct  3 00:56:49 2026 4558/4980 {'EXC:BrokenProcessPool': 4558} elapsed 1s
Sat Oct  3 00:56:49 2026 4559/4980 {'EXC:BrokenProcessPool': 4559} elapsed 1s
Sat Oct  3 00:56:49 2026 4560/4980 {'EXC:BrokenProcessPool': 4560} elapsed 1s
Sat Oct  3 00:56:49 2026 4561/4980 {'EXC:BrokenProcessPool': 4561} elapsed 1s
Sat Oct  3 00:56:49 2026 4562/4980 {'EXC:BrokenProcessPool': 4562} elapsed 1s
Sat Oct  3 00:56:49 2026 4563/4980 {'EXC:BrokenProcessPool': 4563} elapsed 1s
Sat Oct  3 00:56:49 2026 4564/4980 {'EXC:BrokenProcessPool': 4564} elapsed 1s
Sat Oct  3 00:56:49 2026 4565/4980 {'EXC:BrokenProcessPool': 4565} elapsed 1s
Sat Oct  3 00:56:49 2026 4566/4980 {'EXC:BrokenProcessPool': 4566} elapsed 1s
Sat Oct  3 00:56:49 2026 4567/4980 {'EXC:BrokenProcessPool': 4567} elapsed 1s
Sat Oct  3 00:56:49 2026 4568/4980 {'EXC:BrokenProcessPool': 4568} elapsed 1s
Sat Oct  3 00:56:49 2026 4569/4980 {'EXC:BrokenProcessPool': 4569} elapsed 1s
Sat Oct  3 00:56:49 2026 4570/4980 {'EXC:BrokenProcessPool': 4570} elapsed 1s
Sat Oct  3 00:56:49 2026 4571/4980 {'EXC:BrokenProcessPool': 4571} elapsed 1s
Sat Oct  3 00:56:49 2026 4572/4980 {'EXC:BrokenProcessPool': 4572} elapsed 1s
Sat Oct  3 00:56:49 2026 4573/4980 {'EXC:BrokenProcessPool': 4573} elapsed 1s
Sat Oct  3 00:56:49 2026 4574/4980 {'EXC:BrokenProcessPool': 4574} elapsed 1s
Sat Oct  3 00:56:49 2026 4575/4980 {'EXC:BrokenProcessPool': 4575} elapsed 1s
Sat Oct  3 00:56:49 2026 4576/4980 {'EXC:BrokenProcessPool': 4576} elapsed 1s
Sat Oct  3 00:56:49 2026 4577/4980 {'EXC:BrokenProcessPool': 4577} elapsed 1s
Sat Oct  3 00:56:49 2026 4578/4980 {'EXC:BrokenProcessPool': 4578} elapsed 1s
Sat Oct  3 00:56:49 2026 4579/4980 {'EXC:BrokenProcessPool': 4579} elapsed 1s
Sat Oct  3 00:56:49 2026 4580/4980 {'EXC:BrokenProcessPool': 4580} elapsed 1s
Sat Oct  3 00:56:49 2026 4581/4980 {'EXC:BrokenProcessPool': 4581} elapsed 1s
Sat Oct  3 00:56:49 2026 4582/4980 {'EXC:BrokenProcessPool': 4582} elapsed 1s
Sat Oct  3 00:56:49 2026 4583/4980 {'EXC:BrokenProcessPool': 4583} elapsed 1s
Sat Oct  3 00:56:49 2026 4584/4980 {'EXC:BrokenProcessPool': 4584} elapsed 1s
Sat Oct  3 00:56:49 2026 4585/4980 {'EXC:BrokenProcessPool': 4585} elapsed 1s
Sat Oct  3 00:56:49 2026 4586/4980 {'EXC:BrokenProcessPool': 4586} elapsed 1s
Sat Oct  3 00:56:49 2026 4587/4980 {'EXC:BrokenProcessPool': 4587} elapsed 1s
Sat Oct  3 00:56:49 2026 4588/4980 {'EXC:BrokenProcessPool': 4588} elapsed 1s
Sat Oct  3 00:56:49 2026 4589/4980 {'EXC:BrokenProcessPool': 4589} elapsed 1s
Sat Oct  3 00:56:49 2026 4590/4980 {'EXC:BrokenProcessPool': 4590} elapsed 1s
Sat Oct  3 00:56:49 2026 4591/4980 {'EXC:BrokenProcessPool': 4591} elapsed 1s
Sat Oct  3 00:56:49 2026 4592/4980 {'EXC:BrokenProcessPool': 4592} elapsed 1s
Sat Oct  3 00:56:49 2026 4593/4980 {'EXC:BrokenProcessPool': 4593} elapsed 1s
Sat Oct  3 00:56:49 2026 4594/4980 {'EXC:BrokenProcessPool': 4594} elapsed 1s
Sat Oct  3 00:56:49 2026 4595/4980 {'EXC:BrokenProcessPool': 4595} elapsed 1s
Sat Oct  3 00:56:49 2026 4596/4980 {'EXC:BrokenProcessPool': 4596} elapsed 1s
Sat Oct  3 00:56:49 2026 4597/4980 {'EXC:BrokenProcessPool': 4597} elapsed 1s
Sat Oct  3 00:56:49 2026 4598/4980 {'EXC:BrokenProcessPool': 4598} elapsed 1s
Sat Oct  3 00:56:49 2026 4599/4980 {'EXC:BrokenProcessPool': 4599} elapsed 1s
Sat Oct  3 00:56:49 2026 4600/4980 {'EXC:BrokenProcessPool': 4600} elapsed 1s
Sat Oct  3 00:56:49 2026 4601/4980 {'EXC:BrokenProcessPool': 4601} elapsed 1s
Sat Oct  3 00:56:49 2026 4602/4980 {'EXC:BrokenProcessPool': 4602} elapsed 1s
Sat Oct  3 00:56:49 2026 4603/4980 {'EXC:BrokenProcessPool': 4603} elapsed 1s
Sat Oct  3 00:56:49 2026 4604/4980 {'EXC:BrokenProcessPool': 4604} elapsed 1s
Sat Oct  3 00:56:49 2026 4605/4980 {'EXC:BrokenProcessPool': 4605} elapsed 1s
Sat Oct  3 00:56:49 2026 4606/4980 {'EXC:BrokenProcessPool': 4606} elapsed 1s
Sat Oct  3 00:56:49 2026 4607/4980 {'EXC:BrokenProcessPool': 4607} elapsed 1s
Sat Oct  3 00:56:49 2026 4608/4980 {'EXC:BrokenProcessPool': 4608} elapsed 1s
Sat Oct  3 00:56:49 2026 4609/4980 {'EXC:BrokenProcessPool': 4609} elapsed 1s
Sat Oct  3 00:56:49 2026 4610/4980 {'EXC:BrokenProcessPool': 4610} elapsed 1s
Sat Oct  3 00:56:49 2026 4611/4980 {'EXC:BrokenProcessPool': 4611} elapsed 1s
Sat Oct  3 00:56:49 2026 4612/4980 {'EXC:BrokenProcessPool': 4612} elapsed 1s
Sat Oct  3 00:56:49 2026 4613/4980 {'EXC:BrokenProcessPool': 4613} elapsed 1s
Sat Oct  3 00:56:49 2026 4614/4980 {'EXC:BrokenProcessPool': 4614} elapsed 1s
Sat Oct  3 00:56:49 2026 4615/4980 {'EXC:BrokenProcessPool': 4615} elapsed 1s
Sat Oct  3 00:56:49 2026 4616/4980 {'EXC:BrokenProcessPool': 4616} elapsed 1s
Sat Oct  3 00:56:49 2026 4617/4980 {'EXC:BrokenProcessPool': 4617} elapsed 1s
Sat Oct  3 00:56:49 2026 4618/4980 {'EXC:BrokenProcessPool': 4618} elapsed 1s
Sat Oct  3 00:56:49 2026 4619/4980 {'EXC:BrokenProcessPool': 4619} elapsed 1s
Sat Oct  3 00:56:49 2026 4620/4980 {'EXC:BrokenProcessPool': 4620} elapsed 1s
Sat Oct  3 00:56:49 2026 4621/4980 {'EXC:BrokenProcessPool': 4621} elapsed 1s
Sat Oct  3 00:56:49 2026 4622/4980 {'EXC:BrokenProcessPool': 4622} elapsed 1s
Sat Oct  3 00:56:49 2026 4623/4980 {'EXC:BrokenProcessPool': 4623} elapsed 1s
Sat Oct  3 00:56:49 2026 4624/4980 {'EXC:BrokenProcessPool': 4624} elapsed 1s
Sat Oct  3 00:56:49 2026 4625/4980 {'EXC:BrokenProcessPool': 4625} elapsed 1s
Sat Oct  3 00:56:49 2026 4626/4980 {'EXC:BrokenProcessPool': 4626} elapsed 1s
Sat Oct  3 00:56:49 2026 4627/4980 {'EXC:BrokenProcessPool': 4627} elapsed 1s
Sat Oct  3 00:56:49 2026 4628/4980 {'EXC:BrokenProcessPool': 4628} elapsed 1s
Sat Oct  3 00:56:49 2026 4629/4980 {'EXC:BrokenProcessPool': 4629} elapsed 1s
Sat Oct  3 00:56:49 2026 4630/4980 {'EXC:BrokenProcessPool': 4630} elapsed 1s
Sat Oct  3 00:56:49 2026 4631/4980 {'EXC:BrokenProcessPool': 4631} elapsed 1s
Sat Oct  3 00:56:49 2026 4632/4980 {'EXC:BrokenProcessPool': 4632} elapsed 1s
Sat Oct  3 00:56:49 2026 4633/4980 {'EXC:BrokenProcessPool': 4633} elapsed 1s
Sat Oct  3 00:56:49 2026 4634/4980 {'EXC:BrokenProcessPool': 4634} elapsed 1s
Sat Oct  3 00:56:49 2026 4635/4980 {'EXC:BrokenProcessPool': 4635} elapsed 1s
Sat Oct  3 00:56:49 2026 4636/4980 {'EXC:BrokenProcessPool': 4636} elapsed 1s
Sat Oct  3 00:56:49 2026 4637/4980 {'EXC:BrokenProcessPool': 4637} elapsed 1s
Sat Oct  3 00:56:49 2026 4638/4980 {'EXC:BrokenProcessPool': 4638} elapsed 1s
Sat Oct  3 00:56:49 2026 4639/4980 {'EXC:BrokenProcessPool': 4639} elapsed 1s
Sat Oct  3 00:56:49 2026 4640/4980 {'EXC:BrokenProcessPool': 4640} elapsed 1s
Sat Oct  3 00:56:49 2026 4641/4980 {'EXC:BrokenProcessPool': 4641} elapsed 1s
Sat Oct  3 00:56:49 2026 4642/4980 {'EXC:BrokenProcessPool': 4642} elapsed 1s
Sat Oct  3 00:56:49 2026 4643/4980 {'EXC:BrokenProcessPool': 4643} elapsed 1s
Sat Oct  3 00:56:49 2026 4644/4980 {'EXC:BrokenProcessPool': 4644} elapsed 1s
Sat Oct  3 00:56:49 2026 4645/4980 {'EXC:BrokenProcessPool': 4645} elapsed 1s
Sat Oct  3 00:56:49 2026 4646/4980 {'EXC:BrokenProcessPool': 4646} elapsed 1s
Sat Oct  3 00:56:49 2026 4647/4980 {'EXC:BrokenProcessPool': 4647} elapsed 1s
Sat Oct  3 00:56:49 2026 4648/4980 {'EXC:BrokenProcessPool': 4648} elapsed 1s
Sat Oct  3 00:56:49 2026 4649/4980 {'EXC:BrokenProcessPool': 4649} elapsed 1s
Sat Oct  3 00:56:49 2026 4650/4980 {'EXC:BrokenProcessPool': 4650} elapsed 1s
Sat Oct  3 00:56:49 2026 4651/4980 {'EXC:BrokenProcessPool': 4651} elapsed 1s
Sat Oct  3 00:56:49 2026 4652/4980 {'EXC:BrokenProcessPool': 4652} elapsed 1s
Sat Oct  3 00:56:49 2026 4653/4980 {'EXC:BrokenProcessPool': 4653} elapsed 1s
Sat Oct  3 00:56:49 2026 4654/4980 {'EXC:BrokenProcessPool': 4654} elapsed 1s
Sat Oct  3 00:56:49 2026 4655/4980 {'EXC:BrokenProcessPool': 4655} elapsed 1s
Sat Oct  3 00:56:49 2026 4656/4980 {'EXC:BrokenProcessPool': 4656} elapsed 1s
Sat Oct  3 00:56:49 2026 4657/4980 {'EXC:BrokenProcessPool': 4657} elapsed 1s
Sat Oct  3 00:56:49 2026 4658/4980 {'EXC:BrokenProcessPool': 4658} elapsed 1s
Sat Oct  3 00:56:49 2026 4659/4980 {'EXC:BrokenProcessPool': 4659} elapsed 1s
Sat Oct  3 00:56:49 2026 4660/4980 {'EXC:BrokenProcessPool': 4660} elapsed 1s
Sat Oct  3 00:56:49 2026 4661/4980 {'EXC:BrokenProcessPool': 4661} elapsed 1s
Sat Oct  3 00:56:49 2026 4662/4980 {'EXC:BrokenProcessPool': 4662} elapsed 1s
Sat Oct  3 00:56:49 2026 4663/4980 {'EXC:BrokenProcessPool': 4663} elapsed 1s
Sat Oct  3 00:56:49 2026 4664/4980 {'EXC:BrokenProcessPool': 4664} elapsed 1s
Sat Oct  3 00:56:49 2026 4665/4980 {'EXC:BrokenProcessPool': 4665} elapsed 1s
Sat Oct  3 00:56:49 2026 4666/4980 {'EXC:BrokenProcessPool': 4666} elapsed 1s
Sat Oct  3 00:56:49 2026 4667/4980 {'EXC:BrokenProcessPool': 4667} elapsed 1s
Sat Oct  3 00:56:49 2026 4668/4980 {'EXC:BrokenProcessPool': 4668} elapsed 1s
Sat Oct  3 00:56:49 2026 4669/4980 {'EXC:BrokenProcessPool': 4669} elapsed 1s
Sat Oct  3 00:56:49 2026 4670/4980 {'EXC:BrokenProcessPool': 4670} elapsed 1s
Sat Oct  3 00:56:49 2026 4671/4980 {'EXC:BrokenProcessPool': 4671} elapsed 1s
Sat Oct  3 00:56:49 2026 4672/4980 {'EXC:BrokenProcessPool': 4672} elapsed 1s
Sat Oct  3 00:56:49 2026 4673/4980 {'EXC:BrokenProcessPool': 4673} elapsed 1s
Sat Oct  3 00:56:49 2026 4674/4980 {'EXC:BrokenProcessPool': 4674} elapsed 1s
Sat Oct  3 00:56:49 2026 4675/4980 {'EXC:BrokenProcessPool': 4675} elapsed 1s
Sat Oct  3 00:56:49 2026 4676/4980 {'EXC:BrokenProcessPool': 4676} elapsed 1s
Sat Oct  3 00:56:49 2026 4677/4980 {'EXC:BrokenProcessPool': 4677} elapsed 1s
Sat Oct  3 00:56:49 2026 4678/4980 {'EXC:BrokenProcessPool': 4678} elapsed 1s
Sat Oct  3 00:56:49 2026 4679/4980 {'EXC:BrokenProcessPool': 4679} elapsed 1s
Sat Oct  3 00:56:49 2026 4680/4980 {'EXC:BrokenProcessPool': 4680} elapsed 1s
Sat Oct  3 00:56:49 2026 4681/4980 {'EXC:BrokenProcessPool': 4681} elapsed 1s
Sat Oct  3 00:56:49 2026 4682/4980 {'EXC:BrokenProcessPool': 4682} elapsed 1s
Sat Oct  3 00:56:49 2026 4683/4980 {'EXC:BrokenProcessPool': 4683} elapsed 1s
Sat Oct  3 00:56:49 2026 4684/4980 {'EXC:BrokenProcessPool': 4684} elapsed 1s
Sat Oct  3 00:56:49 2026 4685/4980 {'EXC:BrokenProcessPool': 4685} elapsed 1s
Sat Oct  3 00:56:49 2026 4686/4980 {'EXC:BrokenProcessPool': 4686} elapsed 1s
Sat Oct  3 00:56:49 2026 4687/4980 {'EXC:BrokenProcessPool': 4687} elapsed 1s
Sat Oct  3 00:56:49 2026 4688/4980 {'EXC:BrokenProcessPool': 4688} elapsed 1s
Sat Oct  3 00:56:49 2026 4689/4980 {'EXC:BrokenProcessPool': 4689} elapsed 1s
Sat Oct  3 00:56:49 2026 4690/4980 {'EXC:BrokenProcessPool': 4690} elapsed 1s
Sat Oct  3 00:56:49 2026 4691/4980 {'EXC:BrokenProcessPool': 4691} elapsed 1s
Sat Oct  3 00:56:49 2026 4692/4980 {'EXC:BrokenProcessPool': 4692} elapsed 1s
Sat Oct  3 00:56:49 2026 4693/4980 {'EXC:BrokenProcessPool': 4693} elapsed 1s
Sat Oct  3 00:56:49 2026 4694/4980 {'EXC:BrokenProcessPool': 4694} elapsed 1s
Sat Oct  3 00:56:49 2026 4695/4980 {'EXC:BrokenProcessPool': 4695} elapsed 1s
Sat Oct  3 00:56:49 2026 4696/4980 {'EXC:BrokenProcessPool': 4696} elapsed 1s
Sat Oct  3 00:56:49 2026 4697/4980 {'EXC:BrokenProcessPool': 4697} elapsed 1s
Sat Oct  3 00:56:49 2026 4698/4980 {'EXC:BrokenProcessPool': 4698} elapsed 1s
Sat Oct  3 00:56:49 2026 4699/4980 {'EXC:BrokenProcessPool': 4699} elapsed 1s
Sat Oct  3 00:56:49 2026 4700/4980 {'EXC:BrokenProcessPool': 4700} elapsed 1s
Sat Oct  3 00:56:49 2026 4701/4980 {'EXC:BrokenProcessPool': 4701} elapsed 1s
Sat Oct  3 00:56:49 2026 4702/4980 {'EXC:BrokenProcessPool': 4702} elapsed 1s
Sat Oct  3 00:56:49 2026 4703/4980 {'EXC:BrokenProcessPool': 4703} elapsed 1s
Sat Oct  3 00:56:49 2026 4704/4980 {'EXC:BrokenProcessPool': 4704} elapsed 1s
Sat Oct  3 00:56:49 2026 4705/4980 {'EXC:BrokenProcessPool': 4705} elapsed 1s
Sat Oct  3 00:56:49 2026 4706/4980 {'EXC:BrokenProcessPool': 4706} elapsed 1s
Sat Oct  3 00:56:49 2026 4707/4980 {'EXC:BrokenProcessPool': 4707} elapsed 1s
Sat Oct  3 00:56:49 2026 4708/4980 {'EXC:BrokenProcessPool': 4708} elapsed 1s
Sat Oct  3 00:56:49 2026 4709/4980 {'EXC:BrokenProcessPool': 4709} elapsed 1s
Sat Oct  3 00:56:49 2026 4710/4980 {'EXC:BrokenProcessPool': 4710} elapsed 1s
Sat Oct  3 00:56:49 2026 4711/4980 {'EXC:BrokenProcessPool': 4711} elapsed 1s
Sat Oct  3 00:56:49 2026 4712/4980 {'EXC:BrokenProcessPool': 4712} elapsed 1s
Sat Oct  3 00:56:49 2026 4713/4980 {'EXC:BrokenProcessPool': 4713} elapsed 1s
Sat Oct  3 00:56:49 2026 4714/4980 {'EXC:BrokenProcessPool': 4714} elapsed 1s
Sat Oct  3 00:56:49 2026 4715/4980 {'EXC:BrokenProcessPool': 4715} elapsed 1s
Sat Oct  3 00:56:49 2026 4716/4980 {'EXC:BrokenProcessPool': 4716} elapsed 1s
Sat Oct  3 00:56:49 2026 4717/4980 {'EXC:BrokenProcessPool': 4717} elapsed 1s
Sat Oct  3 00:56:49 2026 4718/4980 {'EXC:BrokenProcessPool': 4718} elapsed 1s
Sat Oct  3 00:56:49 2026 4719/4980 {'EXC:BrokenProcessPool': 4719} elapsed 1s
Sat Oct  3 00:56:49 2026 4720/4980 {'EXC:BrokenProcessPool': 4720} elapsed 1s
Sat Oct  3 00:56:49 2026 4721/4980 {'EXC:BrokenProcessPool': 4721} elapsed 1s
Sat Oct  3 00:56:49 2026 4722/4980 {'EXC:BrokenProcessPool': 4722} elapsed 1s
Sat Oct  3 00:56:49 2026 4723/4980 {'EXC:BrokenProcessPool': 4723} elapsed 1s
Sat Oct  3 00:56:49 2026 4724/4980 {'EXC:BrokenProcessPool': 4724} elapsed 1s
Sat Oct  3 00:56:49 2026 4725/4980 {'EXC:BrokenProcessPool': 4725} elapsed 1s
Sat Oct  3 00:56:49 2026 4726/4980 {'EXC:BrokenProcessPool': 4726} elapsed 1s
Sat Oct  3 00:56:49 2026 4727/4980 {'EXC:BrokenProcessPool': 4727} elapsed 1s
Sat Oct  3 00:56:49 2026 4728/4980 {'EXC:BrokenProcessPool': 4728} elapsed 1s
Sat Oct  3 00:56:49 2026 4729/4980 {'EXC:BrokenProcessPool': 4729} elapsed 1s
Sat Oct  3 00:56:49 2026 4730/4980 {'EXC:BrokenProcessPool': 4730} elapsed 1s
Sat Oct  3 00:56:49 2026 4731/4980 {'EXC:BrokenProcessPool': 4731} elapsed 1s
Sat Oct  3 00:56:49 2026 4732/4980 {'EXC:BrokenProcessPool': 4732} elapsed 1s
Sat Oct  3 00:56:49 2026 4733/4980 {'EXC:BrokenProcessPool': 4733} elapsed 1s
Sat Oct  3 00:56:49 2026 4734/4980 {'EXC:BrokenProcessPool': 4734} elapsed 1s
Sat Oct  3 00:56:49 2026 4735/4980 {'EXC:BrokenProcessPool': 4735} elapsed 1s
Sat Oct  3 00:56:49 2026 4736/4980 {'EXC:BrokenProcessPool': 4736} elapsed 1s
Sat Oct  3 00:56:49 2026 4737/4980 {'EXC:BrokenProcessPool': 4737} elapsed 1s
Sat Oct  3 00:56:49 2026 4738/4980 {'EXC:BrokenProcessPool': 4738} elapsed 1s
Sat Oct  3 00:56:49 2026 4739/4980 {'EXC:BrokenProcessPool': 4739} elapsed 1s
Sat Oct  3 00:56:49 2026 4740/4980 {'EXC:BrokenProcessPool': 4740} elapsed 1s
Sat Oct  3 00:56:49 2026 4741/4980 {'EXC:BrokenProcessPool': 4741} elapsed 1s
Sat Oct  3 00:56:49 2026 4742/4980 {'EXC:BrokenProcessPool': 4742} elapsed 1s
Sat Oct  3 00:56:49 2026 4743/4980 {'EXC:BrokenProcessPool': 4743} elapsed 1s
Sat Oct  3 00:56:49 2026 4744/4980 {'EXC:BrokenProcessPool': 4744} elapsed 1s
Sat Oct  3 00:56:49 2026 4745/4980 {'EXC:BrokenProcessPool': 4745} elapsed 1s
Sat Oct  3 00:56:49 2026 4746/4980 {'EXC:BrokenProcessPool': 4746} elapsed 1s
Sat Oct  3 00:56:49 2026 4747/4980 {'EXC:BrokenProcessPool': 4747} elapsed 1s
Sat Oct  3 00:56:49 2026 4748/4980 {'EXC:BrokenProcessPool': 4748} elapsed 1s
Sat Oct  3 00:56:49 2026 4749/4980 {'EXC:BrokenProcessPool': 4749} elapsed 1s
Sat Oct  3 00:56:49 2026 4750/4980 {'EXC:BrokenProcessPool': 4750} elapsed 1s
Sat Oct  3 00:56:49 2026 4751/4980 {'EXC:BrokenProcessPool': 4751} elapsed 1s
Sat Oct  3 00:56:49 2026 4752/4980 {'EXC:BrokenProcessPool': 4752} elapsed 1s
Sat Oct  3 00:56:49 2026 4753/4980 {'EXC:BrokenProcessPool': 4753} elapsed 1s
Sat Oct  3 00:56:49 2026 4754/4980 {'EXC:BrokenProcessPool': 4754} elapsed 1s
Sat Oct  3 00:56:49 2026 4755/4980 {'EXC:BrokenProcessPool': 4755} elapsed 1s
Sat Oct  3 00:56:49 2026 4756/4980 {'EXC:BrokenProcessPool': 4756} elapsed 1s
Sat Oct  3 00:56:49 2026 4757/4980 {'EXC:BrokenProcessPool': 4757} elapsed 1s
Sat Oct  3 00:56:49 2026 4758/4980 {'EXC:BrokenProcessPool': 4758} elapsed 1s
Sat Oct  3 00:56:49 2026 4759/4980 {'EXC:BrokenProcessPool': 4759} elapsed 1s
Sat Oct  3 00:56:49 2026 4760/4980 {'EXC:BrokenProcessPool': 4760} elapsed 1s
Sat Oct  3 00:56:49 2026 4761/4980 {'EXC:BrokenProcessPool': 4761} elapsed 1s
Sat Oct  3 00:56:49 2026 4762/4980 {'EXC:BrokenProcessPool': 4762} elapsed 1s
Sat Oct  3 00:56:49 2026 4763/4980 {'EXC:BrokenProcessPool': 4763} elapsed 1s
Sat Oct  3 00:56:49 2026 4764/4980 {'EXC:BrokenProcessPool': 4764} elapsed 1s
Sat Oct  3 00:56:49 2026 4765/4980 {'EXC:BrokenProcessPool': 4765} elapsed 1s
Sat Oct  3 00:56:49 2026 4766/4980 {'EXC:BrokenProcessPool': 4766} elapsed 1s
Sat Oct  3 00:56:49 2026 4767/4980 {'EXC:BrokenProcessPool': 4767} elapsed 1s
Sat Oct  3 00:56:49 2026 4768/4980 {'EXC:BrokenProcessPool': 4768} elapsed 1s
Sat Oct  3 00:56:49 2026 4769/4980 {'EXC:BrokenProcessPool': 4769} elapsed 1s
Sat Oct  3 00:56:49 2026 4770/4980 {'EXC:BrokenProcessPool': 4770} elapsed 1s
Sat Oct  3 00:56:49 2026 4771/4980 {'EXC:BrokenProcessPool': 4771} elapsed 1s
Sat Oct  3 00:56:49 2026 4772/4980 {'EXC:BrokenProcessPool': 4772} elapsed 1s
Sat Oct  3 00:56:49 2026 4773/4980 {'EXC:BrokenProcessPool': 4773} elapsed 1s
Sat Oct  3 00:56:49 2026 4774/4980 {'EXC:BrokenProcessPool': 4774} elapsed 1s
Sat Oct  3 00:56:49 2026 4775/4980 {'EXC:BrokenProcessPool': 4775} elapsed 1s
Sat Oct  3 00:56:49 2026 4776/4980 {'EXC:BrokenProcessPool': 4776} elapsed 1s
Sat Oct  3 00:56:49 2026 4777/4980 {'EXC:BrokenProcessPool': 4777} elapsed 1s
Sat Oct  3 00:56:49 2026 4778/4980 {'EXC:BrokenProcessPool': 4778} elapsed 1s
Sat Oct  3 00:56:49 2026 4779/4980 {'EXC:BrokenProcessPool': 4779} elapsed 1s
Sat Oct  3 00:56:49 2026 4780/4980 {'EXC:BrokenProcessPool': 4780} elapsed 1s
Sat Oct  3 00:56:49 2026 4781/4980 {'EXC:BrokenProcessPool': 4781} elapsed 1s
Sat Oct  3 00:56:49 2026 4782/4980 {'EXC:BrokenProcessPool': 4782} elapsed 1s
Sat Oct  3 00:56:49 2026 4783/4980 {'EXC:BrokenProcessPool': 4783} elapsed 1s
Sat Oct  3 00:56:49 2026 4784/4980 {'EXC:BrokenProcessPool': 4784} elapsed 1s
Sat Oct  3 00:56:49 2026 4785/4980 {'EXC:BrokenProcessPool': 4785} elapsed 1s
Sat Oct  3 00:56:49 2026 4786/4980 {'EXC:BrokenProcessPool': 4786} elapsed 1s
Sat Oct  3 00:56:49 2026 4787/4980 {'EXC:BrokenProcessPool': 4787} elapsed 1s
Sat Oct  3 00:56:49 2026 4788/4980 {'EXC:BrokenProcessPool': 4788} elapsed 1s
Sat Oct  3 00:56:49 2026 4789/4980 {'EXC:BrokenProcessPool': 4789} elapsed 1s
Sat Oct  3 00:56:49 2026 4790/4980 {'EXC:BrokenProcessPool': 4790} elapsed 1s
Sat Oct  3 00:56:49 2026 4791/4980 {'EXC:BrokenProcessPool': 4791} elapsed 1s
Sat Oct  3 00:56:49 2026 4792/4980 {'EXC:BrokenProcessPool': 4792} elapsed 1s
Sat Oct  3 00:56:49 2026 4793/4980 {'EXC:BrokenProcessPool': 4793} elapsed 1s
Sat Oct  3 00:56:49 2026 4794/4980 {'EXC:BrokenProcessPool': 4794} elapsed 1s
Sat Oct  3 00:56:49 2026 4795/4980 {'EXC:BrokenProcessPool': 4795} elapsed 1s
Sat Oct  3 00:56:49 2026 4796/4980 {'EXC:BrokenProcessPool': 4796} elapsed 1s
Sat Oct  3 00:56:49 2026 4797/4980 {'EXC:BrokenProcessPool': 4797} elapsed 1s
Sat Oct  3 00:56:49 2026 4798/4980 {'EXC:BrokenProcessPool': 4798} elapsed 1s
Sat Oct  3 00:56:49 2026 4799/4980 {'EXC:BrokenProcessPool': 4799} elapsed 1s
Sat Oct  3 00:56:49 2026 4800/4980 {'EXC:BrokenProcessPool': 4800} elapsed 1s
Sat Oct  3 00:56:49 2026 4801/4980 {'EXC:BrokenProcessPool': 4801} elapsed 1s
Sat Oct  3 00:56:49 2026 4802/4980 {'EXC:BrokenProcessPool': 4802} elapsed 1s
Sat Oct  3 00:56:49 2026 4803/4980 {'EXC:BrokenProcessPool': 4803} elapsed 1s
Sat Oct  3 00:56:49 2026 4804/4980 {'EXC:BrokenProcessPool': 4804} elapsed 1s
Sat Oct  3 00:56:49 2026 4805/4980 {'EXC:BrokenProcessPool': 4805} elapsed 1s
Sat Oct  3 00:56:49 2026 4806/4980 {'EXC:BrokenProcessPool': 4806} elapsed 1s
Sat Oct  3 00:56:49 2026 4807/4980 {'EXC:BrokenProcessPool': 4807} elapsed 1s
Sat Oct  3 00:56:49 2026 4808/4980 {'EXC:BrokenProcessPool': 4808} elapsed 1s
Sat Oct  3 00:56:49 2026 4809/4980 {'EXC:BrokenProcessPool': 4809} elapsed 1s
Sat Oct  3 00:56:49 2026 4810/4980 {'EXC:BrokenProcessPool': 4810} elapsed 1s
Sat Oct  3 00:56:49 2026 4811/4980 {'EXC:BrokenProcessPool': 4811} elapsed 1s
Sat Oct  3 00:56:49 2026 4812/4980 {'EXC:BrokenProcessPool': 4812} elapsed 1s
Sat Oct  3 00:56:49 2026 4813/4980 {'EXC:BrokenProcessPool': 4813} elapsed 1s
Sat Oct  3 00:56:49 2026 4814/4980 {'EXC:BrokenProcessPool': 4814} elapsed 1s
Sat Oct  3 00:56:49 2026 4815/4980 {'EXC:BrokenProcessPool': 4815} elapsed 1s
Sat Oct  3 00:56:49 2026 4816/4980 {'EXC:BrokenProcessPool': 4816} elapsed 1s
Sat Oct  3 00:56:49 2026 4817/4980 {'EXC:BrokenProcessPool': 4817} elapsed 1s
Sat Oct  3 00:56:49 2026 4818/4980 {'EXC:BrokenProcessPool': 4818} elapsed 1s
Sat Oct  3 00:56:49 2026 4819/4980 {'EXC:BrokenProcessPool': 4819} elapsed 1s
Sat Oct  3 00:56:49 2026 4820/4980 {'EXC:BrokenProcessPool': 4820} elapsed 1s
Sat Oct  3 00:56:49 2026 4821/4980 {'EXC:BrokenProcessPool': 4821} elapsed 1s
Sat Oct  3 00:56:49 2026 4822/4980 {'EXC:BrokenProcessPool': 4822} elapsed 1s
Sat Oct  3 00:56:49 2026 4823/4980 {'EXC:BrokenProcessPool': 4823} elapsed 1s
Sat Oct  3 00:56:49 2026 4824/4980 {'EXC:BrokenProcessPool': 4824} elapsed 1s
Sat Oct  3 00:56:49 2026 4825/4980 {'EXC:BrokenProcessPool': 4825} elapsed 1s
Sat Oct  3 00:56:49 2026 4826/4980 {'EXC:BrokenProcessPool': 4826} elapsed 1s
Sat Oct  3 00:56:49 2026 4827/4980 {'EXC:BrokenProcessPool': 4827} elapsed 1s
Sat Oct  3 00:56:49 2026 4828/4980 {'EXC:BrokenProcessPool': 4828} elapsed 1s
Sat Oct  3 00:56:49 2026 4829/4980 {'EXC:BrokenProcessPool': 4829} elapsed 1s
Sat Oct  3 00:56:49 2026 4830/4980 {'EXC:BrokenProcessPool': 4830} elapsed 1s
Sat Oct  3 00:56:49 2026 4831/4980 {'EXC:BrokenProcessPool': 4831} elapsed 1s
Sat Oct  3 00:56:49 2026 4832/4980 {'EXC:BrokenProcessPool': 4832} elapsed 1s
Sat Oct  3 00:56:49 2026 4833/4980 {'EXC:BrokenProcessPool': 4833} elapsed 1s
Sat Oct  3 00:56:49 2026 4834/4980 {'EXC:BrokenProcessPool': 4834} elapsed 1s
Sat Oct  3 00:56:49 2026 4835/4980 {'EXC:BrokenProcessPool': 4835} elapsed 1s
Sat Oct  3 00:56:49 2026 4836/4980 {'EXC:BrokenProcessPool': 4836} elapsed 1s
Sat Oct  3 00:56:49 2026 4837/4980 {'EXC:BrokenProcessPool': 4837} elapsed 1s
Sat Oct  3 00:56:49 2026 4838/4980 {'EXC:BrokenProcessPool': 4838} elapsed 1s
Sat Oct  3 00:56:49 2026 4839/4980 {'EXC:BrokenProcessPool': 4839} elapsed 1s
Sat Oct  3 00:56:49 2026 4840/4980 {'EXC:BrokenProcessPool': 4840} elapsed 1s
Sat Oct  3 00:56:49 2026 4841/4980 {'EXC:BrokenProcessPool': 4841} elapsed 1s
Sat Oct  3 00:56:49 2026 4842/4980 {'EXC:BrokenProcessPool': 4842} elapsed 1s
Sat Oct  3 00:56:49 2026 4843/4980 {'EXC:BrokenProcessPool': 4843} elapsed 1s
Sat Oct  3 00:56:49 2026 4844/4980 {'EXC:BrokenProcessPool': 4844} elapsed 1s
Sat Oct  3 00:56:49 2026 4845/4980 {'EXC:BrokenProcessPool': 4845} elapsed 1s
Sat Oct  3 00:56:49 2026 4846/4980 {'EXC:BrokenProcessPool': 4846} elapsed 1s
Sat Oct  3 00:56:49 2026 4847/4980 {'EXC:BrokenProcessPool': 4847} elapsed 1s
Sat Oct  3 00:56:49 2026 4848/4980 {'EXC:BrokenProcessPool': 4848} elapsed 1s
Sat Oct  3 00:56:49 2026 4849/4980 {'EXC:BrokenProcessPool': 4849} elapsed 1s
Sat Oct  3 00:56:49 2026 4850/4980 {'EXC:BrokenProcessPool': 4850} elapsed 1s
Sat Oct  3 00:56:49 2026 4851/4980 {'EXC:BrokenProcessPool': 4851} elapsed 1s
Sat Oct  3 00:56:49 2026 4852/4980 {'EXC:BrokenProcessPool': 4852} elapsed 1s
Sat Oct  3 00:56:49 2026 4853/4980 {'EXC:BrokenProcessPool': 4853} elapsed 1s
Sat Oct  3 00:56:49 2026 4854/4980 {'EXC:BrokenProcessPool': 4854} elapsed 1s
Sat Oct  3 00:56:49 2026 4855/4980 {'EXC:BrokenProcessPool': 4855} elapsed 1s
Sat Oct  3 00:56:49 2026 4856/4980 {'EXC:BrokenProcessPool': 4856} elapsed 1s
Sat Oct  3 00:56:49 2026 4857/4980 {'EXC:BrokenProcessPool': 4857} elapsed 1s
Sat Oct  3 00:56:49 2026 4858/4980 {'EXC:BrokenProcessPool': 4858} elapsed 1s
Sat Oct  3 00:56:49 2026 4859/4980 {'EXC:BrokenProcessPool': 4859} elapsed 1s
Sat Oct  3 00:56:49 2026 4860/4980 {'EXC:BrokenProcessPool': 4860} elapsed 1s
Sat Oct  3 00:56:49 2026 4861/4980 {'EXC:BrokenProcessPool': 4861} elapsed 1s
Sat Oct  3 00:56:49 2026 4862/4980 {'EXC:BrokenProcessPool': 4862} elapsed 1s
Sat Oct  3 00:56:49 2026 4863/4980 {'EXC:BrokenProcessPool': 4863} elapsed 1s
Sat Oct  3 00:56:49 2026 4864/4980 {'EXC:BrokenProcessPool': 4864} elapsed 1s
Sat Oct  3 00:56:49 2026 4865/4980 {'EXC:BrokenProcessPool': 4865} elapsed 1s
Sat Oct  3 00:56:49 2026 4866/4980 {'EXC:BrokenProcessPool': 4866} elapsed 1s
Sat Oct  3 00:56:49 2026 4867/4980 {'EXC:BrokenProcessPool': 4867} elapsed 1s
Sat Oct  3 00:56:49 2026 4868/4980 {'EXC:BrokenProcessPool': 4868} elapsed 1s
Sat Oct  3 00:56:49 2026 4869/4980 {'EXC:BrokenProcessPool': 4869} elapsed 1s
Sat Oct  3 00:56:49 2026 4870/4980 {'EXC:BrokenProcessPool': 4870} elapsed 1s
Sat Oct  3 00:56:49 2026 4871/4980 {'EXC:BrokenProcessPool': 4871} elapsed 1s
Sat Oct  3 00:56:49 2026 4872/4980 {'EXC:BrokenProcessPool': 4872} elapsed 1s
Sat Oct  3 00:56:49 2026 4873/4980 {'EXC:BrokenProcessPool': 4873} elapsed 1s
Sat Oct  3 00:56:49 2026 4874/4980 {'EXC:BrokenProcessPool': 4874} elapsed 1s
Sat Oct  3 00:56:49 2026 4875/4980 {'EXC:BrokenProcessPool': 4875} elapsed 1s
Sat Oct  3 00:56:49 2026 4876/4980 {'EXC:BrokenProcessPool': 4876} elapsed 1s
Sat Oct  3 00:56:49 2026 4877/4980 {'EXC:BrokenProcessPool': 4877} elapsed 1s
Sat Oct  3 00:56:49 2026 4878/4980 {'EXC:BrokenProcessPool': 4878} elapsed 1s
Sat Oct  3 00:56:49 2026 4879/4980 {'EXC:BrokenProcessPool': 4879} elapsed 1s
Sat Oct  3 00:56:49 2026 4880/4980 {'EXC:BrokenProcessPool': 4880} elapsed 1s
Sat Oct  3 00:56:49 2026 4881/4980 {'EXC:BrokenProcessPool': 4881} elapsed 1s
Sat Oct  3 00:56:49 2026 4882/4980 {'EXC:BrokenProcessPool': 4882} elapsed 1s
Sat Oct  3 00:56:49 2026 4883/4980 {'EXC:BrokenProcessPool': 4883} elapsed 1s
Sat Oct  3 00:56:49 2026 4884/4980 {'EXC:BrokenProcessPool': 4884} elapsed 1s
Sat Oct  3 00:56:49 2026 4885/4980 {'EXC:BrokenProcessPool': 4885} elapsed 1s
Sat Oct  3 00:56:49 2026 4886/4980 {'EXC:BrokenProcessPool': 4886} elapsed 1s
Sat Oct  3 00:56:49 2026 4887/4980 {'EXC:BrokenProcessPool': 4887} elapsed 1s
Sat Oct  3 00:56:49 2026 4888/4980 {'EXC:BrokenProcessPool': 4888} elapsed 1s
Sat Oct  3 00:56:49 2026 4889/4980 {'EXC:BrokenProcessPool': 4889} elapsed 1s
Sat Oct  3 00:56:49 2026 4890/4980 {'EXC:BrokenProcessPool': 4890} elapsed 1s
Sat Oct  3 00:56:49 2026 4891/4980 {'EXC:BrokenProcessPool': 4891} elapsed 1s
Sat Oct  3 00:56:49 2026 4892/4980 {'EXC:BrokenProcessPool': 4892} elapsed 1s
Sat Oct  3 00:56:49 2026 4893/4980 {'EXC:BrokenProcessPool': 4893} elapsed 1s
Sat Oct  3 00:56:49 2026 4894/4980 {'EXC:BrokenProcessPool': 4894} elapsed 1s
Sat Oct  3 00:56:49 2026 4895/4980 {'EXC:BrokenProcessPool': 4895} elapsed 1s
Sat Oct  3 00:56:49 2026 4896/4980 {'EXC:BrokenProcessPool': 4896} elapsed 1s
Sat Oct  3 00:56:49 2026 4897/4980 {'EXC:BrokenProcessPool': 4897} elapsed 1s
Sat Oct  3 00:56:49 2026 4898/4980 {'EXC:BrokenProcessPool': 4898} elapsed 1s
Sat Oct  3 00:56:49 2026 4899/4980 {'EXC:BrokenProcessPool': 4899} elapsed 1s
Sat Oct  3 00:56:49 2026 4900/4980 {'EXC:BrokenProcessPool': 4900} elapsed 1s
Sat Oct  3 00:56:49 2026 4901/4980 {'EXC:BrokenProcessPool': 4901} elapsed 1s
Sat Oct  3 00:56:49 2026 4902/4980 {'EXC:BrokenProcessPool': 4902} elapsed 1s
Sat Oct  3 00:56:49 2026 4903/4980 {'EXC:BrokenProcessPool': 4903} elapsed 1s
Sat Oct  3 00:56:49 2026 4904/4980 {'EXC:BrokenProcessPool': 4904} elapsed 1s
Sat Oct  3 00:56:49 2026 4905/4980 {'EXC:BrokenProcessPool': 4905} elapsed 1s
Sat Oct  3 00:56:49 2026 4906/4980 {'EXC:BrokenProcessPool': 4906} elapsed 1s
Sat Oct  3 00:56:49 2026 4907/4980 {'EXC:BrokenProcessPool': 4907} elapsed 1s
Sat Oct  3 00:56:49 2026 4908/4980 {'EXC:BrokenProcessPool': 4908} elapsed 1s
Sat Oct  3 00:56:49 2026 4909/4980 {'EXC:BrokenProcessPool': 4909} elapsed 1s
Sat Oct  3 00:56:49 2026 4910/4980 {'EXC:BrokenProcessPool': 4910} elapsed 1s
Sat Oct  3 00:56:49 2026 4911/4980 {'EXC:BrokenProcessPool': 4911} elapsed 1s
Sat Oct  3 00:56:49 2026 4912/4980 {'EXC:BrokenProcessPool': 4912} elapsed 1s
Sat Oct  3 00:56:49 2026 4913/4980 {'EXC:BrokenProcessPool': 4913} elapsed 1s
Sat Oct  3 00:56:49 2026 4914/4980 {'EXC:BrokenProcessPool': 4914} elapsed 1s
Sat Oct  3 00:56:49 2026 4915/4980 {'EXC:BrokenProcessPool': 4915} elapsed 1s
Sat Oct  3 00:56:49 2026 4916/4980 {'EXC:BrokenProcessPool': 4916} elapsed 1s
Sat Oct  3 00:56:49 2026 4917/4980 {'EXC:BrokenProcessPool': 4917} elapsed 1s
Sat Oct  3 00:56:49 2026 4918/4980 {'EXC:BrokenProcessPool': 4918} elapsed 1s
Sat Oct  3 00:56:49 2026 4919/4980 {'EXC:BrokenProcessPool': 4919} elapsed 1s
Sat Oct  3 00:56:49 2026 4920/4980 {'EXC:BrokenProcessPool': 4920} elapsed 1s
Sat Oct  3 00:56:49 2026 4921/4980 {'EXC:BrokenProcessPool': 4921} elapsed 1s
Sat Oct  3 00:56:49 2026 4922/4980 {'EXC:BrokenProcessPool': 4922} elapsed 1s
Sat Oct  3 00:56:49 2026 4923/4980 {'EXC:BrokenProcessPool': 4923} elapsed 1s
Sat Oct  3 00:56:49 2026 4924/4980 {'EXC:BrokenProcessPool': 4924} elapsed 1s
Sat Oct  3 00:56:49 2026 4925/4980 {'EXC:BrokenProcessPool': 4925} elapsed 1s
Sat Oct  3 00:56:49 2026 4926/4980 {'EXC:BrokenProcessPool': 4926} elapsed 1s
Sat Oct  3 00:56:49 2026 4927/4980 {'EXC:BrokenProcessPool': 4927} elapsed 1s
Sat Oct  3 00:56:49 2026 4928/4980 {'EXC:BrokenProcessPool': 4928} elapsed 1s
Sat Oct  3 00:56:49 2026 4929/4980 {'EXC:BrokenProcessPool': 4929} elapsed 1s
Sat Oct  3 00:56:49 2026 4930/4980 {'EXC:BrokenProcessPool': 4930} elapsed 1s
Sat Oct  3 00:56:49 2026 4931/4980 {'EXC:BrokenProcessPool': 4931} elapsed 1s
Sat Oct  3 00:56:49 2026 4932/4980 {'EXC:BrokenProcessPool': 4932} elapsed 1s
Sat Oct  3 00:56:49 2026 4933/4980 {'EXC:BrokenProcessPool': 4933} elapsed 1s
Sat Oct  3 00:56:49 2026 4934/4980 {'EXC:BrokenProcessPool': 4934} elapsed 1s
Sat Oct  3 00:56:49 2026 4935/4980 {'EXC:BrokenProcessPool': 4935} elapsed 1s
Sat Oct  3 00:56:49 2026 4936/4980 {'EXC:BrokenProcessPool': 4936} elapsed 1s
Sat Oct  3 00:56:49 2026 4937/4980 {'EXC:BrokenProcessPool': 4937} elapsed 1s
Sat Oct  3 00:56:49 2026 4938/4980 {'EXC:BrokenProcessPool': 4938} elapsed 1s
Sat Oct  3 00:56:49 2026 4939/4980 {'EXC:BrokenProcessPool': 4939} elapsed 1s
Sat Oct  3 00:56:49 2026 4940/4980 {'EXC:BrokenProcessPool': 4940} elapsed 1s
Sat Oct  3 00:56:49 2026 4941/4980 {'EXC:BrokenProcessPool': 4941} elapsed 1s
Sat Oct  3 00:56:49 2026 4942/4980 {'EXC:BrokenProcessPool': 4942} elapsed 1s
Sat Oct  3 00:56:49 2026 4943/4980 {'EXC:BrokenProcessPool': 4943} elapsed 1s
Sat Oct  3 00:56:49 2026 4944/4980 {'EXC:BrokenProcessPool': 4944} elapsed 1s
Sat Oct  3 00:56:49 2026 4945/4980 {'EXC:BrokenProcessPool': 4945} elapsed 1s
Sat Oct  3 00:56:49 2026 4946/4980 {'EXC:BrokenProcessPool': 4946} elapsed 1s
Sat Oct  3 00:56:49 2026 4947/4980 {'EXC:BrokenProcessPool': 4947} elapsed 1s
Sat Oct  3 00:56:49 2026 4948/4980 {'EXC:BrokenProcessPool': 4948} elapsed 1s
Sat Oct  3 00:56:49 2026 4949/4980 {'EXC:BrokenProcessPool': 4949} elapsed 1s
Sat Oct  3 00:56:49 2026 4950/4980 {'EXC:BrokenProcessPool': 4950} elapsed 1s
Sat Oct  3 00:56:49 2026 4951/4980 {'EXC:BrokenProcessPool': 4951} elapsed 1s
Sat Oct  3 00:56:49 2026 4952/4980 {'EXC:BrokenProcessPool': 4952} elapsed 1s
Sat Oct  3 00:56:49 2026 4953/4980 {'EXC:BrokenProcessPool': 4953} elapsed 1s
Sat Oct  3 00:56:49 2026 4954/4980 {'EXC:BrokenProcessPool': 4954} elapsed 1s
Sat Oct  3 00:56:49 2026 4955/4980 {'EXC:BrokenProcessPool': 4955} elapsed 1s
Sat Oct  3 00:56:49 2026 4956/4980 {'EXC:BrokenProcessPool': 4956} elapsed 1s
Sat Oct  3 00:56:49 2026 4957/4980 {'EXC:BrokenProcessPool': 4957} elapsed 1s
Sat Oct  3 00:56:49 2026 4958/4980 {'EXC:BrokenProcessPool': 4958} elapsed 1s
Sat Oct  3 00:56:49 2026 4959/4980 {'EXC:BrokenProcessPool': 4959} elapsed 1s
Sat Oct  3 00:56:49 2026 4960/4980 {'EXC:BrokenProcessPool': 4960} elapsed 1s
Sat Oct  3 00:56:49 2026 4961/4980 {'EXC:BrokenProcessPool': 4961} elapsed 1s
Sat Oct  3 00:56:49 2026 4962/4980 {'EXC:BrokenProcessPool': 4962} elapsed 1s
Sat Oct  3 00:56:49 2026 4963/4980 {'EXC:BrokenProcessPool': 4963} elapsed 1s
Sat Oct  3 00:56:49 2026 4964/4980 {'EXC:BrokenProcessPool': 4964} elapsed 1s
Sat Oct  3 00:56:49 2026 4965/4980 {'EXC:BrokenProcessPool': 4965} elapsed 1s
Sat Oct  3 00:56:49 2026 4966/4980 {'EXC:BrokenProcessPool': 4966} elapsed 1s
Sat Oct  3 00:56:49 2026 4967/4980 {'EXC:BrokenProcessPool': 4967} elapsed 1s
Sat Oct  3 00:56:49 2026 4968/4980 {'EXC:BrokenProcessPool': 4968} elapsed 1s
Sat Oct  3 00:56:49 2026 4969/4980 {'EXC:BrokenProcessPool': 4969} elapsed 1s
Sat Oct  3 00:56:49 2026 4970/4980 {'EXC:BrokenProcessPool': 4970} elapsed 1s
Sat Oct  3 00:56:49 2026 4971/4980 {'EXC:BrokenProcessPool': 4971} elapsed 1s
Sat Oct  3 00:56:49 2026 4972/4980 {'EXC:BrokenProcessPool': 4972} elapsed 1s
Sat Oct  3 00:56:49 2026 4973/4980 {'EXC:BrokenProcessPool': 4973} elapsed 1s
Sat Oct  3 00:56:49 2026 4974/4980 {'EXC:BrokenProcessPool': 4974} elapsed 1s
Sat Oct  3 00:56:49 2026 4975/4980 {'EXC:BrokenProcessPool': 4975} elapsed 1s
Sat Oct  3 00:56:49 2026 4976/4980 {'EXC:BrokenProcessPool': 4976} elapsed 1s
Sat Oct  3 00:56:49 2026 4977/4980 {'EXC:BrokenProcessPool': 4977} elapsed 1s
Sat Oct  3 00:56:49 2026 4978/4980 {'EXC:BrokenProcessPool': 4978} elapsed 1s
Sat Oct  3 00:56:49 2026 4979/4980 {'EXC:BrokenProcessPool': 4979} elapsed 1s
Sat Oct  3 00:56:49 2026 4980/4980 {'EXC:BrokenProcessPool': 4980} elapsed 1s
DONE {'EXC:BrokenProcessPool': 4980} wall 1s
PROVENANCE valid: True []
