figure,date,run,category,path,size_bytes,n_lines,header
Figure 2,20230510,14,parameters,Figure 2/20230510/Raman/Run 14/Parameters.txt,1627,60,Software Version: 3.4
Figure 2,20230510,14,avg01_ratios,Figure 2/20230510/Raman/Run 14/Raman-Run14-Avg01-Ratios-kD.txt,57208,501,#Iteration	Date	Time	Chirp	Phase	RamanAxis	RTPhase	NFringe	Ratio
Figure 2,20230510,14,avg_ratios,Figure 2/20230510/Raman/Run 14/Raman-Run14-AvgRatios-kD.txt,49708,501,#Iteration	Date	Time	Chirp	Phase	RamanAxis	RatioMean	RatioStdDev
Figure 2,20230510,14,rotations_data,Figure 2/20230510/Raman/Run 14/Raman-Run14-RotationsData.txt,69989,501,#Iteration	Date	Time	STSX	STSY	RotationRateX	RotationRateY	FrCntX	FrCntY	TiptiltCmd1	TiptiltCmd2	TiptiltMonitor1	TiptiltMonitor2
Figure 2,20230510,14,rt_data,Figure 2/20230510/Raman/Run 14/Raman-Run14-RTData.txt,50460,501,#Iteration	Date	Time	RTPhase	NFringe	AccelAxis	AccelMean	AccelTemp
Figure 2,20230510,15,parameters,Figure 2/20230510/Raman/Run 15/Parameters.txt,1627,60,Software Version: 3.4
Figure 2,20230510,15,avg01_ratios,Figure 2/20230510/Raman/Run 15/Raman-Run15-Avg01-Ratios-kD.txt,57208,501,#Iteration	Date	Time	Chirp	Phase	RamanAxis	RTPhase	NFringe	Ratio
Figure 2,20230510,15,avg_ratios,Figure 2/20230510/Raman/Run 15/Raman-Run15-AvgRatios-kD.txt,49708,501,#Iteration	Date	Time	Chirp	Phase	RamanAxis	RatioMean	RatioStdDev
Figure 2,20230510,15,rotations_data,Figure 2/20230510/Raman/Run 15/Raman-Run15-RotationsData.txt,70007,501,#Iteration	Date	Time	STSX	STSY	RotationRateX	RotationRateY	FrCntX	FrCntY	TiptiltCmd1	TiptiltCmd2	TiptiltMonitor1	TiptiltMonitor2
Figure 2,20230510,15,rt_data,Figure 2/20230510/Raman/Run 15/Raman-Run15-RTData.txt,50460,501,#Iteration	Date	Time	RTPhase	NFringe	AccelAxis	AccelMean	AccelTemp
Figure 2,20230510,16,parameters,Figure 2/20230510/Raman/Run 16/Parameters.txt,1627,60,Software Version: 3.4
Figure 2,20230510,16,avg01_ratios,Figure 2/20230510/Raman/Run 16/Raman-Run16-Avg01-Ratios-kD.txt,57208,501,#Iteration	Date	Time	Chirp	Phase	RamanAxis	RTPhase	NFringe	Ratio
Figure 2,20230510,16,avg_ratios,Figure 2/20230510/Raman/Run 16/Raman-Run16-AvgRatios-kD.txt,49708,501,#Iteration	Date	Time	Chirp	Phase	RamanAxis	RatioMean	RatioStdDev
Figure 2,20230510,16,rotations_data,Figure 2/20230510/Raman/Run 16/Raman-Run16-RotationsData.txt,70025,501,#Iteration	Date	Time	STSX	STSY	RotationRateX	RotationRateY	FrCntX	FrCntY	TiptiltCmd1	TiptiltCmd2	TiptiltMonitor1	TiptiltMonitor2
Figure 2,20230510,16,rt_data,Figure 2/20230510/Raman/Run 16/Raman-Run16-RTData.txt,50460,501,#Iteration	Date	Time	RTPhase	NFringe	AccelAxis	AccelMean	AccelTemp
Figure 2,20230510,14,streaming,Figure 2/20230510/Streaming/Run14_1.csv,107971942,-1,NInterf;rotrateX;acc Y;acc Z
Figure 2,20230510,15,streaming,Figure 2/20230510/Streaming/Run15_1.csv,107670178,-1,NInterf;rotrateX;acc Y;acc Z
Figure 2,20230510,16,streaming,Figure 2/20230510/Streaming/Run16_1.csv,108250577,-1,NInterf;rotrateX;acc Y;acc Z
Figure 2,20230511,34,parameters,Figure 2/20230511/Raman/Run 34/Parameters.txt,1627,60,Software Version: 3.4
Figure 2,20230511,34,avg01_ratios,Figure 2/20230511/Raman/Run 34/Raman-Run34-Avg01-Ratios-kD.txt,57208,501,#Iteration	Date	Time	Chirp	Phase	RamanAxis	RTPhase	NFringe	Ratio
Figure 2,20230511,34,avg_ratios,Figure 2/20230511/Raman/Run 34/Raman-Run34-AvgRatios-kD.txt,49708,501,#Iteration	Date	Time	Chirp	Phase	RamanAxis	RatioMean	RatioStdDev
Figure 2,20230511,34,rotations_data,Figure 2/20230511/Raman/Run 34/Raman-Run34-RotationsData.txt,70013,501,#Iteration	Date	Time	STSX	STSY	RotationRateX	RotationRateY	FrCntX	FrCntY	TiptiltCmd1	TiptiltCmd2	TiptiltMonitor1	TiptiltMonitor2
Figure 2,20230511,34,rt_data,Figure 2/20230511/Raman/Run 34/Raman-Run34-RTData.txt,50460,501,#Iteration	Date	Time	RTPhase	NFringe	AccelAxis	AccelMean	AccelTemp
Figure 2,20230511,34,streaming,Figure 2/20230511/Streaming/Run34_1.csv,108090840,-1,NInterf;rotrateX;acc Y;acc Z
Figure 3 & 5,20220902,01,parameters,Figure 3 & 5/20220902/Raman/Run 01/Parameters.txt,1627,60,Software Version: 3.4
Figure 3 & 5,20220902,01,avg01_ratios,Figure 3 & 5/20220902/Raman/Run 01/Raman-Run01-Avg01-Ratios-kD.txt,34422,302,#Iteration	Date	Time	Chirp	Phase	RamanAxis	RTPhase	NFringe	Ratio
Figure 3 & 5,20220902,01,avg_ratios,Figure 3 & 5/20220902/Raman/Run 01/Raman-Run01-AvgRatios-kD.txt,29907,302,#Iteration	Date	Time	Chirp	Phase	RamanAxis	RatioMean	RatioStdDev
Figure 3 & 5,20220902,01,rotations_data,Figure 3 & 5/20220902/Raman/Run 01/Raman-Run01-RotationsData.txt,41861,302,#Iteration	Date	Time	STSX	STSY	RotationRateX	RotationRateY	FrCntX	FrCntY	TiptiltCmd1	TiptiltCmd2	TiptiltMonitor1	TiptiltMonitor2
Figure 3 & 5,20220902,01,rt_data,Figure 3 & 5/20220902/Raman/Run 01/Raman-Run01-RTData.txt,30361,302,#Iteration	Date	Time	RTPhase	NFringe	AccelAxis	AccelMean	AccelTemp
Figure 3 & 5,20220902,02,parameters,Figure 3 & 5/20220902/Raman/Run 02/Parameters.txt,1627,60,Software Version: 3.4
Figure 3 & 5,20220902,02,avg01_ratios,Figure 3 & 5/20220902/Raman/Run 02/Raman-Run02-Avg01-Ratios-kD.txt,34422,302,#Iteration	Date	Time	Chirp	Phase	RamanAxis	RTPhase	NFringe	Ratio
Figure 3 & 5,20220902,02,avg_ratios,Figure 3 & 5/20220902/Raman/Run 02/Raman-Run02-AvgRatios-kD.txt,29907,302,#Iteration	Date	Time	Chirp	Phase	RamanAxis	RatioMean	RatioStdDev
Figure 3 & 5,20220902,02,rotations_data,Figure 3 & 5/20220902/Raman/Run 02/Raman-Run02-RotationsData.txt,41861,302,#Iteration	Date	Time	STSX	STSY	RotationRateX	RotationRateY	FrCntX	FrCntY	TiptiltCmd1	TiptiltCmd2	TiptiltMonitor1	TiptiltMonitor2
Figure 3 & 5,20220902,02,rt_data,Figure 3 & 5/20220902/Raman/Run 02/Raman-Run02-RTData.txt,30361,302,#Iteration	Date	Time	RTPhase	NFringe	AccelAxis	AccelMean	AccelTemp
Figure 3 & 5,20220902,03,parameters,Figure 3 & 5/20220902/Raman/Run 03/Parameters.txt,1627,60,Software Version: 3.4
Figure 3 & 5,20220902,03,avg01_ratios,Figure 3 & 5/20220902/Raman/Run 03/Raman-Run03-Avg01-Ratios-kD.txt,34422,302,#Iteration	Date	Time	Chirp	Phase	RamanAxis	RTPhase	NFringe	Ratio
Figure 3 & 5,20220902,03,avg_ratios,Figure 3 & 5/20220902/Raman/Run 03/Raman-Run03-AvgRatios-kD.txt,29907,302,#Iteration	Date	Time	Chirp	Phase	RamanAxis	RatioMean	RatioStdDev
Figure 3 & 5,20220902,03,rotations_data,Figure 3 & 5/20220902/Raman/Run 03/Raman-Run03-RotationsData.txt,41861,302,#Iteration	Date	Time	STSX	STSY	RotationRateX	RotationRateY	FrCntX	FrCntY	TiptiltCmd1	TiptiltCmd2	TiptiltMonitor1	TiptiltMonitor2
Figure 3 & 5,20220902,03,rt_data,Figure 3 & 5/20220902/Raman/Run 03/Raman-Run03-RTData.txt,30361,302,#Iteration	Date	Time	RTPhase	NFringe	AccelAxis	AccelMean	AccelTemp
Figure 3 & 5,20220902,04,parameters,Figure 3 & 5/20220902/Raman/Run 04/Parameters.txt,1627,60,Software Version: 3.4
Figure 3 & 5,20220902,04,avg01_ratios,Figure 3 & 5/20220902/Raman/Run 04/Raman-Run04-Avg01-Ratios-kD.txt,34422,302,#Iteration	Date	Time	Chirp	Phase	RamanAxis	RTPhase	NFringe	Ratio
Figure 3 & 5,20220902,04,avg_ratios,Figure 3 & 5/20220902/Raman/Run 04/Raman-Run04-AvgRatios-kD.txt,29907,302,#Iteration	Date	Time	Chirp	Phase	RamanAxis	RatioMean	RatioStdDev
Figure 3 & 5,20220902,04,rotations_data,Figure 3 & 5/20220902/Raman/Run 04/Raman-Run04-RotationsData.txt,41861,302,#Iteration	Date	Time	STSX	STSY	RotationRateX	RotationRateY	FrCntX	FrCntY	TiptiltCmd1	TiptiltCmd2	TiptiltMonitor1	TiptiltMonitor2
Figure 3 & 5,20220902,04,rt_data,Figure 3 & 5/20220902/Raman/Run 04/Raman-Run04-RTData.txt,30361,302,#Iteration	Date	Time	RTPhase	NFringe	AccelAxis	AccelMean	AccelTemp
Figure 3 & 5,20220902,05,parameters,Figure 3 & 5/20220902/Raman/Run 05/Parameters.txt,1627,60,Software Version: 3.4
Figure 3 & 5,20220902,05,avg01_ratios,Figure 3 & 5/20220902/Raman/Run 05/Raman-Run05-Avg01-Ratios-kD.txt,34422,302,#Iteration	Date	Time	Chirp	Phase	RamanAxis	RTPhase	NFringe	Ratio
Figure 3 & 5,20220902,05,avg_ratios,Figure 3 & 5/20220902/Raman/Run 05/Raman-Run05-AvgRatios-kD.txt,29907,302,#Iteration	Date	Time	Chirp	Phase	RamanAxis	RatioMean	RatioStdDev
Figure 3 & 5,20220902,05,rotations_data,Figure 3 & 5/20220902/Raman/Run 05/Raman-Run05-RotationsData.txt,41861,302,#Iteration	Date	Time	STSX	STSY	RotationRateX	RotationRateY	FrCntX	FrCntY	TiptiltCmd1	TiptiltCmd2	TiptiltMonitor1	TiptiltMonitor2
Figure 3 & 5,20220902,05,rt_data,Figure 3 & 5/20220902/Raman/Run 05/Raman-Run05-RTData.txt,30361,302,#Iteration	Date	Time	RTPhase	NFringe	AccelAxis	AccelMean	AccelTemp
Figure 3 & 5,20220902,06,parameters,Figure 3 & 5/20220902/Raman/Run 06/Parameters.txt,1627,60,Software Version: 3.4
Figure 3 & 5,20220902,06,avg01_ratios,Figure 3 & 5/20220902/Raman/Run 06/Raman-Run06-Avg01-Ratios-kD.txt,34422,302,#Iteration	Date	Time	Chirp	Phase	RamanAxis	RTPhase	NFringe	Ratio
Figure 3 & 5,20220902,06,avg_ratios,Figure 3 & 5/20220902/Raman/Run 06/Raman-Run06-AvgRatios-kD.txt,29907,302,#Iteration	Date	Time	Chirp	Phase	RamanAxis	RatioMean	RatioStdDev
Figure 3 & 5,20220902,06,rotations_data,Figure 3 & 5/20220902/Raman/Run 06/Raman-Run06-RotationsData.txt,41861,302,#Iteration	Date	Time	STSX	STSY	RotationRateX	RotationRateY	FrCntX	FrCntY	TiptiltCmd1	TiptiltCmd2	TiptiltMonitor1	TiptiltMonitor2
Figure 3 & 5,20220902,06,rt_data,Figure 3 & 5/20220902/Raman/Run 06/Raman-Run06-RTData.txt,30361,302,#Iteration	Date	Time	RTPhase	NFringe	AccelAxis	AccelMean	AccelTemp
Figure 3 & 5,20220902,07,parameters,Figure 3 & 5/20220902/Raman/Run 07/Parameters.txt,1627,60,Software Version: 3.4
Figure 3 & 5,20220902,07,avg01_ratios,Figure 3 & 5/20220902/Raman/Run 07/Raman-Run07-Avg01-Ratios-kD.txt,34422,302,#Iteration	Date	Time	Chirp	Phase	RamanAxis	RTPhase	NFringe	Ratio
Figure 3 & 5,20220902,07,avg_ratios,Figure 3 & 5/20220902/Raman/Run 07/Raman-Run07-AvgRatios-kD.txt,29907,302,#Iteration	Date	Time	Chirp	Phase	RamanAxis	RatioMean	RatioStdDev
Figure 3 & 5,20220902,07,rotations_data,Figure 3 & 5/20220902/Raman/Run 07/Raman-Run07-RotationsData.txt,41861,302,#Iteration	Date	Time	STSX	STSY	RotationRateX	RotationRateY	FrCntX	FrCntY	TiptiltCmd1	TiptiltCmd2	TiptiltMonitor1	TiptiltMonitor2
Figure 3 & 5,20220902,07,rt_data,Figure 3 & 5/20220902/Raman/Run 07/Raman-Run07-RTData.txt,30361,302,#Iteration	Date	Time	RTPhase	NFringe	AccelAxis	AccelMean	AccelTemp
Figure 3 & 5,20220902,08,parameters,Figure 3 & 5/20220902/Raman/Run 08/Parameters.txt,1627,60,Software Version: 3.4
Figure 3 & 5,20220902,08,avg01_ratios,Figure 3 & 5/20220902/Raman/Run 08/Raman-Run08-Avg01-Ratios-kD.txt,34422,302,#Iteration	Date	Time	Chirp	Phase	RamanAxis	RTPhase	NFringe	Ratio
Figure 3 & 5,20220902,08,avg_ratios,Figure 3 & 5/20220902/Raman/Run 08/Raman-Run08-AvgRatios-kD.txt,29907,302,#Iteration	Date	Time	Chirp	Phase	RamanAxis	RatioMean	RatioStdDev
Figure 3 & 5,20220902,08,rotations_data,Figure 3 & 5/20220902/Raman/Run 08/Raman-Run08-RotationsData.txt,41861,302,#Iteration	Date	Time	STSX	STSY	RotationRateX	RotationRateY	FrCntX	FrCntY	TiptiltCmd1	TiptiltCmd2	TiptiltMonitor1	TiptiltMonitor2
Figure 3 & 5,20220902,08,rt_data,Figure 3 & 5/20220902/Raman/Run 08/Raman-Run08-RTData.txt,30361,302,#Iteration	Date	Time	RTPhase	NFringe	AccelAxis	AccelMean	AccelTemp
Figure 3 & 5,20220902,09,parameters,Figure 3 & 5/20220902/Raman/Run 09/Parameters.txt,1627,60,Software Version: 3.4
Figure 3 & 5,20220902,09,avg01_ratios,Figure 3 & 5/20220902/Raman/Run 09/Raman-Run09-Avg01-Ratios-kD.txt,34422,302,#Iteration	Date	Time	Chirp	Phase	RamanAxis	RTPhase	NFringe	Ratio
Figure 3 & 5,20220902,09,avg_ratios,Figure 3 & 5/20220902/Raman/Run 09/Raman-Run09-AvgRatios-kD.txt,29907,302,#Iteration	Date	Time	Chirp	Phase	RamanAxis	RatioMean	RatioStdDev
Figure 3 & 5,20220902,09,rotations_data,Figure 3 & 5/20220902/Raman/Run 09/Raman-Run09-RotationsData.txt,41861,302,#Iteration	Date	Time	STSX	STSY	RotationRateX	RotationRateY	FrCntX	FrCntY	TiptiltCmd1	TiptiltCmd2	TiptiltMonitor1	TiptiltMonitor2
Figure 3 & 5,20220902,09,rt_data,Figure 3 & 5/20220902/Raman/Run 09/Raman-Run09-RTData.txt,30361,302,#Iteration	Date	Time	RTPhase	NFringe	AccelAxis	AccelMean	AccelTemp
Figure 3 & 5,20220902,10,parameters,Figure 3 & 5/20220902/Raman/Run 10/Parameters.txt,1627,60,Software Version: 3.4
Figure 3 & 5,20220902,10,avg01_ratios,Figure 3 & 5/20220902/Raman/Run 10/Raman-Run10-Avg01-Ratios-kD.txt,34422,302,#Iteration	Date	Time	Chirp	Phase	RamanAxis	RTPhase	NFringe	Ratio
Figure 3 & 5,20220902,10,avg_ratios,Figure 3 & 5/20220902/Raman/Run 10/Raman-Run10-AvgRatios-kD.txt,29907,302,#Iteration	Date	Time	Chirp	Phase	RamanAxis	RatioMean	RatioStdDev
Figure 3 & 5,20220902,10,rotations_data,Figure 3 & 5/20220902/Raman/Run 10/Raman-Run10-RotationsData.txt,41861,302,#Iteration	Date	Time	STSX	STSY	RotationRateX	RotationRateY	FrCntX	FrCntY	TiptiltCmd1	TiptiltCmd2	TiptiltMonitor1	TiptiltMonitor2
Figure 3 & 5,20220902,10,rt_data,Figure 3 & 5/20220902/Raman/Run 10/Raman-Run10-RTData.txt,30361,302,#Iteration	Date	Time	RTPhase	NFringe	AccelAxis	AccelMean	AccelTemp
Figure 3 & 5,20220902,11,parameters,Figure 3 & 5/20220902/Raman/Run 11/Parameters.txt,1627,60,Software Version: 3.4
Figure 3 & 5,20220902,11,avg01_ratios,Figure 3 & 5/20220902/Raman/Run 11/Raman-Run11-Avg01-Ratios-kD.txt,34422,302,#Iteration	Date	Time	Chirp	Phase	RamanAxis	RTPhase	NFringe	Ratio
Figure 3 & 5,20220902,11,avg_ratios,Figure 3 & 5/20220902/Raman/Run 11/Raman-Run11-AvgRatios-kD.txt,29907,302,#Iteration	Date	Time	Chirp	Phase	RamanAxis	RatioMean	RatioStdDev
Figure 3 & 5,20220902,11,rotations_data,Figure 3 & 5/20220902/Raman/Run 11/Raman-Run11-RotationsData.txt,41861,302,#Iteration	Date	Time	STSX	STSY	RotationRateX	RotationRateY	FrCntX	FrCntY	TiptiltCmd1	TiptiltCmd2	TiptiltMonitor1	TiptiltMonitor2
Figure 3 & 5,20220902,11,rt_data,Figure 3 & 5/20220902/Raman/Run 11/Raman-Run11-RTData.txt,30361,302,#Iteration	Date	Time	RTPhase	NFringe	AccelAxis	AccelMean	AccelTemp
Figure 3 & 5,20220902,12,parameters,Figure 3 & 5/20220902/Raman/Run 12/Parameters.txt,1627,60,Software Version: 3.4
Figure 3 & 5,20220902,12,avg01_ratios,Figure 3 & 5/20220902/Raman/Run 12/Raman-Run12-Avg01-Ratios-kD.txt,34422,302,#Iteration	Date	Time	Chirp	Phase	RamanAxis	RTPhase	NFringe	Ratio
Figure 3 & 5,20220902,12,avg_ratios,Figure 3 & 5/20220902/Raman/Run 12/Raman-Run12-AvgRatios-kD.txt,29907,302,#Iteration	Date	Time	Chirp	Phase	RamanAxis	RatioMean	RatioStdDev
Figure 3 & 5,20220902,12,rotations_data,Figure 3 & 5/20220902/Raman/Run 12/Raman-Run12-RotationsData.txt,41861,302,#Iteration	Date	Time	STSX	STSY	RotationRateX	RotationRateY	FrCntX	FrCntY	TiptiltCmd1	TiptiltCmd2	TiptiltMonitor1	TiptiltMonitor2
Figure 3 & 5,20220902,12,rt_data,Figure 3 & 5/20220902/Raman/Run 12/Raman-Run12-RTData.txt,30361,302,#Iteration	Date	Time	RTPhase	NFringe	AccelAxis	AccelMean	AccelTemp
Figure 3 & 5,20220902,13,parameters,Figure 3 & 5/20220902/Raman/Run 13/Parameters.txt,1627,60,Software Version: 3.4
Figure 3 & 5,20220902,13,avg01_ratios,Figure 3 & 5/20220902/Raman/Run 13/Raman-Run13-Avg01-Ratios-kD.txt,34422,302,#Iteration	Date	Time	Chirp	Phase	RamanAxis	RTPhase	NFringe	Ratio
Figure 3 & 5,20220902,13,avg_ratios,Figure 3 & 5/20220902/Raman/Run 13/Raman-Run13-AvgRatios-kD.txt,29907,302,#Iteration	Date	Time	Chirp	Phase	RamanAxis	RatioMean	RatioStdDev
Figure 3 & 5,20220902,13,rotations_data,Figure 3 & 5/20220902/Raman/Run 13/Raman-Run13-RotationsData.txt,41861,302,#Iteration	Date	Time	STSX	STSY	RotationRateX	RotationRateY	FrCntX	FrCntY	TiptiltCmd1	TiptiltCmd2	TiptiltMonitor1	TiptiltMonitor2
Figure 3 & 5,20220902,13,rt_data,Figure 3 & 5/20220902/Raman/Run 13/Raman-Run13-RTData.txt,30361,302,#Iteration	Date	Time	RTPhase	NFringe	AccelAxis	AccelMean	AccelTemp
Figure 3 & 5,20220902,14,parameters,Figure 3 & 5/20220902/Raman/Run 14/Parameters.txt,1627,60,Software Version: 3.4
Figure 3 & 5,20220902,14,avg01_ratios,Figure 3 & 5/20220902/Raman/Run 14/Raman-Run14-Avg01-Ratios-kD.txt,34422,302,#Iteration	Date	Time	Chirp	Phase	RamanAxis	RTPhase	NFringe	Ratio
Figure 3 & 5,20220902,14,avg_ratios,Figure 3 & 5/20220902/Raman/Run 14/Raman-Run14-AvgRatios-kD.txt,29907,302,#Iteration	Date	Time	Chirp	Phase	RamanAxis	RatioMean	RatioStdDev
Figure 3 & 5,20220902,14,rotations_data,Figure 3 & 5/20220902/Raman/Run 14/Raman-Run14-RotationsData.txt,41861,302,#Iteration	Date	Time	STSX	STSY	RotationRateX	RotationRateY	FrCntX	FrCntY	TiptiltCmd1	TiptiltCmd2	TiptiltMonitor1	TiptiltMonitor2
Figure 3 & 5,20220902,14,rt_data,Figure 3 & 5/20220902/Raman/Run 14/Raman-Run14-RTData.txt,30361,302,#Iteration	Date	Time	RTPhase	NFringe	AccelAxis	AccelMean	AccelTemp
Figure 3 & 5,20220902,15,parameters,Figure 3 & 5/20220902/Raman/Run 15/Parameters.txt,1627,60,Software Version: 3.4
Figure 3 & 5,20220902,15,avg01_ratios,Figure 3 & 5/20220902/Raman/Run 15/Raman-Run15-Avg01-Ratios-kD.txt,34422,302,#Iteration	Date	Time	Chirp	Phase	RamanAxis	RTPhase	NFringe	Ratio
Figure 3 & 5,20220902,15,avg_ratios,Figure 3 & 5/20220902/Raman/Run 15/Raman-Run15-AvgRatios-kD.txt,29907,302,#Iteration	Date	Time	Chirp	Phase	RamanAxis	RatioMean	RatioStdDev
Figure 3 & 5,20220902,15,rotations_data,Figure 3 & 5/20220902/Raman/Run 15/Raman-Run15-RotationsData.txt,41861,302,#Iteration	Date	Time	STSX	STSY	RotationRateX	RotationRateY	FrCntX	FrCntY	TiptiltCmd1	TiptiltCmd2	TiptiltMonitor1	TiptiltMonitor2
Figure 3 & 5,20220902,15,rt_data,Figure 3 & 5/20220902/Raman/Run 15/Raman-Run15-RTData.txt,30361,302,#Iteration	Date	Time	RTPhase	NFringe	AccelAxis	AccelMean	AccelTemp
Figure 3 & 5,20220902,16,parameters,Figure 3 & 5/20220902/Raman/Run 16/Parameters.txt,1627,60,Software Version: 3.4
Figure 3 & 5,20220902,16,avg01_ratios,Figure 3 & 5/20220902/Raman/Run 16/Raman-Run16-Avg01-Ratios-kD.txt,34422,302,#Iteration	Date	Time	Chirp	Phase	RamanAxis	RTPhase	NFringe	Ratio
Figure 3 & 5,20220902,16,avg_ratios,Figure 3 & 5/20220902/Raman/Run 16/Raman-Run16-AvgRatios-kD.txt,29907,302,#Iteration	Date	Time	Chirp	Phase	RamanAxis	RatioMean	RatioStdDev
Figure 3 & 5,20220902,16,rotations_data,Figure 3 & 5/20220902/Raman/Run 16/Raman-Run16-RotationsData.txt,41861,302,#Iteration	Date	Time	STSX	STSY	RotationRateX	RotationRateY	FrCntX	FrCntY	TiptiltCmd1	TiptiltCmd2	TiptiltMonitor1	TiptiltMonitor2
Figure 3 & 5,20220902,16,rt_data,Figure 3 & 5/20220902/Raman/Run 16/Raman-Run16-RTData.txt,30361,302,#Iteration	Date	Time	RTPhase	NFringe	AccelAxis	AccelMean	AccelTemp
Figure 3 & 5,20220902,17,parameters,Figure 3 & 5/20220902/Raman/Run 17/Parameters.txt,1627,60,Software Version: 3.4
Figure 3 & 5,20220902,17,avg01_ratios,Figure 3 & 5/20220902/Raman/Run 17/Raman-Run17-Avg01-Ratios-kD.txt,34422,302,#Iteration	Date	Time	Chirp	Phase	RamanAxis	RTPhase	NFringe	Ratio
Figure 3 & 5,20220902,17,avg_ratios,Figure 3 & 5/20220902/Raman/Run 17/Raman-Run17-AvgRatios-kD.txt,29907,302,#Iteration	Date	Time	Chirp	Phase	RamanAxis	RatioMean	RatioStdDev
Figure 3 & 5,20220902,17,rotations_data,Figure 3 & 5/20220902/Raman/Run 17/Raman-Run17-RotationsData.txt,41861,302,#Iteration	Date	Time	STSX	STSY	RotationRateX	RotationRateY	FrCntX	FrCntY	TiptiltCmd1	TiptiltCmd2	TiptiltMonitor1	TiptiltMonitor2
Figure 3 & 5,20220902,17,rt_data,Figure 3 & 5/20220902/Raman/Run 17/Raman-Run17-RTData.txt,30361,302,#Iteration	Date	Time	RTPhase	NFringe	AccelAxis	AccelMean	AccelTemp
Figure 3 & 5,20220902,18,parameters,Figure 3 & 5/20220902/Raman/Run 18/Parameters.txt,1627,60,Software Version: 3.4
Figure 3 & 5,20220902,18,avg01_ratios,Figure 3 & 5/20220902/Raman/Run 18/Raman-Run18-Avg01-Ratios-kD.txt,34422,302,#Iteration	Date	Time	Chirp	Phase	RamanAxis	RTPhase	NFringe	Ratio
Figure 3 & 5,20220902,18,avg_ratios,Figure 3 & 5/20220902/Raman/Run 18/Raman-Run18-AvgRatios-kD.txt,29907,302,#Iteration	Date	Time	Chirp	Phase	RamanAxis	RatioMean	RatioStdDev
Figure 3 & 5,20220902,18,rotations_data,Figure 3 & 5/20220902/Raman/Run 18/Raman-Run18-RotationsData.txt,41861,302,#Iteration	Date	Time	STSX	STSY	RotationRateX	RotationRateY	FrCntX	FrCntY	TiptiltCmd1	TiptiltCmd2	TiptiltMonitor1	TiptiltMonitor2
Figure 3 & 5,20220902,18,rt_data,Figure 3 & 5/20220902/Raman/Run 18/Raman-Run18-RTData.txt,30361,302,#Iteration	Date	Time	RTPhase	NFringe	AccelAxis	AccelMean	AccelTemp
Figure 3 & 5,20220902,19,parameters,Figure 3 & 5/20220902/Raman/Run 19/Parameters.txt,1627,60,Software Version: 3.4
Figure 3 & 5,20220902,19,avg01_ratios,Figure 3 & 5/20220902/Raman/Run 19/Raman-Run19-Avg01-Ratios-kD.txt,34422,302,#Iteration	Date	Time	Chirp	Phase	RamanAxis	RTPhase	NFringe	Ratio
Figure 3 & 5,20220902,19,avg_ratios,Figure 3 & 5/20220902/Raman/Run 19/Raman-Run19-AvgRatios-kD.txt,29907,302,#Iteration	Date	Time	Chirp	Phase	RamanAxis	RatioMean	RatioStdDev
Figure 3 & 5,20220902,19,rotations_data,Figure 3 & 5/20220902/Raman/Run 19/Raman-Run19-RotationsData.txt,41861,302,#Iteration	Date	Time	STSX	STSY	RotationRateX	RotationRateY	FrCntX	FrCntY	TiptiltCmd1	TiptiltCmd2	TiptiltMonitor1	TiptiltMonitor2
Figure 3 & 5,20220902,19,rt_data,Figure 3 & 5/20220902/Raman/Run 19/Raman-Run19-RTData.txt,30361,302,#Iteration	Date	Time	RTPhase	NFringe	AccelAxis	AccelMean	AccelTemp
Figure 3 & 5,20220902,20,parameters,Figure 3 & 5/20220902/Raman/Run 20/Parameters.txt,1627,60,Software Version: 3.4
Figure 3 & 5,20220902,20,avg01_ratios,Figure 3 & 5/20220902/Raman/Run 20/Raman-Run20-Avg01-Ratios-kD.txt,34422,302,#Iteration	Date	Time	Chirp	Phase	RamanAxis	RTPhase	NFringe	Ratio
Figure 3 & 5,20220902,20,avg_ratios,Figure 3 & 5/20220902/Raman/Run 20/Raman-Run20-AvgRatios-kD.txt,29907,302,#Iteration	Date	Time	Chirp	Phase	RamanAxis	RatioMean	RatioStdDev
Figure 3 & 5,20220902,20,rotations_data,Figure 3 & 5/20220902/Raman/Run 20/Raman-Run20-RotationsData.txt,41861,302,#Iteration	Date	Time	STSX	STSY	RotationRateX	RotationRateY	FrCntX	FrCntY	TiptiltCmd1	TiptiltCmd2	TiptiltMonitor1	TiptiltMonitor2
Figure 3 & 5,20220902,20,rt_data,Figure 3 & 5/20220902/Raman/Run 20/Raman-Run20-RTData.txt,30361,302,#Iteration	Date	Time	RTPhase	NFringe	AccelAxis	AccelMean	AccelTemp
Figure 3 & 5,20220902,21,parameters,Figure 3 & 5/20220902/Raman/Run 21/Parameters.txt,1627,60,Software Version: 3.4
Figure 3 & 5,20220902,21,avg01_ratios,Figure 3 & 5/20220902/Raman/Run 21/Raman-Run21-Avg01-Ratios-kD.txt,34422,302,#Iteration	Date	Time	Chirp	Phase	RamanAxis	RTPhase	NFringe	Ratio
Figure 3 & 5,20220902,21,avg_ratios,Figure 3 & 5/20220902/Raman/Run 21/Raman-Run21-AvgRatios-kD.txt,29907,302,#Iteration	Date	Time	Chirp	Phase	RamanAxis	RatioMean	RatioStdDev
Figure 3 & 5,20220902,21,rotations_data,Figure 3 & 5/20220902/Raman/Run 21/Raman-Run21-RotationsData.txt,41861,302,#Iteration	Date	Time	STSX	STSY	RotationRateX	RotationRateY	FrCntX	FrCntY	TiptiltCmd1	TiptiltCmd2	TiptiltMonitor1	TiptiltMonitor2
Figure 3 & 5,20220902,21,rt_data,Figure 3 & 5/20220902/Raman/Run 21/Raman-Run21-RTData.txt,30361,302,#Iteration	Date	Time	RTPhase	NFringe	AccelAxis	AccelMean	AccelTemp
Figure 3 & 5,20220902,22,parameters,Figure 3 & 5/20220902/Raman/Run 22/Parameters.txt,1627,60,Software Version: 3.4
Figure 3 & 5,20220902,22,avg01_ratios,Figure 3 & 5/20220902/Raman/Run 22/Raman-Run22-Avg01-Ratios-kD.txt,34422,302,#Iteration	Date	Time	Chirp	Phase	RamanAxis	RTPhase	NFringe	Ratio
Figure 3 & 5,20220902,22,avg_ratios,Figure 3 & 5/20220902/Raman/Run 22/Raman-Run22-AvgRatios-kD.txt,29907,302,#Iteration	Date	Time	Chirp	Phase	RamanAxis	RatioMean	RatioStdDev
Figure 3 & 5,20220902,22,rotations_data,Figure 3 & 5/20220902/Raman/Run 22/Raman-Run22-RotationsData.txt,41861,302,#Iteration	Date	Time	STSX	STSY	RotationRateX	RotationRateY	FrCntX	FrCntY	TiptiltCmd1	TiptiltCmd2	TiptiltMonitor1	TiptiltMonitor2
Figure 3 & 5,20220902,22,rt_data,Figure 3 & 5/20220902/Raman/Run 22/Raman-Run22-RTData.txt,30361,302,#Iteration	Date	Time	RTPhase	NFringe	AccelAxis	AccelMean	AccelTemp
Figure 3 & 5,20220902,23,parameters,Figure 3 & 5/20220902/Raman/Run 23/Parameters.txt,1627,60,Software Version: 3.4
Figure 3 & 5,20220902,23,avg01_ratios,Figure 3 & 5/20220902/Raman/Run 23/Raman-Run23-Avg01-Ratios-kD.txt,34422,302,#Iteration	Date	Time	Chirp	Phase	RamanAxis	RTPhase	NFringe	Ratio
Figure 3 & 5,20220902,23,avg_ratios,Figure 3 & 5/20220902/Raman/Run 23/Raman-Run23-AvgRatios-kD.txt,29907,302,#Iteration	Date	Time	Chirp	Phase	RamanAxis	RatioMean	RatioStdDev
Figure 3 & 5,20220902,23,rotations_data,Figure 3 & 5/20220902/Raman/Run 23/Raman-Run23-RotationsData.txt,41861,302,#Iteration	Date	Time	STSX	STSY	RotationRateX	RotationRateY	FrCntX	FrCntY	TiptiltCmd1	TiptiltCmd2	TiptiltMonitor1	TiptiltMonitor2
Figure 3 & 5,20220902,23,rt_data,Figure 3 & 5/20220902/Raman/Run 23/Raman-Run23-RTData.txt,30361,302,#Iteration	Date	Time	RTPhase	NFringe	AccelAxis	AccelMean	AccelTemp
Figure 3 & 5,20230315,17,parameters,Figure 3 & 5/20230315/Raman/Run 17/Parameters.txt,1633,60,Software Version: 3.4
Figure 3 & 5,20230315,17,avg01_ratios,Figure 3 & 5/20230315/Raman/Run 17/Raman-Run17-Avg01-Ratios-kD.txt,13867,122,#Iteration	Date	Time	Chirp	Phase	RamanAxis	RTPhase	NFringe	Ratio
Figure 3 & 5,20230315,17,avg01_ratios,Figure 3 & 5/20230315/Raman/Run 17/Raman-Run17-Avg01-Ratios-kU.txt,13744,122,#Iteration	Date	Time	Chirp	Phase	RamanAxis	RTPhase	NFringe	Ratio
Figure 3 & 5,20230315,17,avg_ratios,Figure 3 & 5/20230315/Raman/Run 17/Raman-Run17-AvgRatios-kD.txt,12052,122,#Iteration	Date	Time	Chirp	Phase	RamanAxis	RatioMean	RatioStdDev
Figure 3 & 5,20230315,17,avg_ratios,Figure 3 & 5/20230315/Raman/Run 17/Raman-Run17-AvgRatios-kU.txt,12050,122,#Iteration	Date	Time	Chirp	Phase	RamanAxis	RatioMean	RatioStdDev
Figure 3 & 5,20230315,17,rotations_data,Figure 3 & 5/20230315/Raman/Run 17/Raman-Run17-RotationsData.txt,33899,243,#Iteration	Date	Time	STSX	STSY	RotationRateX	RotationRateY	FrCntX	FrCntY	TiptiltCmd1	TiptiltCmd2	TiptiltMonitor1	TiptiltMonitor2
Figure 3 & 5,20230315,17,rt_data,Figure 3 & 5/20230315/Raman/Run 17/Raman-Run17-RTData.txt,24281,243,#Iteration	Date	Time	RTPhase	NFringe	AccelAxis	AccelMean	AccelTemp
Figure 3 & 5,20230315,18,parameters,Figure 3 & 5/20230315/Raman/Run 18/Parameters.txt,1633,60,Software Version: 3.4
Figure 3 & 5,20230315,18,avg01_ratios,Figure 3 & 5/20230315/Raman/Run 18/Raman-Run18-Avg01-Ratios-kD.txt,13867,122,#Iteration	Date	Time	Chirp	Phase	RamanAxis	RTPhase	NFringe	Ratio
Figure 3 & 5,20230315,18,avg01_ratios,Figure 3 & 5/20230315/Raman/Run 18/Raman-Run18-Avg01-Ratios-kU.txt,13744,122,#Iteration	Date	Time	Chirp	Phase	RamanAxis	RTPhase	NFringe	Ratio
Figure 3 & 5,20230315,18,avg_ratios,Figure 3 & 5/20230315/Raman/Run 18/Raman-Run18-AvgRatios-kD.txt,12052,122,#Iteration	Date	Time	Chirp	Phase	RamanAxis	RatioMean	RatioStdDev
Figure 3 & 5,20230315,18,avg_ratios,Figure 3 & 5/20230315/Raman/Run 18/Raman-Run18-AvgRatios-kU.txt,12050,122,#Iteration	Date	Time	Chirp	Phase	RamanAxis	RatioMean	RatioStdDev
Figure 3 & 5,20230315,18,rotations_data,Figure 3 & 5/20230315/Raman/Run 18/Raman-Run18-RotationsData.txt,33905,243,#Iteration	Date	Time	STSX	STSY	RotationRateX	RotationRateY	FrCntX	FrCntY	TiptiltCmd1	TiptiltCmd2	TiptiltMonitor1	TiptiltMonitor2
Figure 3 & 5,20230315,18,rt_data,Figure 3 & 5/20230315/Raman/Run 18/Raman-Run18-RTData.txt,24281,243,#Iteration	Date	Time	RTPhase	NFringe	AccelAxis	AccelMean	AccelTemp
Figure 3 & 5,20230315,19,parameters,Figure 3 & 5/20230315/Raman/Run 19/Parameters.txt,1633,60,Software Version: 3.4
Figure 3 & 5,20230315,19,avg01_ratios,Figure 3 & 5/20230315/Raman/Run 19/Raman-Run19-Avg01-Ratios-kD.txt,13867,122,#Iteration	Date	Time	Chirp	Phase	RamanAxis	RTPhase	NFringe	Ratio
Figure 3 & 5,20230315,19,avg01_ratios,Figure 3 & 5/20230315/Raman/Run 19/Raman-Run19-Avg01-Ratios-kU.txt,13744,122,#Iteration	Date	Time	Chirp	Phase	RamanAxis	RTPhase	NFringe	Ratio
Figure 3 & 5,20230315,19,avg_ratios,Figure 3 & 5/20230315/Raman/Run 19/Raman-Run19-AvgRatios-kD.txt,12052,122,#Iteration	Date	Time	Chirp	Phase	RamanAxis	RatioMean	RatioStdDev
Figure 3 & 5,20230315,19,avg_ratios,Figure 3 & 5/20230315/Raman/Run 19/Raman-Run19-AvgRatios-kU.txt,12050,122,#Iteration	Date	Time	Chirp	Phase	RamanAxis	RatioMean	RatioStdDev
Figure 3 & 5,20230315,19,rotations_data,Figure 3 & 5/20230315/Raman/Run 19/Raman-Run19-RotationsData.txt,33902,243,#Iteration	Date	Time	STSX	STSY	RotationRateX	RotationRateY	FrCntX	FrCntY	TiptiltCmd1	TiptiltCmd2	TiptiltMonitor1	TiptiltMonitor2
Figure 3 & 5,20230315,19,rt_data,Figure 3 & 5/20230315/Raman/Run 19/Raman-Run19-RTData.txt,24281,243,#Iteration	Date	Time	RTPhase	NFringe	AccelAxis	AccelMean	AccelTemp
Figure 3 & 5,20230315,20,parameters,Figure 3 & 5/20230315/Raman/Run 20/Parameters.txt,1633,60,Software Version: 3.4
Figure 3 & 5,20230315,20,avg01_ratios,Figure 3 & 5/20230315/Raman/Run 20/Raman-Run20-Avg01-Ratios-kD.txt,13867,122,#Iteration	Date	Time	Chirp	Phase	RamanAxis	RTPhase	NFringe	Ratio
Figure 3 & 5,20230315,20,avg01_ratios,Figure 3 & 5/20230315/Raman/Run 20/Raman-Run20-Avg01-Ratios-kU.txt,13744,122,#Iteration	Date	Time	Chirp	Phase	RamanAxis	RTPhase	NFringe	Ratio
Figure 3 & 5,20230315,20,avg_ratios,Figure 3 & 5/20230315/Raman/Run 20/Raman-Run20-AvgRatios-kD.txt,12052,122,#Iteration	Date	Time	Chirp	Phase	RamanAxis	RatioMean	RatioStdDev
Figure 3 & 5,20230315,20,avg_ratios,Figure 3 & 5/20230315/Raman/Run 20/Raman-Run20-AvgRatios-kU.txt,12050,122,#Iteration	Date	Time	Chirp	Phase	RamanAxis	RatioMean	RatioStdDev
Figure 3 & 5,20230315,20,rotations_data,Figure 3 & 5/20230315/Raman/Run 20/Raman-Run20-RotationsData.txt,33898,243,#Iteration	Date	Time	STSX	STSY	RotationRateX	RotationRateY	FrCntX	FrCntY	TiptiltCmd1	TiptiltCmd2	TiptiltMonitor1	TiptiltMonitor2
Figure 3 & 5,20230315,20,rt_data,Figure 3 & 5/20230315/Raman/Run 20/Raman-Run20-RTData.txt,24281,243,#Iteration	Date	Time	RTPhase	NFringe	AccelAxis	AccelMean	AccelTemp
Figure 3 & 5,20230315,21,parameters,Figure 3 & 5/20230315/Raman/Run 21/Parameters.txt,1633,60,Software Version: 3.4
Figure 3 & 5,20230315,21,avg01_ratios,Figure 3 & 5/20230315/Raman/Run 21/Raman-Run21-Avg01-Ratios-kD.txt,13867,122,#Iteration	Date	Time	Chirp	Phase	RamanAxis	RTPhase	NFringe	Ratio
Figure 3 & 5,20230315,21,avg01_ratios,Figure 3 & 5/20230315/Raman/Run 21/Raman-Run21-Avg01-Ratios-kU.txt,13744,122,#Iteration	Date	Time	Chirp	Phase	RamanAxis	RTPhase	NFringe	Ratio
Figure 3 & 5,20230315,21,avg_ratios,Figure 3 & 5/20230315/Raman/Run 21/Raman-Run21-AvgRatios-kD.txt,12052,122,#Iteration	Date	Time	Chirp	Phase	RamanAxis	RatioMean	RatioStdDev
Figure 3 & 5,20230315,21,avg_ratios,Figure 3 & 5/20230315/Raman/Run 21/Raman-Run21-AvgRatios-kU.txt,12050,122,#Iteration	Date	Time	Chirp	Phase	RamanAxis	RatioMean	RatioStdDev
Figure 3 & 5,20230315,21,rotations_data,Figure 3 & 5/20230315/Raman/Run 21/Raman-Run21-RotationsData.txt,33920,243,#Iteration	Date	Time	STSX	STSY	RotationRateX	RotationRateY	FrCntX	FrCntY	TiptiltCmd1	TiptiltCmd2	TiptiltMonitor1	TiptiltMonitor2
Figure 3 & 5,20230315,21,rt_data,Figure 3 & 5/20230315/Raman/Run 21/Raman-Run21-RTData.txt,24281,243,#Iteration	Date	Time	RTPhase	NFringe	AccelAxis	AccelMean	AccelTemp
Figure 3 & 5,20230315,22,parameters,Figure 3 & 5/20230315/Raman/Run 22/Parameters.txt,1633,60,Software Version: 3.4
Figure 3 & 5,20230315,22,avg01_ratios,Figure 3 & 5/20230315/Raman/Run 22/Raman-Run22-Avg01-Ratios-kD.txt,13867,122,#Iteration	Date	Time	Chirp	Phase	RamanAxis	RTPhase	NFringe	Ratio
Figure 3 & 5,20230315,22,avg01_ratios,Figure 3 & 5/20230315/Raman/Run 22/Raman-Run22-Avg01-Ratios-kU.txt,13744,122,#Iteration	Date	Time	Chirp	Phase	RamanAxis	RTPhase	NFringe	Ratio
Figure 3 & 5,20230315,22,avg_ratios,Figure 3 & 5/20230315/Raman/Run 22/Raman-Run22-AvgRatios-kD.txt,12052,122,#Iteration	Date	Time	Chirp	Phase	RamanAxis	RatioMean	RatioStdDev
Figure 3 & 5,20230315,22,avg_ratios,Figure 3 & 5/20230315/Raman/Run 22/Raman-Run22-AvgRatios-kU.txt,12050,122,#Iteration	Date	Time	Chirp	Phase	RamanAxis	RatioMean	RatioStdDev
Figure 3 & 5,20230315,22,rotations_data,Figure 3 & 5/20230315/Raman/Run 22/Raman-Run22-RotationsData.txt,33895,243,#Iteration	Date	Time	STSX	STSY	RotationRateX	RotationRateY	FrCntX	FrCntY	TiptiltCmd1	TiptiltCmd2	TiptiltMonitor1	TiptiltMonitor2
Figure 3 & 5,20230315,22,rt_data,Figure 3 & 5/20230315/Raman/Run 22/Raman-Run22-RTData.txt,24281,243,#Iteration	Date	Time	RTPhase	NFringe	AccelAxis	AccelMean	AccelTemp
Figure 3 & 5,20230315,23,parameters,Figure 3 & 5/20230315/Raman/Run 23/Parameters.txt,1633,60,Software Version: 3.4
Figure 3 & 5,20230315,23,avg01_ratios,Figure 3 & 5/20230315/Raman/Run 23/Raman-Run23-Avg01-Ratios-kD.txt,13867,122,#Iteration	Date	Time	Chirp	Phase	RamanAxis	RTPhase	NFringe	Ratio
Figure 3 & 5,20230315,23,avg01_ratios,Figure 3 & 5/20230315/Raman/Run 23/Raman-Run23-Avg01-Ratios-kU.txt,13744,122,#Iteration	Date	Time	Chirp	Phase	RamanAxis	RTPhase	NFringe	Ratio
Figure 3 & 5,20230315,23,avg_ratios,Figure 3 & 5/20230315/Raman/Run 23/Raman-Run23-AvgRatios-kD.txt,12052,122,#Iteration	Date	Time	Chirp	Phase	RamanAxis	RatioMean	RatioStdDev
Figure 3 & 5,20230315,23,avg_ratios,Figure 3 & 5/20230315/Raman/Run 23/Raman-Run23-AvgRatios-kU.txt,12050,122,#Iteration	Date	Time	Chirp	Phase	RamanAxis	RatioMean	RatioStdDev
Figure 3 & 5,20230315,23,rotations_data,Figure 3 & 5/20230315/Raman/Run 23/Raman-Run23-RotationsData.txt,33916,243,#Iteration	Date	Time	STSX	STSY	RotationRateX	RotationRateY	FrCntX	FrCntY	TiptiltCmd1	TiptiltCmd2	TiptiltMonitor1	TiptiltMonitor2
Figure 3 & 5,20230315,23,rt_data,Figure 3 & 5/20230315/Raman/Run 23/Raman-Run23-RTData.txt,24281,243,#Iteration	Date	Time	RTPhase	NFringe	AccelAxis	AccelMean	AccelTemp
Figure 3 & 5,20230315,24,parameters,Figure 3 & 5/20230315/Raman/Run 24/Parameters.txt,1633,60,Software Version: 3.4
Figure 3 & 5,20230315,24,avg01_ratios,Figure 3 & 5/20230315/Raman/Run 24/Raman-Run24-Avg01-Ratios-kD.txt,13867,122,#Iteration	Date	Time	Chirp	Phase	RamanAxis	RTPhase	NFringe	Ratio
Figure 3 & 5,20230315,24,avg01_ratios,Figure 3 & 5/20230315/Raman/Run 24/Raman-Run24-Avg01-Ratios-kU.txt,13744,122,#Iteration	Date	Time	Chirp	Phase	RamanAxis	RTPhase	NFringe	Ratio
Figure 3 & 5,20230315,24,avg_ratios,Figure 3 & 5/20230315/Raman/Run 24/Raman-Run24-AvgRatios-kD.txt,12052,122,#Iteration	Date	Time	Chirp	Phase	RamanAxis	RatioMean	RatioStdDev
Figure 3 & 5,20230315,24,avg_ratios,Figure 3 & 5/20230315/Raman/Run 24/Raman-Run24-AvgRatios-kU.txt,12050,122,#Iteration	Date	Time	Chirp	Phase	RamanAxis	RatioMean	RatioStdDev
Figure 3 & 5,20230315,24,rotations_data,Figure 3 & 5/20230315/Raman/Run 24/Raman-Run24-RotationsData.txt,33895,243,#Iteration	Date	Time	STSX	STSY	RotationRateX	RotationRateY	FrCntX	FrCntY	TiptiltCmd1	TiptiltCmd2	TiptiltMonitor1	TiptiltMonitor2
Figure 3 & 5,20230315,24,rt_data,Figure 3 & 5/20230315/Raman/Run 24/Raman-Run24-RTData.txt,24281,243,#Iteration	Date	Time	RTPhase	NFringe	AccelAxis	AccelMean	AccelTemp
Figure 3 & 5,20230315,25,parameters,Figure 3 & 5/20230315/Raman/Run 25/Parameters.txt,1633,60,Software Version: 3.4
Figure 3 & 5,20230315,25,avg01_ratios,Figure 3 & 5/20230315/Raman/Run 25/Raman-Run25-Avg01-Ratios-kD.txt,13867,122,#Iteration	Date	Time	Chirp	Phase	RamanAxis	RTPhase	NFringe	Ratio
Figure 3 & 5,20230315,25,avg01_ratios,Figure 3 & 5/20230315/Raman/Run 25/Raman-Run25-Avg01-Ratios-kU.txt,13744,122,#Iteration	Date	Time	Chirp	Phase	RamanAxis	RTPhase	NFringe	Ratio
Figure 3 & 5,20230315,25,avg_ratios,Figure 3 & 5/20230315/Raman/Run 25/Raman-Run25-AvgRatios-kD.txt,12052,122,#Iteration	Date	Time	Chirp	Phase	RamanAxis	RatioMean	RatioStdDev
Figure 3 & 5,20230315,25,avg_ratios,Figure 3 & 5/20230315/Raman/Run 25/Raman-Run25-AvgRatios-kU.txt,12050,122,#Iteration	Date	Time	Chirp	Phase	RamanAxis	RatioMean	RatioStdDev
Figure 3 & 5,20230315,25,rotations_data,Figure 3 & 5/20230315/Raman/Run 25/Raman-Run25-RotationsData.txt,33899,243,#Iteration	Date	Time	STSX	STSY	RotationRateX	RotationRateY	FrCntX	FrCntY	TiptiltCmd1	TiptiltCmd2	TiptiltMonitor1	TiptiltMonitor2
Figure 3 & 5,20230315,25,rt_data,Figure 3 & 5/20230315/Raman/Run 25/Raman-Run25-RTData.txt,24281,243,#Iteration	Date	Time	RTPhase	NFringe	AccelAxis	AccelMean	AccelTemp
Figure 3 & 5,20230315,26,parameters,Figure 3 & 5/20230315/Raman/Run 26/Parameters.txt,1633,60,Software Version: 3.4
Figure 3 & 5,20230315,26,avg01_ratios,Figure 3 & 5/20230315/Raman/Run 26/Raman-Run26-Avg01-Ratios-kD.txt,13867,122,#Iteration	Date	Time	Chirp	Phase	RamanAxis	RTPhase	NFringe	Ratio
Figure 3 & 5,20230315,26,avg01_ratios,Figure 3 & 5/20230315/Raman/Run 26/Raman-Run26-Avg01-Ratios-kU.txt,13744,122,#Iteration	Date	Time	Chirp	Phase	RamanAxis	RTPhase	NFringe	Ratio
Figure 3 & 5,20230315,26,avg_ratios,Figure 3 & 5/20230315/Raman/Run 26/Raman-Run26-AvgRatios-kD.txt,12052,122,#Iteration	Date	Time	Chirp	Phase	RamanAxis	RatioMean	RatioStdDev
Figure 3 & 5,20230315,26,avg_ratios,Figure 3 & 5/20230315/Raman/Run 26/Raman-Run26-AvgRatios-kU.txt,12050,122,#Iteration	Date	Time	Chirp	Phase	RamanAxis	RatioMean	RatioStdDev
Figure 3 & 5,20230315,26,rotations_data,Figure 3 & 5/20230315/Raman/Run 26/Raman-Run26-RotationsData.txt,33892,243,#Iteration	Date	Time	STSX	STSY	RotationRateX	RotationRateY	FrCntX	FrCntY	TiptiltCmd1	TiptiltCmd2	TiptiltMonitor1	TiptiltMonitor2
Figure 3 & 5,20230315,26,rt_data,Figure 3 & 5/20230315/Raman/Run 26/Raman-Run26-RTData.txt,24281,243,#Iteration	Date	Time	RTPhase	NFringe	AccelAxis	AccelMean	AccelTemp
Figure 3 & 5,20230315,27,parameters,Figure 3 & 5/20230315/Raman/Run 27/Parameters.txt,1633,60,Software Version: 3.4
Figure 3 & 5,20230315,27,avg01_ratios,Figure 3 & 5/20230315/Raman/Run 27/Raman-Run27-Avg01-Ratios-kD.txt,13867,122,#Iteration	Date	Time	Chirp	Phase	RamanAxis	RTPhase	NFringe	Ratio
Figure 3 & 5,20230315,27,avg01_ratios,Figure 3 & 5/20230315/Raman/Run 27/Raman-Run27-Avg01-Ratios-kU.txt,13744,122,#Iteration	Date	Time	Chirp	Phase	RamanAxis	RTPhase	NFringe	Ratio
Figure 3 & 5,20230315,27,avg_ratios,Figure 3 & 5/20230315/Raman/Run 27/Raman-Run27-AvgRatios-kD.txt,12052,122,#Iteration	Date	Time	Chirp	Phase	RamanAxis	RatioMean	RatioStdDev
Figure 3 & 5,20230315,27,avg_ratios,Figure 3 & 5/20230315/Raman/Run 27/Raman-Run27-AvgRatios-kU.txt,12050,122,#Iteration	Date	Time	Chirp	Phase	RamanAxis	RatioMean	RatioStdDev
Figure 3 & 5,20230315,27,rotations_data,Figure 3 & 5/20230315/Raman/Run 27/Raman-Run27-RotationsData.txt,33915,243,#Iteration	Date	Time	STSX	STSY	RotationRateX	RotationRateY	FrCntX	FrCntY	TiptiltCmd1	TiptiltCmd2	TiptiltMonitor1	TiptiltMonitor2
Figure 3 & 5,20230315,27,rt_data,Figure 3 & 5/20230315/Raman/Run 27/Raman-Run27-RTData.txt,24281,243,#Iteration	Date	Time	RTPhase	NFringe	AccelAxis	AccelMean	AccelTemp
Figure 3 & 5,20230315,28,parameters,Figure 3 & 5/20230315/Raman/Run 28/Parameters.txt,1633,60,Software Version: 3.4
Figure 3 & 5,20230315,28,avg01_ratios,Figure 3 & 5/20230315/Raman/Run 28/Raman-Run28-Avg01-Ratios-kD.txt,13867,122,#Iteration	Date	Time	Chirp	Phase	RamanAxis	RTPhase	NFringe	Ratio
Figure 3 & 5,20230315,28,avg01_ratios,Figure 3 & 5/20230315/Raman/Run 28/Raman-Run28-Avg01-Ratios-kU.txt,13744,122,#Iteration	Date	Time	Chirp	Phase	RamanAxis	RTPhase	NFringe	Ratio
Figure 3 & 5,20230315,28,avg_ratios,Figure 3 & 5/20230315/Raman/Run 28/Raman-Run28-AvgRatios-kD.txt,12052,122,#Iteration	Date	Time	Chirp	Phase	RamanAxis	RatioMean	RatioStdDev
Figure 3 & 5,20230315,28,avg_ratios,Figure 3 & 5/20230315/Raman/Run 28/Raman-Run28-AvgRatios-kU.txt,12050,122,#Iteration	Date	Time	Chirp	Phase	RamanAxis	RatioMean	RatioStdDev
Figure 3 & 5,20230315,28,rotations_data,Figure 3 & 5/20230315/Raman/Run 28/Raman-Run28-RotationsData.txt,33901,243,#Iteration	Date	Time	STSX	STSY	RotationRateX	RotationRateY	FrCntX	FrCntY	TiptiltCmd1	TiptiltCmd2	TiptiltMonitor1	TiptiltMonitor2
Figure 3 & 5,20230315,28,rt_data,Figure 3 & 5/20230315/Raman/Run 28/Raman-Run28-RTData.txt,24281,243,#Iteration	Date	Time	RTPhase	NFringe	AccelAxis	AccelMean	AccelTemp
Figure 3 & 5,20230315,29,parameters,Figure 3 & 5/20230315/Raman/Run 29/Parameters.txt,1633,60,Software Version: 3.4
Figure 3 & 5,20230315,29,avg01_ratios,Figure 3 & 5/20230315/Raman/Run 29/Raman-Run29-Avg01-Ratios-kD.txt,13867,122,#Iteration	Date	Time	Chirp	Phase	RamanAxis	RTPhase	NFringe	Ratio
Figure 3 & 5,20230315,29,avg01_ratios,Figure 3 & 5/20230315/Raman/Run 29/Raman-Run29-Avg01-Ratios-kU.txt,13744,122,#Iteration	Date	Time	Chirp	Phase	RamanAxis	RTPhase	NFringe	Ratio
Figure 3 & 5,20230315,29,avg_ratios,Figure 3 & 5/20230315/Raman/Run 29/Raman-Run29-AvgRatios-kD.txt,12052,122,#Iteration	Date	Time	Chirp	Phase	RamanAxis	RatioMean	RatioStdDev
Figure 3 & 5,20230315,29,avg_ratios,Figure 3 & 5/20230315/Raman/Run 29/Raman-Run29-AvgRatios-kU.txt,12050,122,#Iteration	Date	Time	Chirp	Phase	RamanAxis	RatioMean	RatioStdDev
Figure 3 & 5,20230315,29,rotations_data,Figure 3 & 5/20230315/Raman/Run 29/Raman-Run29-RotationsData.txt,33899,243,#Iteration	Date	Time	STSX	STSY	RotationRateX	RotationRateY	FrCntX	FrCntY	TiptiltCmd1	TiptiltCmd2	TiptiltMonitor1	TiptiltMonitor2
Figure 3 & 5,20230315,29,rt_data,Figure 3 & 5/20230315/Raman/Run 29/Raman-Run29-RTData.txt,24281,243,#Iteration	Date	Time	RTPhase	NFringe	AccelAxis	AccelMean	AccelTemp
Figure 3 & 5,20230315,30,parameters,Figure 3 & 5/20230315/Raman/Run 30/Parameters.txt,1633,60,Software Version: 3.4
Figure 3 & 5,20230315,30,avg01_ratios,Figure 3 & 5/20230315/Raman/Run 30/Raman-Run30-Avg01-Ratios-kD.txt,13867,122,#Iteration	Date	Time	Chirp	Phase	RamanAxis	RTPhase	NFringe	Ratio
Figure 3 & 5,20230315,30,avg01_ratios,Figure 3 & 5/20230315/Raman/Run 30/Raman-Run30-Avg01-Ratios-kU.txt,13744,122,#Iteration	Date	Time	Chirp	Phase	RamanAxis	RTPhase	NFringe	Ratio
Figure 3 & 5,20230315,30,avg_ratios,Figure 3 & 5/20230315/Raman/Run 30/Raman-Run30-AvgRatios-kD.txt,12052,122,#Iteration	Date	Time	Chirp	Phase	RamanAxis	RatioMean	RatioStdDev
Figure 3 & 5,20230315,30,avg_ratios,Figure 3 & 5/20230315/Raman/Run 30/Raman-Run30-AvgRatios-kU.txt,12050,122,#Iteration	Date	Time	Chirp	Phase	RamanAxis	RatioMean	RatioStdDev
Figure 3 & 5,20230315,30,rotations_data,Figure 3 & 5/20230315/Raman/Run 30/Raman-Run30-RotationsData.txt,33904,243,#Iteration	Date	Time	STSX	STSY	RotationRateX	RotationRateY	FrCntX	FrCntY	TiptiltCmd1	TiptiltCmd2	TiptiltMonitor1	TiptiltMonitor2
Figure 3 & 5,20230315,30,rt_data,Figure 3 & 5/20230315/Raman/Run 30/Raman-Run30-RTData.txt,24281,243,#Iteration	Date	Time	RTPhase	NFringe	AccelAxis	AccelMean	AccelTemp
Figure 3 & 5,20230315,17,streaming,Figure 3 & 5/20230315/Streaming/Run17_1.csv,55230018,-1,NInterf;rotrateX;acc Y;acc Z
Figure 3 & 5,20230315,18,streaming,Figure 3 & 5/20230315/Streaming/Run18_1.csv,54845740,-1,NInterf;rotrateX;acc Y;acc Z
Figure 3 & 5,20230315,19,streaming,Figure 3 & 5/20230315/Streaming/Run19_1.csv,62472526,-1,NInterf;rotrateX;acc Y;acc Z
Figure 3 & 5,20230315,20,streaming,Figure 3 & 5/20230315/Streaming/Run20_1.csv,55324835,-1,NInterf;rotrateX;acc Y;acc Z
Figure 3 & 5,20230315,21,streaming,Figure 3 & 5/20230315/Streaming/Run21_1.csv,54392465,-1,NInterf;rotrateX;acc Y;acc Z
Figure 3 & 5,20230315,22,streaming,Figure 3 & 5/20230315/Streaming/Run22_1.csv,54091894,-1,NInterf;rotrateX;acc Y;acc Z
Figure 3 & 5,20230315,23,streaming,Figure 3 & 5/20230315/Streaming/Run23_1.csv,56643309,-1,NInterf;rotrateX;acc Y;acc Z
Figure 3 & 5,20230315,24,streaming,Figure 3 & 5/20230315/Streaming/Run24_1.csv,54545747,-1,NInterf;rotrateX;acc Y;acc Z
Figure 3 & 5,20230315,25,streaming,Figure 3 & 5/20230315/Streaming/Run25_1.csv,55345939,-1,NInterf;rotrateX;acc Y;acc Z
Figure 3 & 5,20230315,26,streaming,Figure 3 & 5/20230315/Streaming/Run26_1.csv,54212087,-1,NInterf;rotrateX;acc Y;acc Z
Figure 3 & 5,20230315,27,streaming,Figure 3 & 5/20230315/Streaming/Run27_1.csv,54221965,-1,NInterf;rotrateX;acc Y;acc Z
Figure 3 & 5,20230315,28,streaming,Figure 3 & 5/20230315/Streaming/Run28_1.csv,54887919,-1,NInterf;rotrateX;acc Y;acc Z
Figure 3 & 5,20230315,29,streaming,Figure 3 & 5/20230315/Streaming/Run29_1.csv,54691253,-1,NInterf;rotrateX;acc Y;acc Z
Figure 3 & 5,20230315,30,streaming,Figure 3 & 5/20230315/Streaming/Run30_1.csv,7071433,-1,NInterf;rotrateX;acc Y;acc Z
Figure 3 & 5,20230317,11,parameters,Figure 3 & 5/20230317/Raman/Run 11/Parameters.txt,1633,60,Software Version: 3.4
Figure 3 & 5,20230317,11,detect_data,Figure 3 & 5/20230317/Raman/Run 11/Raman-DetectData-Avg01-0001.txt,43829,1269,#k Index:	0.00000000E+0
Figure 3 & 5,20230317,11,detect_data,Figure 3 & 5/20230317/Raman/Run 11/Raman-DetectData-Avg01-0002.txt,43862,1269,#k Index:	1.00000000E+0
Figure 3 & 5,20230317,11,detect_data,Figure 3 & 5/20230317/Raman/Run 11/Raman-DetectData-Avg01-0003.txt,43866,1269,#k Index:	0.00000000E+0
Figure 3 & 5,20230317,11,detect_data,Figure 3 & 5/20230317/Raman/Run 11/Raman-DetectData-Avg01-0004.txt,43858,1269,#k Index:	1.00000000E+0
Figure 3 & 5,20230317,11,detect_data,Figure 3 & 5/20230317/Raman/Run 11/Raman-DetectData-Avg01-0005.txt,43846,1269,#k Index:	0.00000000E+0
Figure 3 & 5,20230317,11,detect_data,Figure 3 & 5/20230317/Raman/Run 11/Raman-DetectData-Avg01-0006.txt,43867,1269,#k Index:	1.00000000E+0
Figure 3 & 5,20230317,11,detect_data,Figure 3 & 5/20230317/Raman/Run 11/Raman-DetectData-Avg01-0007.txt,43822,1269,#k Index:	0.00000000E+0
Figure 3 & 5,20230317,11,detect_data,Figure 3 & 5/20230317/Raman/Run 11/Raman-DetectData-Avg01-0008.txt,43843,1269,#k Index:	1.00000000E+0
Figure 3 & 5,20230317,11,detect_data,Figure 3 & 5/20230317/Raman/Run 11/Raman-DetectData-Avg01-0009.txt,43830,1269,#k Index:	0.00000000E+0
Figure 3 & 5,20230317,11,detect_data,Figure 3 & 5/20230317/Raman/Run 11/Raman-DetectData-Avg01-0010.txt,43950,1269,#k Index:	1.00000000E+0
Figure 3 & 5,20230317,11,detect_data,Figure 3 & 5/20230317/Raman/Run 11/Raman-DetectData-Avg01-0011.txt,43854,1269,#k Index:	0.00000000E+0
Figure 3 & 5,20230317,11,detect_data,Figure 3 & 5/20230317/Raman/Run 11/Raman-DetectData-Avg01-0012.txt,43863,1269,#k Index:	1.00000000E+0
Figure 3 & 5,20230317,11,detect_data,Figure 3 & 5/20230317/Raman/Run 11/Raman-DetectData-Avg01-0013.txt,43903,1269,#k Index:	0.00000000E+0
Figure 3 & 5,20230317,11,detect_data,Figure 3 & 5/20230317/Raman/Run 11/Raman-DetectData-Avg01-0014.txt,43910,1269,#k Index:	1.00000000E+0
Figure 3 & 5,20230317,11,detect_data,Figure 3 & 5/20230317/Raman/Run 11/Raman-DetectData-Avg01-0015.txt,43871,1269,#k Index:	0.00000000E+0
Figure 3 & 5,20230317,11,detect_data,Figure 3 & 5/20230317/Raman/Run 11/Raman-DetectData-Avg01-0016.txt,43831,1269,#k Index:	1.00000000E+0
Figure 3 & 5,20230317,11,detect_data,Figure 3 & 5/20230317/Raman/Run 11/Raman-DetectData-Avg01-0017.txt,43848,1269,#k Index:	0.00000000E+0
Figure 3 & 5,20230317,11,detect_data,Figure 3 & 5/20230317/Raman/Run 11/Raman-DetectData-Avg01-0018.txt,43870,1269,#k Index:	1.00000000E+0
Figure 3 & 5,20230317,11,detect_data,Figure 3 & 5/20230317/Raman/Run 11/Raman-DetectData-Avg01-0019.txt,43880,1269,#k Index:	0.00000000E+0
Figure 3 & 5,20230317,11,detect_data,Figure 3 & 5/20230317/Raman/Run 11/Raman-DetectData-Avg01-0020.txt,43849,1269,#k Index:	1.00000000E+0
Figure 3 & 5,20230317,11,detect_data,Figure 3 & 5/20230317/Raman/Run 11/Raman-DetectData-Avg01-0021.txt,43851,1269,#k Index:	0.00000000E+0
Figure 3 & 5,20230317,11,detect_data,Figure 3 & 5/20230317/Raman/Run 11/Raman-DetectData-Avg01-0022.txt,43853,1269,#k Index:	1.00000000E+0
Figure 3 & 5,20230317,11,detect_data,Figure 3 & 5/20230317/Raman/Run 11/Raman-DetectData-Avg01-0023.txt,43874,1269,#k Index:	0.00000000E+0
Figure 3 & 5,20230317,11,detect_data,Figure 3 & 5/20230317/Raman/Run 11/Raman-DetectData-Avg01-0024.txt,43862,1269,#k Index:	1.00000000E+0
Figure 3 & 5,20230317,11,detect_data,Figure 3 & 5/20230317/Raman/Run 11/Raman-DetectData-Avg01-0025.txt,43827,1269,#k Index:	0.00000000E+0
Figure 3 & 5,20230317,11,detect_data,Figure 3 & 5/20230317/Raman/Run 11/Raman-DetectData-Avg01-0026.txt,43852,1269,#k Index:	1.00000000E+0
Figure 3 & 5,20230317,11,detect_data,Figure 3 & 5/20230317/Raman/Run 11/Raman-DetectData-Avg01-0027.txt,43856,1269,#k Index:	0.00000000E+0
Figure 3 & 5,20230317,11,detect_data,Figure 3 & 5/20230317/Raman/Run 11/Raman-DetectData-Avg01-0028.txt,43863,1269,#k Index:	1.00000000E+0
Figure 3 & 5,20230317,11,detect_data,Figure 3 & 5/20230317/Raman/Run 11/Raman-DetectData-Avg01-0029.txt,43812,1269,#k Index:	0.00000000E+0
Figure 3 & 5,20230317,11,detect_data,Figure 3 & 5/20230317/Raman/Run 11/Raman-DetectData-Avg01-0030.txt,43870,1269,#k Index:	1.00000000E+0
Figure 3 & 5,20230317,11,detect_data,Figure 3 & 5/20230317/Raman/Run 11/Raman-DetectData-Avg01-0031.txt,43880,1269,#k Index:	0.00000000E+0
Figure 3 & 5,20230317,11,detect_data,Figure 3 & 5/20230317/Raman/Run 11/Raman-DetectData-Avg01-0032.txt,43851,1269,#k Index:	1.00000000E+0
Figure 3 & 5,20230317,11,detect_data,Figure 3 & 5/20230317/Raman/Run 11/Raman-DetectData-Avg01-0033.txt,43936,1269,#k Index:	0.00000000E+0
Figure 3 & 5,20230317,11,detect_data,Figure 3 & 5/20230317/Raman/Run 11/Raman-DetectData-Avg01-0034.txt,43873,1269,#k Index:	1.00000000E+0
Figure 3 & 5,20230317,11,detect_data,Figure 3 & 5/20230317/Raman/Run 11/Raman-DetectData-Avg01-0035.txt,43865,1269,#k Index:	0.00000000E+0
Figure 3 & 5,20230317,11,detect_data,Figure 3 & 5/20230317/Raman/Run 11/Raman-DetectData-Avg01-0036.txt,43844,1269,#k Index:	1.00000000E+0
Figure 3 & 5,20230317,11,detect_data,Figure 3 & 5/20230317/Raman/Run 11/Raman-DetectData-Avg01-0037.txt,43846,1269,#k Index:	0.00000000E+0
Figure 3 & 5,20230317,11,detect_data,Figure 3 & 5/20230317/Raman/Run 11/Raman-DetectData-Avg01-0038.txt,43878,1269,#k Index:	1.00000000E+0
Figure 3 & 5,20230317,11,detect_data,Figure 3 & 5/20230317/Raman/Run 11/Raman-DetectData-Avg01-0039.txt,43856,1269,#k Index:	0.00000000E+0
Figure 3 & 5,20230317,11,detect_data,Figure 3 & 5/20230317/Raman/Run 11/Raman-DetectData-Avg01-0040.txt,43857,1269,#k Index:	1.00000000E+0
Figure 3 & 5,20230317,11,detect_data,Figure 3 & 5/20230317/Raman/Run 11/Raman-DetectData-Avg01-0041.txt,43867,1269,#k Index:	0.00000000E+0
Figure 3 & 5,20230317,11,detect_data,Figure 3 & 5/20230317/Raman/Run 11/Raman-DetectData-Avg01-0042.txt,43860,1269,#k Index:	1.00000000E+0
Figure 3 & 5,20230317,11,detect_data,Figure 3 & 5/20230317/Raman/Run 11/Raman-DetectData-Avg01-0043.txt,43900,1269,#k Index:	0.00000000E+0
Figure 3 & 5,20230317,11,detect_data,Figure 3 & 5/20230317/Raman/Run 11/Raman-DetectData-Avg01-0044.txt,43950,1269,#k Index:	1.00000000E+0
Figure 3 & 5,20230317,11,detect_data,Figure 3 & 5/20230317/Raman/Run 11/Raman-DetectData-Avg01-0045.txt,43843,1269,#k Index:	0.00000000E+0
Figure 3 & 5,20230317,11,detect_data,Figure 3 & 5/20230317/Raman/Run 11/Raman-DetectData-Avg01-0046.txt,43906,1269,#k Index:	1.00000000E+0
Figure 3 & 5,20230317,11,detect_data,Figure 3 & 5/20230317/Raman/Run 11/Raman-DetectData-Avg01-0047.txt,43861,1269,#k Index:	0.00000000E+0
Figure 3 & 5,20230317,11,detect_data,Figure 3 & 5/20230317/Raman/Run 11/Raman-DetectData-Avg01-0048.txt,43836,1269,#k Index:	1.00000000E+0
Figure 3 & 5,20230317,11,detect_data,Figure 3 & 5/20230317/Raman/Run 11/Raman-DetectData-Avg01-0049.txt,43906,1269,#k Index:	0.00000000E+0
Figure 3 & 5,20230317,11,detect_data,Figure 3 & 5/20230317/Raman/Run 11/Raman-DetectData-Avg01-0050.txt,43893,1269,#k Index:	1.00000000E+0
Figure 3 & 5,20230317,11,detect_data,Figure 3 & 5/20230317/Raman/Run 11/Raman-DetectData-Avg01-0051.txt,43871,1269,#k Index:	0.00000000E+0
Figure 3 & 5,20230317,11,detect_data,Figure 3 & 5/20230317/Raman/Run 11/Raman-DetectData-Avg01-0052.txt,43878,1269,#k Index:	1.00000000E+0
Figure 3 & 5,20230317,11,detect_data,Figure 3 & 5/20230317/Raman/Run 11/Raman-DetectData-Avg01-0053.txt,43866,1269,#k Index:	0.00000000E+0
Figure 3 & 5,20230317,11,detect_data,Figure 3 & 5/20230317/Raman/Run 11/Raman-DetectData-Avg01-0054.txt,43923,1269,#k Index:	1.00000000E+0
Figure 3 & 5,20230317,11,detect_data,Figure 3 & 5/20230317/Raman/Run 11/Raman-DetectData-Avg01-0055.txt,43865,1269,#k Index:	0.00000000E+0
Figure 3 & 5,20230317,11,detect_data,Figure 3 & 5/20230317/Raman/Run 11/Raman-DetectData-Avg01-0056.txt,43837,1269,#k Index:	1.00000000E+0
Figure 3 & 5,20230317,11,detect_data,Figure 3 & 5/20230317/Raman/Run 11/Raman-DetectData-Avg01-0057.txt,43891,1269,#k Index:	0.00000000E+0
Figure 3 & 5,20230317,11,detect_data,Figure 3 & 5/20230317/Raman/Run 11/Raman-DetectData-Avg01-0058.txt,43872,1269,#k Index:	1.00000000E+0
Figure 3 & 5,20230317,11,detect_data,Figure 3 & 5/20230317/Raman/Run 11/Raman-DetectData-Avg01-0059.txt,43881,1269,#k Index:	0.00000000E+0
Figure 3 & 5,20230317,11,detect_data,Figure 3 & 5/20230317/Raman/Run 11/Raman-DetectData-Avg01-0060.txt,43943,1269,#k Index:	1.00000000E+0
Figure 3 & 5,20230317,11,detect_data,Figure 3 & 5/20230317/Raman/Run 11/Raman-DetectData-Avg01-0061.txt,43870,1269,#k Index:	0.00000000E+0
Figure 3 & 5,20230317,11,detect_data,Figure 3 & 5/20230317/Raman/Run 11/Raman-DetectData-Avg01-0062.txt,43944,1269,#k Index:	1.00000000E+0
Figure 3 & 5,20230317,11,detect_data,Figure 3 & 5/20230317/Raman/Run 11/Raman-DetectData-Avg01-0063.txt,43925,1269,#k Index:	0.00000000E+0
Figure 3 & 5,20230317,11,detect_data,Figure 3 & 5/20230317/Raman/Run 11/Raman-DetectData-Avg01-0064.txt,43881,1269,#k Index:	1.00000000E+0
Figure 3 & 5,20230317,11,detect_data,Figure 3 & 5/20230317/Raman/Run 11/Raman-DetectData-Avg01-0065.txt,43885,1269,#k Index:	0.00000000E+0
Figure 3 & 5,20230317,11,detect_data,Figure 3 & 5/20230317/Raman/Run 11/Raman-DetectData-Avg01-0066.txt,43913,1269,#k Index:	1.00000000E+0
Figure 3 & 5,20230317,11,detect_data,Figure 3 & 5/20230317/Raman/Run 11/Raman-DetectData-Avg01-0067.txt,43841,1269,#k Index:	0.00000000E+0
Figure 3 & 5,20230317,11,detect_data,Figure 3 & 5/20230317/Raman/Run 11/Raman-DetectData-Avg01-0068.txt,43864,1269,#k Index:	1.00000000E+0
Figure 3 & 5,20230317,11,detect_data,Figure 3 & 5/20230317/Raman/Run 11/Raman-DetectData-Avg01-0069.txt,43889,1269,#k Index:	0.00000000E+0
Figure 3 & 5,20230317,11,detect_data,Figure 3 & 5/20230317/Raman/Run 11/Raman-DetectData-Avg01-0070.txt,43916,1269,#k Index:	1.00000000E+0
Figure 3 & 5,20230317,11,detect_data,Figure 3 & 5/20230317/Raman/Run 11/Raman-DetectData-Avg01-0071.txt,43913,1269,#k Index:	0.00000000E+0
Figure 3 & 5,20230317,11,detect_data,Figure 3 & 5/20230317/Raman/Run 11/Raman-DetectData-Avg01-0072.txt,43903,1269,#k Index:	1.00000000E+0
Figure 3 & 5,20230317,11,detect_data,Figure 3 & 5/20230317/Raman/Run 11/Raman-DetectData-Avg01-0073.txt,43900,1269,#k Index:	0.00000000E+0
Figure 3 & 5,20230317,11,detect_data,Figure 3 & 5/20230317/Raman/Run 11/Raman-DetectData-Avg01-0074.txt,43926,1269,#k Index:	1.00000000E+0
Figure 3 & 5,20230317,11,detect_data,Figure 3 & 5/20230317/Raman/Run 11/Raman-DetectData-Avg01-0075.txt,43882,1269,#k Index:	0.00000000E+0
Figure 3 & 5,20230317,11,detect_data,Figure 3 & 5/20230317/Raman/Run 11/Raman-DetectData-Avg01-0076.txt,43887,1269,#k Index:	1.00000000E+0
Figure 3 & 5,20230317,11,detect_data,Figure 3 & 5/20230317/Raman/Run 11/Raman-DetectData-Avg01-0077.txt,43947,1269,#k Index:	0.00000000E+0
Figure 3 & 5,20230317,11,detect_data,Figure 3 & 5/20230317/Raman/Run 11/Raman-DetectData-Avg01-0078.txt,43904,1269,#k Index:	1.00000000E+0
Figure 3 & 5,20230317,11,detect_data,Figure 3 & 5/20230317/Raman/Run 11/Raman-DetectData-Avg01-0079.txt,43880,1269,#k Index:	0.00000000E+0
Figure 3 & 5,20230317,11,detect_data,Figure 3 & 5/20230317/Raman/Run 11/Raman-DetectData-Avg01-0080.txt,43882,1269,#k Index:	1.00000000E+0
Figure 3 & 5,20230317,11,detect_data,Figure 3 & 5/20230317/Raman/Run 11/Raman-DetectData-Avg01-0081.txt,43865,1269,#k Index:	0.00000000E+0
Figure 3 & 5,20230317,11,detect_data,Figure 3 & 5/20230317/Raman/Run 11/Raman-DetectData-Avg01-0082.txt,43889,1269,#k Index:	1.00000000E+0
Figure 3 & 5,20230317,11,detect_data,Figure 3 & 5/20230317/Raman/Run 11/Raman-DetectData-Avg01-0083.txt,43895,1269,#k Index:	0.00000000E+0
Figure 3 & 5,20230317,11,detect_data,Figure 3 & 5/20230317/Raman/Run 11/Raman-DetectData-Avg01-0084.txt,43871,1269,#k Index:	1.00000000E+0
Figure 3 & 5,20230317,11,detect_data,Figure 3 & 5/20230317/Raman/Run 11/Raman-DetectData-Avg01-0085.txt,43848,1269,#k Index:	0.00000000E+0
Figure 3 & 5,20230317,11,detect_data,Figure 3 & 5/20230317/Raman/Run 11/Raman-DetectData-Avg01-0086.txt,43895,1269,#k Index:	1.00000000E+0
Figure 3 & 5,20230317,11,detect_data,Figure 3 & 5/20230317/Raman/Run 11/Raman-DetectData-Avg01-0087.txt,43881,1269,#k Index:	0.00000000E+0
Figure 3 & 5,20230317,11,detect_data,Figure 3 & 5/20230317/Raman/Run 11/Raman-DetectData-Avg01-0088.txt,43887,1269,#k Index:	1.00000000E+0
Figure 3 & 5,20230317,11,detect_data,Figure 3 & 5/20230317/Raman/Run 11/Raman-DetectData-Avg01-0089.txt,43875,1269,#k Index:	0.00000000E+0
Figure 3 & 5,20230317,11,detect_data,Figure 3 & 5/20230317/Raman/Run 11/Raman-DetectData-Avg01-0090.txt,43906,1269,#k Index:	1.00000000E+0
Figure 3 & 5,20230317,11,detect_data,Figure 3 & 5/20230317/Raman/Run 11/Raman-DetectData-Avg01-0091.txt,43921,1269,#k Index:	0.00000000E+0
Figure 3 & 5,20230317,11,detect_data,Figure 3 & 5/20230317/Raman/Run 11/Raman-DetectData-Avg01-0092.txt,43901,1269,#k Index:	1.00000000E+0
Figure 3 & 5,20230317,11,detect_data,Figure 3 & 5/20230317/Raman/Run 11/Raman-DetectData-Avg01-0093.txt,43914,1269,#k Index:	0.00000000E+0
Figure 3 & 5,20230317,11,detect_data,Figure 3 & 5/20230317/Raman/Run 11/Raman-DetectData-Avg01-0094.txt,43889,1269,#k Index:	1.00000000E+0
Figure 3 & 5,20230317,11,detect_data,Figure 3 & 5/20230317/Raman/Run 11/Raman-DetectData-Avg01-0095.txt,43901,1269,#k Index:	0.00000000E+0
Figure 3 & 5,20230317,11,detect_data,Figure 3 & 5/20230317/Raman/Run 11/Raman-DetectData-Avg01-0096.txt,43887,1269,#k Index:	1.00000000E+0
Figure 3 & 5,20230317,11,detect_data,Figure 3 & 5/20230317/Raman/Run 11/Raman-DetectData-Avg01-0097.txt,43873,1269,#k Index:	0.00000000E+0
Figure 3 & 5,20230317,11,detect_data,Figure 3 & 5/20230317/Raman/Run 11/Raman-DetectData-Avg01-0098.txt,43923,1269,#k Index:	1.00000000E+0
Figure 3 & 5,20230317,11,detect_data,Figure 3 & 5/20230317/Raman/Run 11/Raman-DetectData-Avg01-0099.txt,44002,1269,#k Index:	0.00000000E+0
Figure 3 & 5,20230317,11,detect_data,Figure 3 & 5/20230317/Raman/Run 11/Raman-DetectData-Avg01-0100.txt,43895,1269,#k Index:	1.00000000E+0
Figure 3 & 5,20230317,11,detect_data,Figure 3 & 5/20230317/Raman/Run 11/Raman-DetectData-Avg01-0101.txt,43937,1269,#k Index:	0.00000000E+0
Figure 3 & 5,20230317,11,detect_data,Figure 3 & 5/20230317/Raman/Run 11/Raman-DetectData-Avg01-0102.txt,43911,1269,#k Index:	1.00000000E+0
Figure 3 & 5,20230317,11,detect_data,Figure 3 & 5/20230317/Raman/Run 11/Raman-DetectData-Avg01-0103.txt,43919,1269,#k Index:	0.00000000E+0
Figure 3 & 5,20230317,11,detect_data,Figure 3 & 5/20230317/Raman/Run 11/Raman-DetectData-Avg01-0104.txt,43965,1269,#k Index:	1.00000000E+0
Figure 3 & 5,20230317,11,detect_data,Figure 3 & 5/20230317/Raman/Run 11/Raman-DetectData-Avg01-0105.txt,43878,1269,#k Index:	0.00000000E+0
Figure 3 & 5,20230317,11,detect_data,Figure 3 & 5/20230317/Raman/Run 11/Raman-DetectData-Avg01-0106.txt,43899,1269,#k Index:	1.00000000E+0
Figure 3 & 5,20230317,11,detect_data,Figure 3 & 5/20230317/Raman/Run 11/Raman-DetectData-Avg01-0107.txt,43900,1269,#k Index:	0.00000000E+0
Figure 3 & 5,20230317,11,detect_data,Figure 3 & 5/20230317/Raman/Run 11/Raman-DetectData-Avg01-0108.txt,43901,1269,#k Index:	1.00000000E+0
Figure 3 & 5,20230317,11,detect_data,Figure 3 & 5/20230317/Raman/Run 11/Raman-DetectData-Avg01-0109.txt,43908,1269,#k Index:	0.00000000E+0
Figure 3 & 5,20230317,11,detect_data,Figure 3 & 5/20230317/Raman/Run 11/Raman-DetectData-Avg01-0110.txt,43903,1269,#k Index:	1.00000000E+0
Figure 3 & 5,20230317,11,detect_data,Figure 3 & 5/20230317/Raman/Run 11/Raman-DetectData-Avg01-0111.txt,43907,1269,#k Index:	0.00000000E+0
Figure 3 & 5,20230317,11,detect_data,Figure 3 & 5/20230317/Raman/Run 11/Raman-DetectData-Avg01-0112.txt,43935,1269,#k Index:	1.00000000E+0
Figure 3 & 5,20230317,11,detect_data,Figure 3 & 5/20230317/Raman/Run 11/Raman-DetectData-Avg01-0113.txt,43894,1269,#k Index:	0.00000000E+0
Figure 3 & 5,20230317,11,detect_data,Figure 3 & 5/20230317/Raman/Run 11/Raman-DetectData-Avg01-0114.txt,43913,1269,#k Index:	1.00000000E+0
Figure 3 & 5,20230317,11,detect_data,Figure 3 & 5/20230317/Raman/Run 11/Raman-DetectData-Avg01-0115.txt,43879,1269,#k Index:	0.00000000E+0
Figure 3 & 5,20230317,11,detect_data,Figure 3 & 5/20230317/Raman/Run 11/Raman-DetectData-Avg01-0116.txt,43987,1269,#k Index:	1.00000000E+0
Figure 3 & 5,20230317,11,detect_data,Figure 3 & 5/20230317/Raman/Run 11/Raman-DetectData-Avg01-0117.txt,43907,1269,#k Index:	0.00000000E+0
Figure 3 & 5,20230317,11,detect_data,Figure 3 & 5/20230317/Raman/Run 11/Raman-DetectData-Avg01-0118.txt,43892,1269,#k Index:	1.00000000E+0
Figure 3 & 5,20230317,11,detect_data,Figure 3 & 5/20230317/Raman/Run 11/Raman-DetectData-Avg01-0119.txt,43901,1269,#k Index:	0.00000000E+0
Figure 3 & 5,20230317,11,detect_data,Figure 3 & 5/20230317/Raman/Run 11/Raman-DetectData-Avg01-0120.txt,43915,1269,#k Index:	1.00000000E+0
Figure 3 & 5,20230317,11,detect_data,Figure 3 & 5/20230317/Raman/Run 11/Raman-DetectData-Avg01-0121.txt,43924,1269,#k Index:	0.00000000E+0
Figure 3 & 5,20230317,11,detect_data,Figure 3 & 5/20230317/Raman/Run 11/Raman-DetectData-Avg01-0122.txt,43858,1269,#k Index:	1.00000000E+0
Figure 3 & 5,20230317,11,detect_data,Figure 3 & 5/20230317/Raman/Run 11/Raman-DetectData-Avg01-0123.txt,43895,1269,#k Index:	0.00000000E+0
Figure 3 & 5,20230317,11,detect_data,Figure 3 & 5/20230317/Raman/Run 11/Raman-DetectData-Avg01-0124.txt,43929,1269,#k Index:	1.00000000E+0
Figure 3 & 5,20230317,11,detect_data,Figure 3 & 5/20230317/Raman/Run 11/Raman-DetectData-Avg01-0125.txt,43891,1269,#k Index:	0.00000000E+0
Figure 3 & 5,20230317,11,detect_data,Figure 3 & 5/20230317/Raman/Run 11/Raman-DetectData-Avg01-0126.txt,43890,1269,#k Index:	1.00000000E+0
Figure 3 & 5,20230317,11,detect_data,Figure 3 & 5/20230317/Raman/Run 11/Raman-DetectData-Avg01-0127.txt,43878,1269,#k Index:	0.00000000E+0
Figure 3 & 5,20230317,11,detect_data,Figure 3 & 5/20230317/Raman/Run 11/Raman-DetectData-Avg01-0128.txt,43907,1269,#k Index:	1.00000000E+0
Figure 3 & 5,20230317,11,detect_data,Figure 3 & 5/20230317/Raman/Run 11/Raman-DetectData-Avg01-0129.txt,43872,1269,#k Index:	0.00000000E+0
Figure 3 & 5,20230317,11,detect_data,Figure 3 & 5/20230317/Raman/Run 11/Raman-DetectData-Avg01-0130.txt,43922,1269,#k Index:	1.00000000E+0
Figure 3 & 5,20230317,11,detect_data,Figure 3 & 5/20230317/Raman/Run 11/Raman-DetectData-Avg01-0131.txt,43893,1269,#k Index:	0.00000000E+0
Figure 3 & 5,20230317,11,detect_data,Figure 3 & 5/20230317/Raman/Run 11/Raman-DetectData-Avg01-0132.txt,43980,1269,#k Index:	1.00000000E+0
Figure 3 & 5,20230317,11,detect_data,Figure 3 & 5/20230317/Raman/Run 11/Raman-DetectData-Avg01-0133.txt,43917,1269,#k Index:	0.00000000E+0
Figure 3 & 5,20230317,11,detect_data,Figure 3 & 5/20230317/Raman/Run 11/Raman-DetectData-Avg01-0134.txt,43894,1269,#k Index:	1.00000000E+0
Figure 3 & 5,20230317,11,detect_data,Figure 3 & 5/20230317/Raman/Run 11/Raman-DetectData-Avg01-0135.txt,43870,1269,#k Index:	0.00000000E+0
Figure 3 & 5,20230317,11,detect_data,Figure 3 & 5/20230317/Raman/Run 11/Raman-DetectData-Avg01-0136.txt,43914,1269,#k Index:	1.00000000E+0
Figure 3 & 5,20230317,11,detect_data,Figure 3 & 5/20230317/Raman/Run 11/Raman-DetectData-Avg01-0137.txt,43884,1269,#k Index:	0.00000000E+0
Figure 3 & 5,20230317,11,detect_data,Figure 3 & 5/20230317/Raman/Run 11/Raman-DetectData-Avg01-0138.txt,43876,1269,#k Index:	1.00000000E+0
Figure 3 & 5,20230317,11,detect_data,Figure 3 & 5/20230317/Raman/Run 11/Raman-DetectData-Avg01-0139.txt,43858,1269,#k Index:	0.00000000E+0
Figure 3 & 5,20230317,11,detect_data,Figure 3 & 5/20230317/Raman/Run 11/Raman-DetectData-Avg01-0140.txt,43920,1269,#k Index:	1.00000000E+0
Figure 3 & 5,20230317,11,detect_data,Figure 3 & 5/20230317/Raman/Run 11/Raman-DetectData-Avg01-0141.txt,43920,1269,#k Index:	0.00000000E+0
Figure 3 & 5,20230317,11,detect_data,Figure 3 & 5/20230317/Raman/Run 11/Raman-DetectData-Avg01-0142.txt,43858,1269,#k Index:	1.00000000E+0
Figure 3 & 5,20230317,11,detect_data,Figure 3 & 5/20230317/Raman/Run 11/Raman-DetectData-Avg01-0143.txt,43895,1269,#k Index:	0.00000000E+0
Figure 3 & 5,20230317,11,detect_data,Figure 3 & 5/20230317/Raman/Run 11/Raman-DetectData-Avg01-0144.txt,43902,1269,#k Index:	1.00000000E+0
Figure 3 & 5,20230317,11,detect_data,Figure 3 & 5/20230317/Raman/Run 11/Raman-DetectData-Avg01-0145.txt,43881,1269,#k Index:	0.00000000E+0
Figure 3 & 5,20230317,11,detect_data,Figure 3 & 5/20230317/Raman/Run 11/Raman-DetectData-Avg01-0146.txt,43912,1269,#k Index:	1.00000000E+0
Figure 3 & 5,20230317,11,detect_data,Figure 3 & 5/20230317/Raman/Run 11/Raman-DetectData-Avg01-0147.txt,43917,1269,#k Index:	0.00000000E+0
Figure 3 & 5,20230317,11,detect_data,Figure 3 & 5/20230317/Raman/Run 11/Raman-DetectData-Avg01-0148.txt,43897,1269,#k Index:	1.00000000E+0
Figure 3 & 5,20230317,11,detect_data,Figure 3 & 5/20230317/Raman/Run 11/Raman-DetectData-Avg01-0149.txt,43909,1269,#k Index:	0.00000000E+0
Figure 3 & 5,20230317,11,detect_data,Figure 3 & 5/20230317/Raman/Run 11/Raman-DetectData-Avg01-0150.txt,43879,1269,#k Index:	1.00000000E+0
Figure 3 & 5,20230317,11,detect_data,Figure 3 & 5/20230317/Raman/Run 11/Raman-DetectData-Avg01-0151.txt,43911,1269,#k Index:	0.00000000E+0
Figure 3 & 5,20230317,11,detect_data,Figure 3 & 5/20230317/Raman/Run 11/Raman-DetectData-Avg01-0152.txt,43882,1269,#k Index:	1.00000000E+0
Figure 3 & 5,20230317,11,detect_data,Figure 3 & 5/20230317/Raman/Run 11/Raman-DetectData-Avg01-0153.txt,43935,1269,#k Index:	0.00000000E+0
Figure 3 & 5,20230317,11,detect_data,Figure 3 & 5/20230317/Raman/Run 11/Raman-DetectData-Avg01-0154.txt,43893,1269,#k Index:	1.00000000E+0
Figure 3 & 5,20230317,11,detect_data,Figure 3 & 5/20230317/Raman/Run 11/Raman-DetectData-Avg01-0155.txt,43887,1269,#k Index:	0.00000000E+0
Figure 3 & 5,20230317,11,detect_data,Figure 3 & 5/20230317/Raman/Run 11/Raman-DetectData-Avg01-0156.txt,43929,1269,#k Index:	1.00000000E+0
Figure 3 & 5,20230317,11,detect_data,Figure 3 & 5/20230317/Raman/Run 11/Raman-DetectData-Avg01-0157.txt,43896,1269,#k Index:	0.00000000E+0
Figure 3 & 5,20230317,11,detect_data,Figure 3 & 5/20230317/Raman/Run 11/Raman-DetectData-Avg01-0158.txt,43906,1269,#k Index:	1.00000000E+0
Figure 3 & 5,20230317,11,detect_data,Figure 3 & 5/20230317/Raman/Run 11/Raman-DetectData-Avg01-0159.txt,43906,1269,#k Index:	0.00000000E+0
Figure 3 & 5,20230317,11,detect_data,Figure 3 & 5/20230317/Raman/Run 11/Raman-DetectData-Avg01-0160.txt,43922,1269,#k Index:	1.00000000E+0
Figure 3 & 5,20230317,11,detect_data,Figure 3 & 5/20230317/Raman/Run 11/Raman-DetectData-Avg01-0161.txt,43890,1269,#k Index:	0.00000000E+0
Figure 3 & 5,20230317,11,detect_data,Figure 3 & 5/20230317/Raman/Run 11/Raman-DetectData-Avg01-0162.txt,43894,1269,#k Index:	1.00000000E+0
Figure 3 & 5,20230317,11,detect_data,Figure 3 & 5/20230317/Raman/Run 11/Raman-DetectData-Avg01-0163.txt,43890,1269,#k Index:	0.00000000E+0
Figure 3 & 5,20230317,11,detect_data,Figure 3 & 5/20230317/Raman/Run 11/Raman-DetectData-Avg01-0164.txt,43903,1269,#k Index:	1.00000000E+0
Figure 3 & 5,20230317,11,detect_data,Figure 3 & 5/20230317/Raman/Run 11/Raman-DetectData-Avg01-0165.txt,43905,1269,#k Index:	0.00000000E+0
Figure 3 & 5,20230317,11,detect_data,Figure 3 & 5/20230317/Raman/Run 11/Raman-DetectData-Avg01-0166.txt,43921,1269,#k Index:	1.00000000E+0
Figure 3 & 5,20230317,11,detect_data,Figure 3 & 5/20230317/Raman/Run 11/Raman-DetectData-Avg01-0167.txt,43871,1269,#k Index:	0.00000000E+0
Figure 3 & 5,20230317,11,detect_data,Figure 3 & 5/20230317/Raman/Run 11/Raman-DetectData-Avg01-0168.txt,43897,1269,#k Index:	1.00000000E+0
Figure 3 & 5,20230317,11,detect_data,Figure 3 & 5/20230317/Raman/Run 11/Raman-DetectData-Avg01-0169.txt,43928,1269,#k Index:	0.00000000E+0
Figure 3 & 5,20230317,11,detect_data,Figure 3 & 5/20230317/Raman/Run 11/Raman-DetectData-Avg01-0170.txt,43908,1269,#k Index:	1.00000000E+0
Figure 3 & 5,20230317,11,detect_data,Figure 3 & 5/20230317/Raman/Run 11/Raman-DetectData-Avg01-0171.txt,43895,1269,#k Index:	0.00000000E+0
Figure 3 & 5,20230317,11,detect_data,Figure 3 & 5/20230317/Raman/Run 11/Raman-DetectData-Avg01-0172.txt,43951,1269,#k Index:	1.00000000E+0
Figure 3 & 5,20230317,11,detect_data,Figure 3 & 5/20230317/Raman/Run 11/Raman-DetectData-Avg01-0173.txt,43922,1269,#k Index:	0.00000000E+0
Figure 3 & 5,20230317,11,detect_data,Figure 3 & 5/20230317/Raman/Run 11/Raman-DetectData-Avg01-0174.txt,43923,1269,#k Index:	1.00000000E+0
Figure 3 & 5,20230317,11,detect_data,Figure 3 & 5/20230317/Raman/Run 11/Raman-DetectData-Avg01-0175.txt,43922,1269,#k Index:	0.00000000E+0
Figure 3 & 5,20230317,11,detect_data,Figure 3 & 5/20230317/Raman/Run 11/Raman-DetectData-Avg01-0176.txt,43912,1269,#k Index:	1.00000000E+0
Figure 3 & 5,20230317,11,detect_data,Figure 3 & 5/20230317/Raman/Run 11/Raman-DetectData-Avg01-0177.txt,43913,1269,#k Index:	0.00000000E+0
Figure 3 & 5,20230317,11,detect_data,Figure 3 & 5/20230317/Raman/Run 11/Raman-DetectData-Avg01-0178.txt,43897,1269,#k Index:	1.00000000E+0
Figure 3 & 5,20230317,11,detect_data,Figure 3 & 5/20230317/Raman/Run 11/Raman-DetectData-Avg01-0179.txt,43862,1269,#k Index:	0.00000000E+0
Figure 3 & 5,20230317,11,detect_data,Figure 3 & 5/20230317/Raman/Run 11/Raman-DetectData-Avg01-0180.txt,43922,1269,#k Index:	1.00000000E+0
Figure 3 & 5,20230317,11,detect_data,Figure 3 & 5/20230317/Raman/Run 11/Raman-DetectData-Avg01-0181.txt,43866,1269,#k Index:	0.00000000E+0
Figure 3 & 5,20230317,11,detect_data,Figure 3 & 5/20230317/Raman/Run 11/Raman-DetectData-Avg01-0182.txt,43907,1269,#k Index:	1.00000000E+0
Figure 3 & 5,20230317,11,detect_data,Figure 3 & 5/20230317/Raman/Run 11/Raman-DetectData-Avg01-0183.txt,43914,1269,#k Index:	0.00000000E+0
Figure 3 & 5,20230317,11,detect_data,Figure 3 & 5/20230317/Raman/Run 11/Raman-DetectData-Avg01-0184.txt,43927,1269,#k Index:	1.00000000E+0
Figure 3 & 5,20230317,11,detect_data,Figure 3 & 5/20230317/Raman/Run 11/Raman-DetectData-Avg01-0185.txt,43963,1269,#k Index:	0.00000000E+0
Figure 3 & 5,20230317,11,detect_data,Figure 3 & 5/20230317/Raman/Run 11/Raman-DetectData-Avg01-0186.txt,43892,1269,#k Index:	1.00000000E+0
Figure 3 & 5,20230317,11,detect_data,Figure 3 & 5/20230317/Raman/Run 11/Raman-DetectData-Avg01-0187.txt,43901,1269,#k Index:	0.00000000E+0
Figure 3 & 5,20230317,11,detect_data,Figure 3 & 5/20230317/Raman/Run 11/Raman-DetectData-Avg01-0188.txt,43917,1269,#k Index:	1.00000000E+0
Figure 3 & 5,20230317,11,detect_data,Figure 3 & 5/20230317/Raman/Run 11/Raman-DetectData-Avg01-0189.txt,43865,1269,#k Index:	0.00000000E+0
Figure 3 & 5,20230317,11,detect_data,Figure 3 & 5/20230317/Raman/Run 11/Raman-DetectData-Avg01-0190.txt,43981,1269,#k Index:	1.00000000E+0
Figure 3 & 5,20230317,11,detect_data,Figure 3 & 5/20230317/Raman/Run 11/Raman-DetectData-Avg01-0191.txt,43935,1269,#k Index:	0.00000000E+0
Figure 3 & 5,20230317,11,detect_data,Figure 3 & 5/20230317/Raman/Run 11/Raman-DetectData-Avg01-0192.txt,43902,1269,#k Index:	1.00000000E+0
Figure 3 & 5,20230317,11,detect_data,Figure 3 & 5/20230317/Raman/Run 11/Raman-DetectData-Avg01-0193.txt,43927,1269,#k Index:	0.00000000E+0
Figure 3 & 5,20230317,11,detect_data,Figure 3 & 5/20230317/Raman/Run 11/Raman-DetectData-Avg01-0194.txt,43921,1269,#k Index:	1.00000000E+0
Figure 3 & 5,20230317,11,detect_data,Figure 3 & 5/20230317/Raman/Run 11/Raman-DetectData-Avg01-0195.txt,43914,1269,#k Index:	0.00000000E+0
Figure 3 & 5,20230317,11,detect_data,Figure 3 & 5/20230317/Raman/Run 11/Raman-DetectData-Avg01-0196.txt,43959,1269,#k Index:	1.00000000E+0
Figure 3 & 5,20230317,11,detect_data,Figure 3 & 5/20230317/Raman/Run 11/Raman-DetectData-Avg01-0197.txt,43946,1269,#k Index:	0.00000000E+0
Figure 3 & 5,20230317,11,detect_data,Figure 3 & 5/20230317/Raman/Run 11/Raman-DetectData-Avg01-0198.txt,43921,1269,#k Index:	1.00000000E+0
Figure 3 & 5,20230317,11,detect_data,Figure 3 & 5/20230317/Raman/Run 11/Raman-DetectData-Avg01-0199.txt,43954,1269,#k Index:	0.00000000E+0
Figure 3 & 5,20230317,11,detect_data,Figure 3 & 5/20230317/Raman/Run 11/Raman-DetectData-Avg01-0200.txt,43905,1269,#k Index:	1.00000000E+0
Figure 3 & 5,20230317,11,detect_data,Figure 3 & 5/20230317/Raman/Run 11/Raman-DetectData-Avg01-0201.txt,43886,1269,#k Index:	0.00000000E+0
Figure 3 & 5,20230317,11,detect_data,Figure 3 & 5/20230317/Raman/Run 11/Raman-DetectData-Avg01-0202.txt,43947,1269,#k Index:	1.00000000E+0
Figure 3 & 5,20230317,11,detect_data,Figure 3 & 5/20230317/Raman/Run 11/Raman-DetectData-Avg01-0203.txt,43925,1269,#k Index:	0.00000000E+0
Figure 3 & 5,20230317,11,detect_data,Figure 3 & 5/20230317/Raman/Run 11/Raman-DetectData-Avg01-0204.txt,43905,1269,#k Index:	1.00000000E+0
Figure 3 & 5,20230317,11,detect_data,Figure 3 & 5/20230317/Raman/Run 11/Raman-DetectData-Avg01-0205.txt,43865,1269,#k Index:	0.00000000E+0
Figure 3 & 5,20230317,11,detect_data,Figure 3 & 5/20230317/Raman/Run 11/Raman-DetectData-Avg01-0206.txt,43944,1269,#k Index:	1.00000000E+0
Figure 3 & 5,20230317,11,detect_data,Figure 3 & 5/20230317/Raman/Run 11/Raman-DetectData-Avg01-0207.txt,43889,1269,#k Index:	0.00000000E+0
Figure 3 & 5,20230317,11,detect_data,Figure 3 & 5/20230317/Raman/Run 11/Raman-DetectData-Avg01-0208.txt,43929,1269,#k Index:	1.00000000E+0
Figure 3 & 5,20230317,11,detect_data,Figure 3 & 5/20230317/Raman/Run 11/Raman-DetectData-Avg01-0209.txt,43880,1269,#k Index:	0.00000000E+0
Figure 3 & 5,20230317,11,detect_data,Figure 3 & 5/20230317/Raman/Run 11/Raman-DetectData-Avg01-0210.txt,43856,1269,#k Index:	1.00000000E+0
Figure 3 & 5,20230317,11,detect_data,Figure 3 & 5/20230317/Raman/Run 11/Raman-DetectData-Avg01-0211.txt,43924,1269,#k Index:	0.00000000E+0
Figure 3 & 5,20230317,11,detect_data,Figure 3 & 5/20230317/Raman/Run 11/Raman-DetectData-Avg01-0212.txt,43970,1269,#k Index:	1.00000000E+0
Figure 3 & 5,20230317,11,detect_data,Figure 3 & 5/20230317/Raman/Run 11/Raman-DetectData-Avg01-0213.txt,43876,1269,#k Index:	0.00000000E+0
Figure 3 & 5,20230317,11,detect_data,Figure 3 & 5/20230317/Raman/Run 11/Raman-DetectData-Avg01-0214.txt,43925,1269,#k Index:	1.00000000E+0
Figure 3 & 5,20230317,11,detect_data,Figure 3 & 5/20230317/Raman/Run 11/Raman-DetectData-Avg01-0215.txt,43915,1269,#k Index:	0.00000000E+0
Figure 3 & 5,20230317,11,detect_data,Figure 3 & 5/20230317/Raman/Run 11/Raman-DetectData-Avg01-0216.txt,43898,1269,#k Index:	1.00000000E+0
Figure 3 & 5,20230317,11,detect_data,Figure 3 & 5/20230317/Raman/Run 11/Raman-DetectData-Avg01-0217.txt,43896,1269,#k Index:	0.00000000E+0
Figure 3 & 5,20230317,11,detect_data,Figure 3 & 5/20230317/Raman/Run 11/Raman-DetectData-Avg01-0218.txt,43943,1269,#k Index:	1.00000000E+0
Figure 3 & 5,20230317,11,detect_data,Figure 3 & 5/20230317/Raman/Run 11/Raman-DetectData-Avg01-0219.txt,43881,1269,#k Index:	0.00000000E+0
Figure 3 & 5,20230317,11,detect_data,Figure 3 & 5/20230317/Raman/Run 11/Raman-DetectData-Avg01-0220.txt,43896,1269,#k Index:	1.00000000E+0
Figure 3 & 5,20230317,11,detect_data,Figure 3 & 5/20230317/Raman/Run 11/Raman-DetectData-Avg01-0221.txt,43886,1269,#k Index:	0.00000000E+0
Figure 3 & 5,20230317,11,detect_data,Figure 3 & 5/20230317/Raman/Run 11/Raman-DetectData-Avg01-0222.txt,43897,1269,#k Index:	1.00000000E+0
Figure 3 & 5,20230317,11,detect_data,Figure 3 & 5/20230317/Raman/Run 11/Raman-DetectData-Avg01-0223.txt,43869,1269,#k Index:	0.00000000E+0
Figure 3 & 5,20230317,11,detect_data,Figure 3 & 5/20230317/Raman/Run 11/Raman-DetectData-Avg01-0224.txt,43899,1269,#k Index:	1.00000000E+0
Figure 3 & 5,20230317,11,detect_data,Figure 3 & 5/20230317/Raman/Run 11/Raman-DetectData-Avg01-0225.txt,43908,1269,#k Index:	0.00000000E+0
Figure 3 & 5,20230317,11,detect_data,Figure 3 & 5/20230317/Raman/Run 11/Raman-DetectData-Avg01-0226.txt,43876,1269,#k Index:	1.00000000E+0
Figure 3 & 5,20230317,11,detect_data,Figure 3 & 5/20230317/Raman/Run 11/Raman-DetectData-Avg01-0227.txt,43877,1269,#k Index:	0.00000000E+0
Figure 3 & 5,20230317,11,detect_data,Figure 3 & 5/20230317/Raman/Run 11/Raman-DetectData-Avg01-0228.txt,43910,1269,#k Index:	1.00000000E+0
Figure 3 & 5,20230317,11,detect_data,Figure 3 & 5/20230317/Raman/Run 11/Raman-DetectData-Avg01-0229.txt,43875,1269,#k Index:	0.00000000E+0
Figure 3 & 5,20230317,11,detect_data,Figure 3 & 5/20230317/Raman/Run 11/Raman-DetectData-Avg01-0230.txt,43984,1269,#k Index:	1.00000000E+0
Figure 3 & 5,20230317,11,detect_data,Figure 3 & 5/20230317/Raman/Run 11/Raman-DetectData-Avg01-0231.txt,43876,1269,#k Index:	0.00000000E+0
Figure 3 & 5,20230317,11,detect_data,Figure 3 & 5/20230317/Raman/Run 11/Raman-DetectData-Avg01-0232.txt,43859,1269,#k Index:	1.00000000E+0
Figure 3 & 5,20230317,11,detect_data,Figure 3 & 5/20230317/Raman/Run 11/Raman-DetectData-Avg01-0233.txt,43901,1269,#k Index:	0.00000000E+0
Figure 3 & 5,20230317,11,detect_data,Figure 3 & 5/20230317/Raman/Run 11/Raman-DetectData-Avg01-0234.txt,43919,1269,#k Index:	1.00000000E+0
Figure 3 & 5,20230317,11,detect_data,Figure 3 & 5/20230317/Raman/Run 11/Raman-DetectData-Avg01-0235.txt,43905,1269,#k Index:	0.00000000E+0
Figure 3 & 5,20230317,11,detect_data,Figure 3 & 5/20230317/Raman/Run 11/Raman-DetectData-Avg01-0236.txt,43892,1269,#k Index:	1.00000000E+0
Figure 3 & 5,20230317,11,detect_data,Figure 3 & 5/20230317/Raman/Run 11/Raman-DetectData-Avg01-0237.txt,43895,1269,#k Index:	0.00000000E+0
Figure 3 & 5,20230317,11,detect_data,Figure 3 & 5/20230317/Raman/Run 11/Raman-DetectData-Avg01-0238.txt,43991,1269,#k Index:	1.00000000E+0
Figure 3 & 5,20230317,11,detect_data,Figure 3 & 5/20230317/Raman/Run 11/Raman-DetectData-Avg01-0239.txt,43897,1269,#k Index:	0.00000000E+0
Figure 3 & 5,20230317,11,detect_data,Figure 3 & 5/20230317/Raman/Run 11/Raman-DetectData-Avg01-0240.txt,43946,1269,#k Index:	1.00000000E+0
Figure 3 & 5,20230317,11,detect_data,Figure 3 & 5/20230317/Raman/Run 11/Raman-DetectData-Avg01-0241.txt,43892,1269,#k Index:	0.00000000E+0
Figure 3 & 5,20230317,11,detect_data,Figure 3 & 5/20230317/Raman/Run 11/Raman-DetectData-Avg01-0242.txt,43915,1269,#k Index:	1.00000000E+0
Figure 3 & 5,20230317,11,avg01_ratios,Figure 3 & 5/20230317/Raman/Run 11/Raman-Run11-Avg01-Ratios-kD.txt,13867,122,#Iteration	Date	Time	Chirp	Phase	RamanAxis	RTPhase	NFringe	Ratio
Figure 3 & 5,20230317,11,avg01_ratios,Figure 3 & 5/20230317/Raman/Run 11/Raman-Run11-Avg01-Ratios-kU.txt,13744,122,#Iteration	Date	Time	Chirp	Phase	RamanAxis	RTPhase	NFringe	Ratio
Figure 3 & 5,20230317,11,avg_ratios,Figure 3 & 5/20230317/Raman/Run 11/Raman-Run11-AvgRatios-kD.txt,12052,122,#Iteration	Date	Time	Chirp	Phase	RamanAxis	RatioMean	RatioStdDev
Figure 3 & 5,20230317,11,avg_ratios,Figure 3 & 5/20230317/Raman/Run 11/Raman-Run11-AvgRatios-kU.txt,12050,122,#Iteration	Date	Time	Chirp	Phase	RamanAxis	RatioMean	RatioStdDev
Figure 3 & 5,20230317,11,rotations_data,Figure 3 & 5/20230317/Raman/Run 11/Raman-Run11-RotationsData.txt,33890,243,#Iteration	Date	Time	STSX	STSY	RotationRateX	RotationRateY	FrCntX	FrCntY	TiptiltCmd1	TiptiltCmd2	TiptiltMonitor1	TiptiltMonitor2
Figure 3 & 5,20230317,11,rt_data,Figure 3 & 5/20230317/Raman/Run 11/Raman-Run11-RTData.txt,24281,243,#Iteration	Date	Time	RTPhase	NFringe	AccelAxis	AccelMean	AccelTemp
Figure 3 & 5,20230317,12,parameters,Figure 3 & 5/20230317/Raman/Run 12/Parameters.txt,1633,60,Software Version: 3.4
Figure 3 & 5,20230317,12,detect_data,Figure 3 & 5/20230317/Raman/Run 12/Raman-DetectData-Avg01-0001.txt,43868,1269,#k Index:	0.00000000E+0
Figure 3 & 5,20230317,12,detect_data,Figure 3 & 5/20230317/Raman/Run 12/Raman-DetectData-Avg01-0002.txt,43936,1269,#k Index:	1.00000000E+0
Figure 3 & 5,20230317,12,detect_data,Figure 3 & 5/20230317/Raman/Run 12/Raman-DetectData-Avg01-0003.txt,43957,1269,#k Index:	0.00000000E+0
Figure 3 & 5,20230317,12,detect_data,Figure 3 & 5/20230317/Raman/Run 12/Raman-DetectData-Avg01-0004.txt,43856,1269,#k Index:	1.00000000E+0
Figure 3 & 5,20230317,12,detect_data,Figure 3 & 5/20230317/Raman/Run 12/Raman-DetectData-Avg01-0005.txt,43869,1269,#k Index:	0.00000000E+0
Figure 3 & 5,20230317,12,detect_data,Figure 3 & 5/20230317/Raman/Run 12/Raman-DetectData-Avg01-0006.txt,43866,1269,#k Index:	1.00000000E+0
Figure 3 & 5,20230317,12,detect_data,Figure 3 & 5/20230317/Raman/Run 12/Raman-DetectData-Avg01-0007.txt,43898,1269,#k Index:	0.00000000E+0
Figure 3 & 5,20230317,12,detect_data,Figure 3 & 5/20230317/Raman/Run 12/Raman-DetectData-Avg01-0008.txt,43904,1269,#k Index:	1.00000000E+0
Figure 3 & 5,20230317,12,detect_data,Figure 3 & 5/20230317/Raman/Run 12/Raman-DetectData-Avg01-0009.txt,43903,1269,#k Index:	0.00000000E+0
Figure 3 & 5,20230317,12,detect_data,Figure 3 & 5/20230317/Raman/Run 12/Raman-DetectData-Avg01-0010.txt,43945,1269,#k Index:	1.00000000E+0
Figure 3 & 5,20230317,12,detect_data,Figure 3 & 5/20230317/Raman/Run 12/Raman-DetectData-Avg01-0011.txt,43874,1269,#k Index:	0.00000000E+0
Figure 3 & 5,20230317,12,detect_data,Figure 3 & 5/20230317/Raman/Run 12/Raman-DetectData-Avg01-0012.txt,43911,1269,#k Index:	1.00000000E+0
Figure 3 & 5,20230317,12,detect_data,Figure 3 & 5/20230317/Raman/Run 12/Raman-DetectData-Avg01-0013.txt,43880,1269,#k Index:	0.00000000E+0
Figure 3 & 5,20230317,12,detect_data,Figure 3 & 5/20230317/Raman/Run 12/Raman-DetectData-Avg01-0014.txt,43862,1269,#k Index:	1.00000000E+0
Figure 3 & 5,20230317,12,detect_data,Figure 3 & 5/20230317/Raman/Run 12/Raman-DetectData-Avg01-0015.txt,43899,1269,#k Index:	0.00000000E+0
Figure 3 & 5,20230317,12,detect_data,Figure 3 & 5/20230317/Raman/Run 12/Raman-DetectData-Avg01-0016.txt,43933,1269,#k Index:	1.00000000E+0
Figure 3 & 5,20230317,12,detect_data,Figure 3 & 5/20230317/Raman/Run 12/Raman-DetectData-Avg01-0017.txt,43939,1269,#k Index:	0.00000000E+0
Figure 3 & 5,20230317,12,detect_data,Figure 3 & 5/20230317/Raman/Run 12/Raman-DetectData-Avg01-0018.txt,43895,1269,#k Index:	1.00000000E+0
Figure 3 & 5,20230317,12,detect_data,Figure 3 & 5/20230317/Raman/Run 12/Raman-DetectData-Avg01-0019.txt,43949,1269,#k Index:	0.00000000E+0
Figure 3 & 5,20230317,12,detect_data,Figure 3 & 5/20230317/Raman/Run 12/Raman-DetectData-Avg01-0020.txt,43901,1269,#k Index:	1.00000000E+0
Figure 3 & 5,20230317,12,detect_data,Figure 3 & 5/20230317/Raman/Run 12/Raman-DetectData-Avg01-0021.txt,43866,1269,#k Index:	0.00000000E+0
Figure 3 & 5,20230317,12,detect_data,Figure 3 & 5/20230317/Raman/Run 12/Raman-DetectData-Avg01-0022.txt,43915,1269,#k Index:	1.00000000E+0
Figure 3 & 5,20230317,12,detect_data,Figure 3 & 5/20230317/Raman/Run 12/Raman-DetectData-Avg01-0023.txt,43936,1269,#k Index:	0.00000000E+0
Figure 3 & 5,20230317,12,detect_data,Figure 3 & 5/20230317/Raman/Run 12/Raman-DetectData-Avg01-0024.txt,43901,1269,#k Index:	1.00000000E+0
Figure 3 & 5,20230317,12,detect_data,Figure 3 & 5/20230317/Raman/Run 12/Raman-DetectData-Avg01-0025.txt,43912,1269,#k Index:	0.00000000E+0
Figure 3 & 5,20230317,12,detect_data,Figure 3 & 5/20230317/Raman/Run 12/Raman-DetectData-Avg01-0026.txt,43912,1269,#k Index:	1.00000000E+0
Figure 3 & 5,20230317,12,detect_data,Figure 3 & 5/20230317/Raman/Run 12/Raman-DetectData-Avg01-0027.txt,43870,1269,#k Index:	0.00000000E+0
Figure 3 & 5,20230317,12,detect_data,Figure 3 & 5/20230317/Raman/Run 12/Raman-DetectData-Avg01-0028.txt,43874,1269,#k Index:	1.00000000E+0
Figure 3 & 5,20230317,12,detect_data,Figure 3 & 5/20230317/Raman/Run 12/Raman-DetectData-Avg01-0029.txt,43915,1269,#k Index:	0.00000000E+0
Figure 3 & 5,20230317,12,detect_data,Figure 3 & 5/20230317/Raman/Run 12/Raman-DetectData-Avg01-0030.txt,43948,1269,#k Index:	1.00000000E+0
Figure 3 & 5,20230317,12,detect_data,Figure 3 & 5/20230317/Raman/Run 12/Raman-DetectData-Avg01-0031.txt,43941,1269,#k Index:	0.00000000E+0
Figure 3 & 5,20230317,12,detect_data,Figure 3 & 5/20230317/Raman/Run 12/Raman-DetectData-Avg01-0032.txt,43896,1269,#k Index:	1.00000000E+0
Figure 3 & 5,20230317,12,detect_data,Figure 3 & 5/20230317/Raman/Run 12/Raman-DetectData-Avg01-0033.txt,43941,1269,#k Index:	0.00000000E+0
Figure 3 & 5,20230317,12,detect_data,Figure 3 & 5/20230317/Raman/Run 12/Raman-DetectData-Avg01-0034.txt,43913,1269,#k Index:	1.00000000E+0
Figure 3 & 5,20230317,12,detect_data,Figure 3 & 5/20230317/Raman/Run 12/Raman-DetectData-Avg01-0035.txt,43856,1269,#k Index:	0.00000000E+0
Figure 3 & 5,20230317,12,detect_data,Figure 3 & 5/20230317/Raman/Run 12/Raman-DetectData-Avg01-0036.txt,43907,1269,#k Index:	1.00000000E+0
Figure 3 & 5,20230317,12,detect_data,Figure 3 & 5/20230317/Raman/Run 12/Raman-DetectData-Avg01-0037.txt,43947,1269,#k Index:	0.00000000E+0
Figure 3 & 5,20230317,12,detect_data,Figure 3 & 5/20230317/Raman/Run 12/Raman-DetectData-Avg01-0038.txt,43892,1269,#k Index:	1.00000000E+0
Figure 3 & 5,20230317,12,detect_data,Figure 3 & 5/20230317/Raman/Run 12/Raman-DetectData-Avg01-0039.txt,43885,1269,#k Index:	0.00000000E+0
Figure 3 & 5,20230317,12,detect_data,Figure 3 & 5/20230317/Raman/Run 12/Raman-DetectData-Avg01-0040.txt,43926,1269,#k Index:	1.00000000E+0
Figure 3 & 5,20230317,12,detect_data,Figure 3 & 5/20230317/Raman/Run 12/Raman-DetectData-Avg01-0041.txt,43934,1269,#k Index:	0.00000000E+0
Figure 3 & 5,20230317,12,detect_data,Figure 3 & 5/20230317/Raman/Run 12/Raman-DetectData-Avg01-0042.txt,43881,1269,#k Index:	1.00000000E+0
Figure 3 & 5,20230317,12,detect_data,Figure 3 & 5/20230317/Raman/Run 12/Raman-DetectData-Avg01-0043.txt,43906,1269,#k Index:	0.00000000E+0
Figure 3 & 5,20230317,12,detect_data,Figure 3 & 5/20230317/Raman/Run 12/Raman-DetectData-Avg01-0044.txt,43897,1269,#k Index:	1.00000000E+0
Figure 3 & 5,20230317,12,detect_data,Figure 3 & 5/20230317/Raman/Run 12/Raman-DetectData-Avg01-0045.txt,43894,1269,#k Index:	0.00000000E+0
Figure 3 & 5,20230317,12,detect_data,Figure 3 & 5/20230317/Raman/Run 12/Raman-DetectData-Avg01-0046.txt,43966,1269,#k Index:	1.00000000E+0
Figure 3 & 5,20230317,12,detect_data,Figure 3 & 5/20230317/Raman/Run 12/Raman-DetectData-Avg01-0047.txt,43885,1269,#k Index:	0.00000000E+0
Figure 3 & 5,20230317,12,detect_data,Figure 3 & 5/20230317/Raman/Run 12/Raman-DetectData-Avg01-0048.txt,43906,1269,#k Index:	1.00000000E+0
Figure 3 & 5,20230317,12,detect_data,Figure 3 & 5/20230317/Raman/Run 12/Raman-DetectData-Avg01-0049.txt,43901,1269,#k Index:	0.00000000E+0
Figure 3 & 5,20230317,12,detect_data,Figure 3 & 5/20230317/Raman/Run 12/Raman-DetectData-Avg01-0050.txt,43903,1269,#k Index:	1.00000000E+0
Figure 3 & 5,20230317,12,detect_data,Figure 3 & 5/20230317/Raman/Run 12/Raman-DetectData-Avg01-0051.txt,43908,1269,#k Index:	0.00000000E+0
Figure 3 & 5,20230317,12,detect_data,Figure 3 & 5/20230317/Raman/Run 12/Raman-DetectData-Avg01-0052.txt,43887,1269,#k Index:	1.00000000E+0
Figure 3 & 5,20230317,12,detect_data,Figure 3 & 5/20230317/Raman/Run 12/Raman-DetectData-Avg01-0053.txt,43886,1269,#k Index:	0.00000000E+0
Figure 3 & 5,20230317,12,detect_data,Figure 3 & 5/20230317/Raman/Run 12/Raman-DetectData-Avg01-0054.txt,43900,1269,#k Index:	1.00000000E+0
Figure 3 & 5,20230317,12,detect_data,Figure 3 & 5/20230317/Raman/Run 12/Raman-DetectData-Avg01-0055.txt,43925,1269,#k Index:	0.00000000E+0
Figure 3 & 5,20230317,12,detect_data,Figure 3 & 5/20230317/Raman/Run 12/Raman-DetectData-Avg01-0056.txt,43864,1269,#k Index:	1.00000000E+0
Figure 3 & 5,20230317,12,detect_data,Figure 3 & 5/20230317/Raman/Run 12/Raman-DetectData-Avg01-0057.txt,43865,1269,#k Index:	0.00000000E+0
Figure 3 & 5,20230317,12,detect_data,Figure 3 & 5/20230317/Raman/Run 12/Raman-DetectData-Avg01-0058.txt,43885,1269,#k Index:	1.00000000E+0
Figure 3 & 5,20230317,12,detect_data,Figure 3 & 5/20230317/Raman/Run 12/Raman-DetectData-Avg01-0059.txt,43901,1269,#k Index:	0.00000000E+0
Figure 3 & 5,20230317,12,detect_data,Figure 3 & 5/20230317/Raman/Run 12/Raman-DetectData-Avg01-0060.txt,43988,1269,#k Index:	1.00000000E+0
Figure 3 & 5,20230317,12,detect_data,Figure 3 & 5/20230317/Raman/Run 12/Raman-DetectData-Avg01-0061.txt,43913,1269,#k Index:	0.00000000E+0
Figure 3 & 5,20230317,12,detect_data,Figure 3 & 5/20230317/Raman/Run 12/Raman-DetectData-Avg01-0062.txt,43913,1269,#k Index:	1.00000000E+0
Figure 3 & 5,20230317,12,detect_data,Figure 3 & 5/20230317/Raman/Run 12/Raman-DetectData-Avg01-0063.txt,43885,1269,#k Index:	0.00000000E+0
Figure 3 & 5,20230317,12,detect_data,Figure 3 & 5/20230317/Raman/Run 12/Raman-DetectData-Avg01-0064.txt,43872,1269,#k Index:	1.00000000E+0
Figure 3 & 5,20230317,12,detect_data,Figure 3 & 5/20230317/Raman/Run 12/Raman-DetectData-Avg01-0065.txt,43930,1269,#k Index:	0.00000000E+0
Figure 3 & 5,20230317,12,detect_data,Figure 3 & 5/20230317/Raman/Run 12/Raman-DetectData-Avg01-0066.txt,43874,1269,#k Index:	1.00000000E+0
Figure 3 & 5,20230317,12,detect_data,Figure 3 & 5/20230317/Raman/Run 12/Raman-DetectData-Avg01-0067.txt,43936,1269,#k Index:	0.00000000E+0
Figure 3 & 5,20230317,12,detect_data,Figure 3 & 5/20230317/Raman/Run 12/Raman-DetectData-Avg01-0068.txt,43896,1269,#k Index:	1.00000000E+0
Figure 3 & 5,20230317,12,detect_data,Figure 3 & 5/20230317/Raman/Run 12/Raman-DetectData-Avg01-0069.txt,43911,1269,#k Index:	0.00000000E+0
Figure 3 & 5,20230317,12,detect_data,Figure 3 & 5/20230317/Raman/Run 12/Raman-DetectData-Avg01-0070.txt,43922,1269,#k Index:	1.00000000E+0
Figure 3 & 5,20230317,12,detect_data,Figure 3 & 5/20230317/Raman/Run 12/Raman-DetectData-Avg01-0071.txt,43868,1269,#k Index:	0.00000000E+0
Figure 3 & 5,20230317,12,detect_data,Figure 3 & 5/20230317/Raman/Run 12/Raman-DetectData-Avg01-0072.txt,43910,1269,#k Index:	1.00000000E+0
Figure 3 & 5,20230317,12,detect_data,Figure 3 & 5/20230317/Raman/Run 12/Raman-DetectData-Avg01-0073.txt,43896,1269,#k Index:	0.00000000E+0
Figure 3 & 5,20230317,12,detect_data,Figure 3 & 5/20230317/Raman/Run 12/Raman-DetectData-Avg01-0074.txt,43940,1269,#k Index:	1.00000000E+0
Figure 3 & 5,20230317,12,detect_data,Figure 3 & 5/20230317/Raman/Run 12/Raman-DetectData-Avg01-0075.txt,43901,1269,#k Index:	0.00000000E+0
Figure 3 & 5,20230317,12,detect_data,Figure 3 & 5/20230317/Raman/Run 12/Raman-DetectData-Avg01-0076.txt,43917,1269,#k Index:	1.00000000E+0
Figure 3 & 5,20230317,12,detect_data,Figure 3 & 5/20230317/Raman/Run 12/Raman-DetectData-Avg01-0077.txt,43961,1269,#k Index:	0.00000000E+0
Figure 3 & 5,20230317,12,detect_data,Figure 3 & 5/20230317/Raman/Run 12/Raman-DetectData-Avg01-0078.txt,43920,1269,#k Index:	1.00000000E+0
Figure 3 & 5,20230317,12,detect_data,Figure 3 & 5/20230317/Raman/Run 12/Raman-DetectData-Avg01-0079.txt,43976,1269,#k Index:	0.00000000E+0
Figure 3 & 5,20230317,12,detect_data,Figure 3 & 5/20230317/Raman/Run 12/Raman-DetectData-Avg01-0080.txt,43884,1269,#k Index:	1.00000000E+0
Figure 3 & 5,20230317,12,detect_data,Figure 3 & 5/20230317/Raman/Run 12/Raman-DetectData-Avg01-0081.txt,43849,1269,#k Index:	0.00000000E+0
Figure 3 & 5,20230317,12,detect_data,Figure 3 & 5/20230317/Raman/Run 12/Raman-DetectData-Avg01-0082.txt,43914,1269,#k Index:	1.00000000E+0
Figure 3 & 5,20230317,12,detect_data,Figure 3 & 5/20230317/Raman/Run 12/Raman-DetectData-Avg01-0083.txt,43945,1269,#k Index:	0.00000000E+0
Figure 3 & 5,20230317,12,detect_data,Figure 3 & 5/20230317/Raman/Run 12/Raman-DetectData-Avg01-0084.txt,43903,1269,#k Index:	1.00000000E+0
Figure 3 & 5,20230317,12,detect_data,Figure 3 & 5/20230317/Raman/Run 12/Raman-DetectData-Avg01-0085.txt,43904,1269,#k Index:	0.00000000E+0
Figure 3 & 5,20230317,12,detect_data,Figure 3 & 5/20230317/Raman/Run 12/Raman-DetectData-Avg01-0086.txt,43902,1269,#k Index:	1.00000000E+0
Figure 3 & 5,20230317,12,detect_data,Figure 3 & 5/20230317/Raman/Run 12/Raman-DetectData-Avg01-0087.txt,43942,1269,#k Index:	0.00000000E+0
Figure 3 & 5,20230317,12,detect_data,Figure 3 & 5/20230317/Raman/Run 12/Raman-DetectData-Avg01-0088.txt,43922,1269,#k Index:	1.00000000E+0
Figure 3 & 5,20230317,12,detect_data,Figure 3 & 5/20230317/Raman/Run 12/Raman-DetectData-Avg01-0089.txt,43901,1269,#k Index:	0.00000000E+0
Figure 3 & 5,20230317,12,detect_data,Figure 3 & 5/20230317/Raman/Run 12/Raman-DetectData-Avg01-0090.txt,43902,1269,#k Index:	1.00000000E+0
Figure 3 & 5,20230317,12,detect_data,Figure 3 & 5/20230317/Raman/Run 12/Raman-DetectData-Avg01-0091.txt,43914,1269,#k Index:	0.00000000E+0
Figure 3 & 5,20230317,12,detect_data,Figure 3 & 5/20230317/Raman/Run 12/Raman-DetectData-Avg01-0092.txt,43894,1269,#k Index:	1.00000000E+0
Figure 3 & 5,20230317,12,detect_data,Figure 3 & 5/20230317/Raman/Run 12/Raman-DetectData-Avg01-0093.txt,43950,1269,#k Index:	0.00000000E+0
Figure 3 & 5,20230317,12,detect_data,Figure 3 & 5/20230317/Raman/Run 12/Raman-DetectData-Avg01-0094.txt,43889,1269,#k Index:	1.00000000E+0
Figure 3 & 5,20230317,12,detect_data,Figure 3 & 5/20230317/Raman/Run 12/Raman-DetectData-Avg01-0095.txt,43904,1269,#k Index:	0.00000000E+0
Figure 3 & 5,20230317,12,detect_data,Figure 3 & 5/20230317/Raman/Run 12/Raman-DetectData-Avg01-0096.txt,43933,1269,#k Index:	1.00000000E+0
Figure 3 & 5,20230317,12,detect_data,Figure 3 & 5/20230317/Raman/Run 12/Raman-DetectData-Avg01-0097.txt,43914,1269,#k Index:	0.00000000E+0
Figure 3 & 5,20230317,12,detect_data,Figure 3 & 5/20230317/Raman/Run 12/Raman-DetectData-Avg01-0098.txt,43899,1269,#k Index:	1.00000000E+0
Figure 3 & 5,20230317,12,detect_data,Figure 3 & 5/20230317/Raman/Run 12/Raman-DetectData-Avg01-0099.txt,43917,1269,#k Index:	0.00000000E+0
Figure 3 & 5,20230317,12,detect_data,Figure 3 & 5/20230317/Raman/Run 12/Raman-DetectData-Avg01-0100.txt,43877,1269,#k Index:	1.00000000E+0
Figure 3 & 5,20230317,12,detect_data,Figure 3 & 5/20230317/Raman/Run 12/Raman-DetectData-Avg01-0101.txt,43943,1269,#k Index:	0.00000000E+0
Figure 3 & 5,20230317,12,detect_data,Figure 3 & 5/20230317/Raman/Run 12/Raman-DetectData-Avg01-0102.txt,43905,1269,#k Index:	1.00000000E+0
Figure 3 & 5,20230317,12,detect_data,Figure 3 & 5/20230317/Raman/Run 12/Raman-DetectData-Avg01-0103.txt,43907,1269,#k Index:	0.00000000E+0
Figure 3 & 5,20230317,12,detect_data,Figure 3 & 5/20230317/Raman/Run 12/Raman-DetectData-Avg01-0104.txt,43930,1269,#k Index:	1.00000000E+0
Figure 3 & 5,20230317,12,detect_data,Figure 3 & 5/20230317/Raman/Run 12/Raman-DetectData-Avg01-0105.txt,43910,1269,#k Index:	0.00000000E+0
Figure 3 & 5,20230317,12,detect_data,Figure 3 & 5/20230317/Raman/Run 12/Raman-DetectData-Avg01-0106.txt,43909,1269,#k Index:	1.00000000E+0
Figure 3 & 5,20230317,12,detect_data,Figure 3 & 5/20230317/Raman/Run 12/Raman-DetectData-Avg01-0107.txt,43894,1269,#k Index:	0.00000000E+0
Figure 3 & 5,20230317,12,detect_data,Figure 3 & 5/20230317/Raman/Run 12/Raman-DetectData-Avg01-0108.txt,43938,1269,#k Index:	1.00000000E+0
Figure 3 & 5,20230317,12,detect_data,Figure 3 & 5/20230317/Raman/Run 12/Raman-DetectData-Avg01-0109.txt,43886,1269,#k Index:	0.00000000E+0
Figure 3 & 5,20230317,12,detect_data,Figure 3 & 5/20230317/Raman/Run 12/Raman-DetectData-Avg01-0110.txt,43886,1269,#k Index:	1.00000000E+0
Figure 3 & 5,20230317,12,detect_data,Figure 3 & 5/20230317/Raman/Run 12/Raman-DetectData-Avg01-0111.txt,43883,1269,#k Index:	0.00000000E+0
Figure 3 & 5,20230317,12,detect_data,Figure 3 & 5/20230317/Raman/Run 12/Raman-DetectData-Avg01-0112.txt,43905,1269,#k Index:	1.00000000E+0
Figure 3 & 5,20230317,12,detect_data,Figure 3 & 5/20230317/Raman/Run 12/Raman-DetectData-Avg01-0113.txt,43889,1269,#k Index:	0.00000000E+0
Figure 3 & 5,20230317,12,detect_data,Figure 3 & 5/20230317/Raman/Run 12/Raman-DetectData-Avg01-0114.txt,43892,1269,#k Index:	1.00000000E+0
Figure 3 & 5,20230317,12,detect_data,Figure 3 & 5/20230317/Raman/Run 12/Raman-DetectData-Avg01-0115.txt,43931,1269,#k Index:	0.00000000E+0
Figure 3 & 5,20230317,12,detect_data,Figure 3 & 5/20230317/Raman/Run 12/Raman-DetectData-Avg01-0116.txt,43913,1269,#k Index:	1.00000000E+0
Figure 3 & 5,20230317,12,detect_data,Figure 3 & 5/20230317/Raman/Run 12/Raman-DetectData-Avg01-0117.txt,43897,1269,#k Index:	0.00000000E+0
Figure 3 & 5,20230317,12,detect_data,Figure 3 & 5/20230317/Raman/Run 12/Raman-DetectData-Avg01-0118.txt,43919,1269,#k Index:	1.00000000E+0
Figure 3 & 5,20230317,12,detect_data,Figure 3 & 5/20230317/Raman/Run 12/Raman-DetectData-Avg01-0119.txt,43905,1269,#k Index:	0.00000000E+0
Figure 3 & 5,20230317,12,detect_data,Figure 3 & 5/20230317/Raman/Run 12/Raman-DetectData-Avg01-0120.txt,43881,1269,#k Index:	1.00000000E+0
Figure 3 & 5,20230317,12,detect_data,Figure 3 & 5/20230317/Raman/Run 12/Raman-DetectData-Avg01-0121.txt,43878,1269,#k Index:	0.00000000E+0
Figure 3 & 5,20230317,12,detect_data,Figure 3 & 5/20230317/Raman/Run 12/Raman-DetectData-Avg01-0122.txt,43917,1269,#k Index:	1.00000000E+0
Figure 3 & 5,20230317,12,detect_data,Figure 3 & 5/20230317/Raman/Run 12/Raman-DetectData-Avg01-0123.txt,43878,1269,#k Index:	0.00000000E+0
Figure 3 & 5,20230317,12,detect_data,Figure 3 & 5/20230317/Raman/Run 12/Raman-DetectData-Avg01-0124.txt,43904,1269,#k Index:	1.00000000E+0
Figure 3 & 5,20230317,12,detect_data,Figure 3 & 5/20230317/Raman/Run 12/Raman-DetectData-Avg01-0125.txt,43904,1269,#k Index:	0.00000000E+0
Figure 3 & 5,20230317,12,detect_data,Figure 3 & 5/20230317/Raman/Run 12/Raman-DetectData-Avg01-0126.txt,43884,1269,#k Index:	1.00000000E+0
Figure 3 & 5,20230317,12,detect_data,Figure 3 & 5/20230317/Raman/Run 12/Raman-DetectData-Avg01-0127.txt,43891,1269,#k Index:	0.00000000E+0
Figure 3 & 5,20230317,12,detect_data,Figure 3 & 5/20230317/Raman/Run 12/Raman-DetectData-Avg01-0128.txt,43909,1269,#k Index:	1.00000000E+0
Figure 3 & 5,20230317,12,detect_data,Figure 3 & 5/20230317/Raman/Run 12/Raman-DetectData-Avg01-0129.txt,43876,1269,#k Index:	0.00000000E+0
Figure 3 & 5,20230317,12,detect_data,Figure 3 & 5/20230317/Raman/Run 12/Raman-DetectData-Avg01-0130.txt,43887,1269,#k Index:	1.00000000E+0
Figure 3 & 5,20230317,12,detect_data,Figure 3 & 5/20230317/Raman/Run 12/Raman-DetectData-Avg01-0131.txt,43909,1269,#k Index:	0.00000000E+0
Figure 3 & 5,20230317,12,detect_data,Figure 3 & 5/20230317/Raman/Run 12/Raman-DetectData-Avg01-0132.txt,43902,1269,#k Index:	1.00000000E+0
Figure 3 & 5,20230317,12,detect_data,Figure 3 & 5/20230317/Raman/Run 12/Raman-DetectData-Avg01-0133.txt,43908,1269,#k Index:	0.00000000E+0
Figure 3 & 5,20230317,12,detect_data,Figure 3 & 5/20230317/Raman/Run 12/Raman-DetectData-Avg01-0134.txt,43885,1269,#k Index:	1.00000000E+0
Figure 3 & 5,20230317,12,detect_data,Figure 3 & 5/20230317/Raman/Run 12/Raman-DetectData-Avg01-0135.txt,43923,1269,#k Index:	0.00000000E+0
Figure 3 & 5,20230317,12,detect_data,Figure 3 & 5/20230317/Raman/Run 12/Raman-DetectData-Avg01-0136.txt,43882,1269,#k Index:	1.00000000E+0
Figure 3 & 5,20230317,12,detect_data,Figure 3 & 5/20230317/Raman/Run 12/Raman-DetectData-Avg01-0137.txt,43867,1269,#k Index:	0.00000000E+0
Figure 3 & 5,20230317,12,detect_data,Figure 3 & 5/20230317/Raman/Run 12/Raman-DetectData-Avg01-0138.txt,43968,1269,#k Index:	1.00000000E+0
Figure 3 & 5,20230317,12,detect_data,Figure 3 & 5/20230317/Raman/Run 12/Raman-DetectData-Avg01-0139.txt,43921,1269,#k Index:	0.00000000E+0
Figure 3 & 5,20230317,12,detect_data,Figure 3 & 5/20230317/Raman/Run 12/Raman-DetectData-Avg01-0140.txt,43918,1269,#k Index:	1.00000000E+0
Figure 3 & 5,20230317,12,detect_data,Figure 3 & 5/20230317/Raman/Run 12/Raman-DetectData-Avg01-0141.txt,43904,1269,#k Index:	0.00000000E+0
Figure 3 & 5,20230317,12,detect_data,Figure 3 & 5/20230317/Raman/Run 12/Raman-DetectData-Avg01-0142.txt,43939,1269,#k Index:	1.00000000E+0
Figure 3 & 5,20230317,12,detect_data,Figure 3 & 5/20230317/Raman/Run 12/Raman-DetectData-Avg01-0143.txt,43931,1269,#k Index:	0.00000000E+0
Figure 3 & 5,20230317,12,detect_data,Figure 3 & 5/20230317/Raman/Run 12/Raman-DetectData-Avg01-0144.txt,43918,1269,#k Index:	1.00000000E+0
Figure 3 & 5,20230317,12,detect_data,Figure 3 & 5/20230317/Raman/Run 12/Raman-DetectData-Avg01-0145.txt,43963,1269,#k Index:	0.00000000E+0
Figure 3 & 5,20230317,12,detect_data,Figure 3 & 5/20230317/Raman/Run 12/Raman-DetectData-Avg01-0146.txt,43915,1269,#k Index:	1.00000000E+0
Figure 3 & 5,20230317,12,detect_data,Figure 3 & 5/20230317/Raman/Run 12/Raman-DetectData-Avg01-0147.txt,43915,1269,#k Index:	0.00000000E+0
Figure 3 & 5,20230317,12,detect_data,Figure 3 & 5/20230317/Raman/Run 12/Raman-DetectData-Avg01-0148.txt,43875,1269,#k Index:	1.00000000E+0
Figure 3 & 5,20230317,12,detect_data,Figure 3 & 5/20230317/Raman/Run 12/Raman-DetectData-Avg01-0149.txt,43886,1269,#k Index:	0.00000000E+0
Figure 3 & 5,20230317,12,detect_data,Figure 3 & 5/20230317/Raman/Run 12/Raman-DetectData-Avg01-0150.txt,43863,1269,#k Index:	1.00000000E+0
Figure 3 & 5,20230317,12,detect_data,Figure 3 & 5/20230317/Raman/Run 12/Raman-DetectData-Avg01-0151.txt,43921,1269,#k Index:	0.00000000E+0
Figure 3 & 5,20230317,12,detect_data,Figure 3 & 5/20230317/Raman/Run 12/Raman-DetectData-Avg01-0152.txt,43870,1269,#k Index:	1.00000000E+0
Figure 3 & 5,20230317,12,detect_data,Figure 3 & 5/20230317/Raman/Run 12/Raman-DetectData-Avg01-0153.txt,43877,1269,#k Index:	0.00000000E+0
Figure 3 & 5,20230317,12,detect_data,Figure 3 & 5/20230317/Raman/Run 12/Raman-DetectData-Avg01-0154.txt,43869,1269,#k Index:	1.00000000E+0
Figure 3 & 5,20230317,12,detect_data,Figure 3 & 5/20230317/Raman/Run 12/Raman-DetectData-Avg01-0155.txt,43883,1269,#k Index:	0.00000000E+0
Figure 3 & 5,20230317,12,detect_data,Figure 3 & 5/20230317/Raman/Run 12/Raman-DetectData-Avg01-0156.txt,43893,1269,#k Index:	1.00000000E+0
Figure 3 & 5,20230317,12,detect_data,Figure 3 & 5/20230317/Raman/Run 12/Raman-DetectData-Avg01-0157.txt,43937,1269,#k Index:	0.00000000E+0
Figure 3 & 5,20230317,12,detect_data,Figure 3 & 5/20230317/Raman/Run 12/Raman-DetectData-Avg01-0158.txt,43895,1269,#k Index:	1.00000000E+0
Figure 3 & 5,20230317,12,detect_data,Figure 3 & 5/20230317/Raman/Run 12/Raman-DetectData-Avg01-0159.txt,43882,1269,#k Index:	0.00000000E+0
Figure 3 & 5,20230317,12,detect_data,Figure 3 & 5/20230317/Raman/Run 12/Raman-DetectData-Avg01-0160.txt,43950,1269,#k Index:	1.00000000E+0
Figure 3 & 5,20230317,12,detect_data,Figure 3 & 5/20230317/Raman/Run 12/Raman-DetectData-Avg01-0161.txt,43862,1269,#k Index:	0.00000000E+0
Figure 3 & 5,20230317,12,detect_data,Figure 3 & 5/20230317/Raman/Run 12/Raman-DetectData-Avg01-0162.txt,43852,1269,#k Index:	1.00000000E+0
Figure 3 & 5,20230317,12,detect_data,Figure 3 & 5/20230317/Raman/Run 12/Raman-DetectData-Avg01-0163.txt,43937,1269,#k Index:	0.00000000E+0
Figure 3 & 5,20230317,12,detect_data,Figure 3 & 5/20230317/Raman/Run 12/Raman-DetectData-Avg01-0164.txt,43927,1269,#k Index:	1.00000000E+0
Figure 3 & 5,20230317,12,detect_data,Figure 3 & 5/20230317/Raman/Run 12/Raman-DetectData-Avg01-0165.txt,43878,1269,#k Index:	0.00000000E+0
Figure 3 & 5,20230317,12,detect_data,Figure 3 & 5/20230317/Raman/Run 12/Raman-DetectData-Avg01-0166.txt,43895,1269,#k Index:	1.00000000E+0
Figure 3 & 5,20230317,12,detect_data,Figure 3 & 5/20230317/Raman/Run 12/Raman-DetectData-Avg01-0167.txt,43904,1269,#k Index:	0.00000000E+0
Figure 3 & 5,20230317,12,detect_data,Figure 3 & 5/20230317/Raman/Run 12/Raman-DetectData-Avg01-0168.txt,43915,1269,#k Index:	1.00000000E+0
Figure 3 & 5,20230317,12,detect_data,Figure 3 & 5/20230317/Raman/Run 12/Raman-DetectData-Avg01-0169.txt,43837,1269,#k Index:	0.00000000E+0
Figure 3 & 5,20230317,12,detect_data,Figure 3 & 5/20230317/Raman/Run 12/Raman-DetectData-Avg01-0170.txt,43880,1269,#k Index:	1.00000000E+0
Figure 3 & 5,20230317,12,detect_data,Figure 3 & 5/20230317/Raman/Run 12/Raman-DetectData-Avg01-0171.txt,43893,1269,#k Index:	0.00000000E+0
Figure 3 & 5,20230317,12,detect_data,Figure 3 & 5/20230317/Raman/Run 12/Raman-DetectData-Avg01-0172.txt,43941,1269,#k Index:	1.00000000E+0
Figure 3 & 5,20230317,12,detect_data,Figure 3 & 5/20230317/Raman/Run 12/Raman-DetectData-Avg01-0173.txt,43913,1269,#k Index:	0.00000000E+0
Figure 3 & 5,20230317,12,detect_data,Figure 3 & 5/20230317/Raman/Run 12/Raman-DetectData-Avg01-0174.txt,43865,1269,#k Index:	1.00000000E+0
Figure 3 & 5,20230317,12,detect_data,Figure 3 & 5/20230317/Raman/Run 12/Raman-DetectData-Avg01-0175.txt,43899,1269,#k Index:	0.00000000E+0
Figure 3 & 5,20230317,12,detect_data,Figure 3 & 5/20230317/Raman/Run 12/Raman-DetectData-Avg01-0176.txt,43958,1269,#k Index:	1.00000000E+0
Figure 3 & 5,20230317,12,detect_data,Figure 3 & 5/20230317/Raman/Run 12/Raman-DetectData-Avg01-0177.txt,43853,1269,#k Index:	0.00000000E+0
Figure 3 & 5,20230317,12,detect_data,Figure 3 & 5/20230317/Raman/Run 12/Raman-DetectData-Avg01-0178.txt,43880,1269,#k Index:	1.00000000E+0
Figure 3 & 5,20230317,12,detect_data,Figure 3 & 5/20230317/Raman/Run 12/Raman-DetectData-Avg01-0179.txt,43912,1269,#k Index:	0.00000000E+0
Figure 3 & 5,20230317,12,detect_data,Figure 3 & 5/20230317/Raman/Run 12/Raman-DetectData-Avg01-0180.txt,43913,1269,#k Index:	1.00000000E+0
Figure 3 & 5,20230317,12,detect_data,Figure 3 & 5/20230317/Raman/Run 12/Raman-DetectData-Avg01-0181.txt,43865,1269,#k Index:	0.00000000E+0
Figure 3 & 5,20230317,12,detect_data,Figure 3 & 5/20230317/Raman/Run 12/Raman-DetectData-Avg01-0182.txt,43920,1269,#k Index:	1.00000000E+0
Figure 3 & 5,20230317,12,detect_data,Figure 3 & 5/20230317/Raman/Run 12/Raman-DetectData-Avg01-0183.txt,43896,1269,#k Index:	0.00000000E+0
Figure 3 & 5,20230317,12,detect_data,Figure 3 & 5/20230317/Raman/Run 12/Raman-DetectData-Avg01-0184.txt,43871,1269,#k Index:	1.00000000E+0
Figure 3 & 5,20230317,12,detect_data,Figure 3 & 5/20230317/Raman/Run 12/Raman-DetectData-Avg01-0185.txt,43882,1269,#k Index:	0.00000000E+0
Figure 3 & 5,20230317,12,detect_data,Figure 3 & 5/20230317/Raman/Run 12/Raman-DetectData-Avg01-0186.txt,43905,1269,#k Index:	1.00000000E+0
Figure 3 & 5,20230317,12,detect_data,Figure 3 & 5/20230317/Raman/Run 12/Raman-DetectData-Avg01-0187.txt,43890,1269,#k Index:	0.00000000E+0
Figure 3 & 5,20230317,12,detect_data,Figure 3 & 5/20230317/Raman/Run 12/Raman-DetectData-Avg01-0188.txt,43903,1269,#k Index:	1.00000000E+0
Figure 3 & 5,20230317,12,detect_data,Figure 3 & 5/20230317/Raman/Run 12/Raman-DetectData-Avg01-0189.txt,43923,1269,#k Index:	0.00000000E+0
Figure 3 & 5,20230317,12,detect_data,Figure 3 & 5/20230317/Raman/Run 12/Raman-DetectData-Avg01-0190.txt,43905,1269,#k Index:	1.00000000E+0
Figure 3 & 5,20230317,12,detect_data,Figure 3 & 5/20230317/Raman/Run 12/Raman-DetectData-Avg01-0191.txt,43904,1269,#k Index:	0.00000000E+0
Figure 3 & 5,20230317,12,detect_data,Figure 3 & 5/20230317/Raman/Run 12/Raman-DetectData-Avg01-0192.txt,43877,1269,#k Index:	1.00000000E+0
Figure 3 & 5,20230317,12,detect_data,Figure 3 & 5/20230317/Raman/Run 12/Raman-DetectData-Avg01-0193.txt,43895,1269,#k Index:	0.00000000E+0
Figure 3 & 5,20230317,12,detect_data,Figure 3 & 5/20230317/Raman/Run 12/Raman-DetectData-Avg01-0194.txt,43922,1269,#k Index:	1.00000000E+0
Figure 3 & 5,20230317,12,detect_data,Figure 3 & 5/20230317/Raman/Run 12/Raman-DetectData-Avg01-0195.txt,43926,1269,#k Index:	0.00000000E+0
Figure 3 & 5,20230317,12,detect_data,Figure 3 & 5/20230317/Raman/Run 12/Raman-DetectData-Avg01-0196.txt,43923,1269,#k Index:	1.00000000E+0
Figure 3 & 5,20230317,12,detect_data,Figure 3 & 5/20230317/Raman/Run 12/Raman-DetectData-Avg01-0197.txt,43923,1269,#k Index:	0.00000000E+0
Figure 3 & 5,20230317,12,detect_data,Figure 3 & 5/20230317/Raman/Run 12/Raman-DetectData-Avg01-0198.txt,43887,1269,#k Index:	1.00000000E+0
Figure 3 & 5,20230317,12,detect_data,Figure 3 & 5/20230317/Raman/Run 12/Raman-DetectData-Avg01-0199.txt,43927,1269,#k Index:	0.00000000E+0
Figure 3 & 5,20230317,12,detect_data,Figure 3 & 5/20230317/Raman/Run 12/Raman-DetectData-Avg01-0200.txt,43901,1269,#k Index:	1.00000000E+0
Figure 3 & 5,20230317,12,detect_data,Figure 3 & 5/20230317/Raman/Run 12/Raman-DetectData-Avg01-0201.txt,43894,1269,#k Index:	0.00000000E+0
Figure 3 & 5,20230317,12,detect_data,Figure 3 & 5/20230317/Raman/Run 12/Raman-DetectData-Avg01-0202.txt,43899,1269,#k Index:	1.00000000E+0
Figure 3 & 5,20230317,12,detect_data,Figure 3 & 5/20230317/Raman/Run 12/Raman-DetectData-Avg01-0203.txt,43940,1269,#k Index:	0.00000000E+0
Figure 3 & 5,20230317,12,detect_data,Figure 3 & 5/20230317/Raman/Run 12/Raman-DetectData-Avg01-0204.txt,43879,1269,#k Index:	1.00000000E+0
Figure 3 & 5,20230317,12,detect_data,Figure 3 & 5/20230317/Raman/Run 12/Raman-DetectData-Avg01-0205.txt,43953,1269,#k Index:	0.00000000E+0
Figure 3 & 5,20230317,12,detect_data,Figure 3 & 5/20230317/Raman/Run 12/Raman-DetectData-Avg01-0206.txt,43911,1269,#k Index:	1.00000000E+0
Figure 3 & 5,20230317,12,detect_data,Figure 3 & 5/20230317/Raman/Run 12/Raman-DetectData-Avg01-0207.txt,43884,1269,#k Index:	0.00000000E+0
Figure 3 & 5,20230317,12,detect_data,Figure 3 & 5/20230317/Raman/Run 12/Raman-DetectData-Avg01-0208.txt,43905,1269,#k Index:	1.00000000E+0
Figure 3 & 5,20230317,12,detect_data,Figure 3 & 5/20230317/Raman/Run 12/Raman-DetectData-Avg01-0209.txt,43891,1269,#k Index:	0.00000000E+0
Figure 3 & 5,20230317,12,detect_data,Figure 3 & 5/20230317/Raman/Run 12/Raman-DetectData-Avg01-0210.txt,43910,1269,#k Index:	1.00000000E+0
Figure 3 & 5,20230317,12,detect_data,Figure 3 & 5/20230317/Raman/Run 12/Raman-DetectData-Avg01-0211.txt,43895,1269,#k Index:	0.00000000E+0
Figure 3 & 5,20230317,12,detect_data,Figure 3 & 5/20230317/Raman/Run 12/Raman-DetectData-Avg01-0212.txt,43910,1269,#k Index:	1.00000000E+0
Figure 3 & 5,20230317,12,detect_data,Figure 3 & 5/20230317/Raman/Run 12/Raman-DetectData-Avg01-0213.txt,43931,1269,#k Index:	0.00000000E+0
Figure 3 & 5,20230317,12,detect_data,Figure 3 & 5/20230317/Raman/Run 12/Raman-DetectData-Avg01-0214.txt,43912,1269,#k Index:	1.00000000E+0
Figure 3 & 5,20230317,12,detect_data,Figure 3 & 5/20230317/Raman/Run 12/Raman-DetectData-Avg01-0215.txt,43888,1269,#k Index:	0.00000000E+0
Figure 3 & 5,20230317,12,detect_data,Figure 3 & 5/20230317/Raman/Run 12/Raman-DetectData-Avg01-0216.txt,43914,1269,#k Index:	1.00000000E+0
Figure 3 & 5,20230317,12,detect_data,Figure 3 & 5/20230317/Raman/Run 12/Raman-DetectData-Avg01-0217.txt,43890,1269,#k Index:	0.00000000E+0
Figure 3 & 5,20230317,12,detect_data,Figure 3 & 5/20230317/Raman/Run 12/Raman-DetectData-Avg01-0218.txt,43865,1269,#k Index:	1.00000000E+0
Figure 3 & 5,20230317,12,detect_data,Figure 3 & 5/20230317/Raman/Run 12/Raman-DetectData-Avg01-0219.txt,43875,1269,#k Index:	0.00000000E+0
Figure 3 & 5,20230317,12,detect_data,Figure 3 & 5/20230317/Raman/Run 12/Raman-DetectData-Avg01-0220.txt,43924,1269,#k Index:	1.00000000E+0
Figure 3 & 5,20230317,12,detect_data,Figure 3 & 5/20230317/Raman/Run 12/Raman-DetectData-Avg01-0221.txt,43902,1269,#k Index:	0.00000000E+0
Figure 3 & 5,20230317,12,detect_data,Figure 3 & 5/20230317/Raman/Run 12/Raman-DetectData-Avg01-0222.txt,43938,1269,#k Index:	1.00000000E+0
Figure 3 & 5,20230317,12,detect_data,Figure 3 & 5/20230317/Raman/Run 12/Raman-DetectData-Avg01-0223.txt,43880,1269,#k Index:	0.00000000E+0
Figure 3 & 5,20230317,12,detect_data,Figure 3 & 5/20230317/Raman/Run 12/Raman-DetectData-Avg01-0224.txt,43904,1269,#k Index:	1.00000000E+0
Figure 3 & 5,20230317,12,detect_data,Figure 3 & 5/20230317/Raman/Run 12/Raman-DetectData-Avg01-0225.txt,43880,1269,#k Index:	0.00000000E+0
Figure 3 & 5,20230317,12,detect_data,Figure 3 & 5/20230317/Raman/Run 12/Raman-DetectData-Avg01-0226.txt,43904,1269,#k Index:	1.00000000E+0
Figure 3 & 5,20230317,12,detect_data,Figure 3 & 5/20230317/Raman/Run 12/Raman-DetectData-Avg01-0227.txt,43862,1269,#k Index:	0.00000000E+0
Figure 3 & 5,20230317,12,detect_data,Figure 3 & 5/20230317/Raman/Run 12/Raman-DetectData-Avg01-0228.txt,43924,1269,#k Index:	1.00000000E+0
Figure 3 & 5,20230317,12,detect_data,Figure 3 & 5/20230317/Raman/Run 12/Raman-DetectData-Avg01-0229.txt,43911,1269,#k Index:	0.00000000E+0
Figure 3 & 5,20230317,12,detect_data,Figure 3 & 5/20230317/Raman/Run 12/Raman-DetectData-Avg01-0230.txt,43945,1269,#k Index:	1.00000000E+0
Figure 3 & 5,20230317,12,detect_data,Figure 3 & 5/20230317/Raman/Run 12/Raman-DetectData-Avg01-0231.txt,43824,1269,#k Index:	0.00000000E+0
Figure 3 & 5,20230317,12,detect_data,Figure 3 & 5/20230317/Raman/Run 12/Raman-DetectData-Avg01-0232.txt,43905,1269,#k Index:	1.00000000E+0
Figure 3 & 5,20230317,12,detect_data,Figure 3 & 5/20230317/Raman/Run 12/Raman-DetectData-Avg01-0233.txt,43912,1269,#k Index:	0.00000000E+0
Figure 3 & 5,20230317,12,detect_data,Figure 3 & 5/20230317/Raman/Run 12/Raman-DetectData-Avg01-0234.txt,43928,1269,#k Index:	1.00000000E+0
Figure 3 & 5,20230317,12,detect_data,Figure 3 & 5/20230317/Raman/Run 12/Raman-DetectData-Avg01-0235.txt,43906,1269,#k Index:	0.00000000E+0
Figure 3 & 5,20230317,12,detect_data,Figure 3 & 5/20230317/Raman/Run 12/Raman-DetectData-Avg01-0236.txt,43941,1269,#k Index:	1.00000000E+0
Figure 3 & 5,20230317,12,detect_data,Figure 3 & 5/20230317/Raman/Run 12/Raman-DetectData-Avg01-0237.txt,43911,1269,#k Index:	0.00000000E+0
Figure 3 & 5,20230317,12,detect_data,Figure 3 & 5/20230317/Raman/Run 12/Raman-DetectData-Avg01-0238.txt,43926,1269,#k Index:	1.00000000E+0
Figure 3 & 5,20230317,12,detect_data,Figure 3 & 5/20230317/Raman/Run 12/Raman-DetectData-Avg01-0239.txt,43886,1269,#k Index:	0.00000000E+0
Figure 3 & 5,20230317,12,detect_data,Figure 3 & 5/20230317/Raman/Run 12/Raman-DetectData-Avg01-0240.txt,43877,1269,#k Index:	1.00000000E+0
Figure 3 & 5,20230317,12,detect_data,Figure 3 & 5/20230317/Raman/Run 12/Raman-DetectData-Avg01-0241.txt,43954,1269,#k Index:	0.00000000E+0
Figure 3 & 5,20230317,12,detect_data,Figure 3 & 5/20230317/Raman/Run 12/Raman-DetectData-Avg01-0242.txt,43934,1269,#k Index:	1.00000000E+0
Figure 3 & 5,20230317,12,avg01_ratios,Figure 3 & 5/20230317/Raman/Run 12/Raman-Run12-Avg01-Ratios-kD.txt,13867,122,#Iteration	Date	Time	Chirp	Phase	RamanAxis	RTPhase	NFringe	Ratio
Figure 3 & 5,20230317,12,avg01_ratios,Figure 3 & 5/20230317/Raman/Run 12/Raman-Run12-Avg01-Ratios-kU.txt,13744,122,#Iteration	Date	Time	Chirp	Phase	RamanAxis	RTPhase	NFringe	Ratio
Figure 3 & 5,20230317,12,avg_ratios,Figure 3 & 5/20230317/Raman/Run 12/Raman-Run12-AvgRatios-kD.txt,12052,122,#Iteration	Date	Time	Chirp	Phase	RamanAxis	RatioMean	RatioStdDev
Figure 3 & 5,20230317,12,avg_ratios,Figure 3 & 5/20230317/Raman/Run 12/Raman-Run12-AvgRatios-kU.txt,12050,122,#Iteration	Date	Time	Chirp	Phase	RamanAxis	RatioMean	RatioStdDev
Figure 3 & 5,20230317,12,rotations_data,Figure 3 & 5/20230317/Raman/Run 12/Raman-Run12-RotationsData.txt,33896,243,#Iteration	Date	Time	STSX	STSY	RotationRateX	RotationRateY	FrCntX	FrCntY	TiptiltCmd1	TiptiltCmd2	TiptiltMonitor1	TiptiltMonitor2
Figure 3 & 5,20230317,12,rt_data,Figure 3 & 5/20230317/Raman/Run 12/Raman-Run12-RTData.txt,24281,243,#Iteration	Date	Time	RTPhase	NFringe	AccelAxis	AccelMean	AccelTemp
Figure 3 & 5,20230317,13,parameters,Figure 3 & 5/20230317/Raman/Run 13/Parameters.txt,1633,60,Software Version: 3.4
Figure 3 & 5,20230317,13,detect_data,Figure 3 & 5/20230317/Raman/Run 13/Raman-DetectData-Avg01-0001.txt,43874,1269,#k Index:	0.00000000E+0
Figure 3 & 5,20230317,13,detect_data,Figure 3 & 5/20230317/Raman/Run 13/Raman-DetectData-Avg01-0002.txt,43926,1269,#k Index:	1.00000000E+0
Figure 3 & 5,20230317,13,detect_data,Figure 3 & 5/20230317/Raman/Run 13/Raman-DetectData-Avg01-0003.txt,43843,1269,#k Index:	0.00000000E+0
Figure 3 & 5,20230317,13,detect_data,Figure 3 & 5/20230317/Raman/Run 13/Raman-DetectData-Avg01-0004.txt,43848,1269,#k Index:	1.00000000E+0
Figure 3 & 5,20230317,13,detect_data,Figure 3 & 5/20230317/Raman/Run 13/Raman-DetectData-Avg01-0005.txt,43830,1269,#k Index:	0.00000000E+0
Figure 3 & 5,20230317,13,detect_data,Figure 3 & 5/20230317/Raman/Run 13/Raman-DetectData-Avg01-0006.txt,43888,1269,#k Index:	1.00000000E+0
Figure 3 & 5,20230317,13,detect_data,Figure 3 & 5/20230317/Raman/Run 13/Raman-DetectData-Avg01-0007.txt,43850,1269,#k Index:	0.00000000E+0
Figure 3 & 5,20230317,13,detect_data,Figure 3 & 5/20230317/Raman/Run 13/Raman-DetectData-Avg01-0008.txt,43857,1269,#k Index:	1.00000000E+0
Figure 3 & 5,20230317,13,detect_data,Figure 3 & 5/20230317/Raman/Run 13/Raman-DetectData-Avg01-0009.txt,43847,1269,#k Index:	0.00000000E+0
Figure 3 & 5,20230317,13,detect_data,Figure 3 & 5/20230317/Raman/Run 13/Raman-DetectData-Avg01-0010.txt,43871,1269,#k Index:	1.00000000E+0
Figure 3 & 5,20230317,13,detect_data,Figure 3 & 5/20230317/Raman/Run 13/Raman-DetectData-Avg01-0011.txt,43898,1269,#k Index:	0.00000000E+0
Figure 3 & 5,20230317,13,detect_data,Figure 3 & 5/20230317/Raman/Run 13/Raman-DetectData-Avg01-0012.txt,43887,1269,#k Index:	1.00000000E+0
Figure 3 & 5,20230317,13,detect_data,Figure 3 & 5/20230317/Raman/Run 13/Raman-DetectData-Avg01-0013.txt,43859,1269,#k Index:	0.00000000E+0
Figure 3 & 5,20230317,13,detect_data,Figure 3 & 5/20230317/Raman/Run 13/Raman-DetectData-Avg01-0014.txt,43907,1269,#k Index:	1.00000000E+0
Figure 3 & 5,20230317,13,detect_data,Figure 3 & 5/20230317/Raman/Run 13/Raman-DetectData-Avg01-0015.txt,43876,1269,#k Index:	0.00000000E+0
Figure 3 & 5,20230317,13,detect_data,Figure 3 & 5/20230317/Raman/Run 13/Raman-DetectData-Avg01-0016.txt,43915,1269,#k Index:	1.00000000E+0
Figure 3 & 5,20230317,13,detect_data,Figure 3 & 5/20230317/Raman/Run 13/Raman-DetectData-Avg01-0017.txt,43863,1269,#k Index:	0.00000000E+0
Figure 3 & 5,20230317,13,detect_data,Figure 3 & 5/20230317/Raman/Run 13/Raman-DetectData-Avg01-0018.txt,43852,1269,#k Index:	1.00000000E+0
Figure 3 & 5,20230317,13,detect_data,Figure 3 & 5/20230317/Raman/Run 13/Raman-DetectData-Avg01-0019.txt,43954,1269,#k Index:	0.00000000E+0
Figure 3 & 5,20230317,13,detect_data,Figure 3 & 5/20230317/Raman/Run 13/Raman-DetectData-Avg01-0020.txt,43850,1269,#k Index:	1.00000000E+0
Figure 3 & 5,20230317,13,detect_data,Figure 3 & 5/20230317/Raman/Run 13/Raman-DetectData-Avg01-0021.txt,43887,1269,#k Index:	0.00000000E+0
Figure 3 & 5,20230317,13,detect_data,Figure 3 & 5/20230317/Raman/Run 13/Raman-DetectData-Avg01-0022.txt,43871,1269,#k Index:	1.00000000E+0
Figure 3 & 5,20230317,13,detect_data,Figure 3 & 5/20230317/Raman/Run 13/Raman-DetectData-Avg01-0023.txt,43880,1269,#k Index:	0.00000000E+0
Figure 3 & 5,20230317,13,detect_data,Figure 3 & 5/20230317/Raman/Run 13/Raman-DetectData-Avg01-0024.txt,43902,1269,#k Index:	1.00000000E+0
Figure 3 & 5,20230317,13,detect_data,Figure 3 & 5/20230317/Raman/Run 13/Raman-DetectData-Avg01-0025.txt,43854,1269,#k Index:	0.00000000E+0
Figure 3 & 5,20230317,13,detect_data,Figure 3 & 5/20230317/Raman/Run 13/Raman-DetectData-Avg01-0026.txt,43950,1269,#k Index:	1.00000000E+0
Figure 3 & 5,20230317,13,detect_data,Figure 3 & 5/20230317/Raman/Run 13/Raman-DetectData-Avg01-0027.txt,43857,1269,#k Index:	0.00000000E+0
Figure 3 & 5,20230317,13,detect_data,Figure 3 & 5/20230317/Raman/Run 13/Raman-DetectData-Avg01-0028.txt,43865,1269,#k Index:	1.00000000E+0
Figure 3 & 5,20230317,13,detect_data,Figure 3 & 5/20230317/Raman/Run 13/Raman-DetectData-Avg01-0029.txt,43911,1269,#k Index:	0.00000000E+0
Figure 3 & 5,20230317,13,detect_data,Figure 3 & 5/20230317/Raman/Run 13/Raman-DetectData-Avg01-0030.txt,43848,1269,#k Index:	1.00000000E+0
Figure 3 & 5,20230317,13,detect_data,Figure 3 & 5/20230317/Raman/Run 13/Raman-DetectData-Avg01-0031.txt,43886,1269,#k Index:	0.00000000E+0
Figure 3 & 5,20230317,13,detect_data,Figure 3 & 5/20230317/Raman/Run 13/Raman-DetectData-Avg01-0032.txt,43900,1269,#k Index:	1.00000000E+0
Figure 3 & 5,20230317,13,detect_data,Figure 3 & 5/20230317/Raman/Run 13/Raman-DetectData-Avg01-0033.txt,43873,1269,#k Index:	0.00000000E+0
Figure 3 & 5,20230317,13,detect_data,Figure 3 & 5/20230317/Raman/Run 13/Raman-DetectData-Avg01-0034.txt,43859,1269,#k Index:	1.00000000E+0
Figure 3 & 5,20230317,13,detect_data,Figure 3 & 5/20230317/Raman/Run 13/Raman-DetectData-Avg01-0035.txt,43877,1269,#k Index:	0.00000000E+0
Figure 3 & 5,20230317,13,detect_data,Figure 3 & 5/20230317/Raman/Run 13/Raman-DetectData-Avg01-0036.txt,43881,1269,#k Index:	1.00000000E+0
Figure 3 & 5,20230317,13,detect_data,Figure 3 & 5/20230317/Raman/Run 13/Raman-DetectData-Avg01-0037.txt,43867,1269,#k Index:	0.00000000E+0
Figure 3 & 5,20230317,13,detect_data,Figure 3 & 5/20230317/Raman/Run 13/Raman-DetectData-Avg01-0038.txt,43892,1269,#k Index:	1.00000000E+0
Figure 3 & 5,20230317,13,detect_data,Figure 3 & 5/20230317/Raman/Run 13/Raman-DetectData-Avg01-0039.txt,43888,1269,#k Index:	0.00000000E+0
Figure 3 & 5,20230317,13,detect_data,Figure 3 & 5/20230317/Raman/Run 13/Raman-DetectData-Avg01-0040.txt,43904,1269,#k Index:	1.00000000E+0
Figure 3 & 5,20230317,13,detect_data,Figure 3 & 5/20230317/Raman/Run 13/Raman-DetectData-Avg01-0041.txt,43887,1269,#k Index:	0.00000000E+0
Figure 3 & 5,20230317,13,detect_data,Figure 3 & 5/20230317/Raman/Run 13/Raman-DetectData-Avg01-0042.txt,43932,1269,#k Index:	1.00000000E+0
Figure 3 & 5,20230317,13,detect_data,Figure 3 & 5/20230317/Raman/Run 13/Raman-DetectData-Avg01-0043.txt,43876,1269,#k Index:	0.00000000E+0
Figure 3 & 5,20230317,13,detect_data,Figure 3 & 5/20230317/Raman/Run 13/Raman-DetectData-Avg01-0044.txt,43880,1269,#k Index:	1.00000000E+0
Figure 3 & 5,20230317,13,detect_data,Figure 3 & 5/20230317/Raman/Run 13/Raman-DetectData-Avg01-0045.txt,43908,1269,#k Index:	0.00000000E+0
Figure 3 & 5,20230317,13,detect_data,Figure 3 & 5/20230317/Raman/Run 13/Raman-DetectData-Avg01-0046.txt,43867,1269,#k Index:	1.00000000E+0
Figure 3 & 5,20230317,13,detect_data,Figure 3 & 5/20230317/Raman/Run 13/Raman-DetectData-Avg01-0047.txt,43869,1269,#k Index:	0.00000000E+0
Figure 3 & 5,20230317,13,detect_data,Figure 3 & 5/20230317/Raman/Run 13/Raman-DetectData-Avg01-0048.txt,43920,1269,#k Index:	1.00000000E+0
Figure 3 & 5,20230317,13,detect_data,Figure 3 & 5/20230317/Raman/Run 13/Raman-DetectData-Avg01-0049.txt,43883,1269,#k Index:	0.00000000E+0
Figure 3 & 5,20230317,13,detect_data,Figure 3 & 5/20230317/Raman/Run 13/Raman-DetectData-Avg01-0050.txt,43867,1269,#k Index:	1.00000000E+0
Figure 3 & 5,20230317,13,detect_data,Figure 3 & 5/20230317/Raman/Run 13/Raman-DetectData-Avg01-0051.txt,43855,1269,#k Index:	0.00000000E+0
Figure 3 & 5,20230317,13,detect_data,Figure 3 & 5/20230317/Raman/Run 13/Raman-DetectData-Avg01-0052.txt,43909,1269,#k Index:	1.00000000E+0
Figure 3 & 5,20230317,13,detect_data,Figure 3 & 5/20230317/Raman/Run 13/Raman-DetectData-Avg01-0053.txt,43870,1269,#k Index:	0.00000000E+0
Figure 3 & 5,20230317,13,detect_data,Figure 3 & 5/20230317/Raman/Run 13/Raman-DetectData-Avg01-0054.txt,43855,1269,#k Index:	1.00000000E+0
Figure 3 & 5,20230317,13,detect_data,Figure 3 & 5/20230317/Raman/Run 13/Raman-DetectData-Avg01-0055.txt,43926,1269,#k Index:	0.00000000E+0
Figure 3 & 5,20230317,13,detect_data,Figure 3 & 5/20230317/Raman/Run 13/Raman-DetectData-Avg01-0056.txt,43921,1269,#k Index:	1.00000000E+0
Figure 3 & 5,20230317,13,detect_data,Figure 3 & 5/20230317/Raman/Run 13/Raman-DetectData-Avg01-0057.txt,43911,1269,#k Index:	0.00000000E+0
Figure 3 & 5,20230317,13,detect_data,Figure 3 & 5/20230317/Raman/Run 13/Raman-DetectData-Avg01-0058.txt,43904,1269,#k Index:	1.00000000E+0
Figure 3 & 5,20230317,13,detect_data,Figure 3 & 5/20230317/Raman/Run 13/Raman-DetectData-Avg01-0059.txt,43912,1269,#k Index:	0.00000000E+0
Figure 3 & 5,20230317,13,detect_data,Figure 3 & 5/20230317/Raman/Run 13/Raman-DetectData-Avg01-0060.txt,43901,1269,#k Index:	1.00000000E+0
Figure 3 & 5,20230317,13,detect_data,Figure 3 & 5/20230317/Raman/Run 13/Raman-DetectData-Avg01-0061.txt,43958,1269,#k Index:	0.00000000E+0
Figure 3 & 5,20230317,13,detect_data,Figure 3 & 5/20230317/Raman/Run 13/Raman-DetectData-Avg01-0062.txt,43915,1269,#k Index:	1.00000000E+0
Figure 3 & 5,20230317,13,detect_data,Figure 3 & 5/20230317/Raman/Run 13/Raman-DetectData-Avg01-0063.txt,43875,1269,#k Index:	0.00000000E+0
Figure 3 & 5,20230317,13,detect_data,Figure 3 & 5/20230317/Raman/Run 13/Raman-DetectData-Avg01-0064.txt,43895,1269,#k Index:	1.00000000E+0
Figure 3 & 5,20230317,13,detect_data,Figure 3 & 5/20230317/Raman/Run 13/Raman-DetectData-Avg01-0065.txt,43890,1269,#k Index:	0.00000000E+0
Figure 3 & 5,20230317,13,detect_data,Figure 3 & 5/20230317/Raman/Run 13/Raman-DetectData-Avg01-0066.txt,43886,1269,#k Index:	1.00000000E+0
Figure 3 & 5,20230317,13,detect_data,Figure 3 & 5/20230317/Raman/Run 13/Raman-DetectData-Avg01-0067.txt,43882,1269,#k Index:	0.00000000E+0
Figure 3 & 5,20230317,13,detect_data,Figure 3 & 5/20230317/Raman/Run 13/Raman-DetectData-Avg01-0068.txt,43875,1269,#k Index:	1.00000000E+0
Figure 3 & 5,20230317,13,detect_data,Figure 3 & 5/20230317/Raman/Run 13/Raman-DetectData-Avg01-0069.txt,43872,1269,#k Index:	0.00000000E+0
Figure 3 & 5,20230317,13,detect_data,Figure 3 & 5/20230317/Raman/Run 13/Raman-DetectData-Avg01-0070.txt,43839,1269,#k Index:	1.00000000E+0
Figure 3 & 5,20230317,13,detect_data,Figure 3 & 5/20230317/Raman/Run 13/Raman-DetectData-Avg01-0071.txt,43922,1269,#k Index:	0.00000000E+0
Figure 3 & 5,20230317,13,detect_data,Figure 3 & 5/20230317/Raman/Run 13/Raman-DetectData-Avg01-0072.txt,43889,1269,#k Index:	1.00000000E+0
Figure 3 & 5,20230317,13,detect_data,Figure 3 & 5/20230317/Raman/Run 13/Raman-DetectData-Avg01-0073.txt,43911,1269,#k Index:	0.00000000E+0
Figure 3 & 5,20230317,13,detect_data,Figure 3 & 5/20230317/Raman/Run 13/Raman-DetectData-Avg01-0074.txt,43901,1269,#k Index:	1.00000000E+0
Figure 3 & 5,20230317,13,detect_data,Figure 3 & 5/20230317/Raman/Run 13/Raman-DetectData-Avg01-0075.txt,43889,1269,#k Index:	0.00000000E+0
Figure 3 & 5,20230317,13,detect_data,Figure 3 & 5/20230317/Raman/Run 13/Raman-DetectData-Avg01-0076.txt,43859,1269,#k Index:	1.00000000E+0
Figure 3 & 5,20230317,13,detect_data,Figure 3 & 5/20230317/Raman/Run 13/Raman-DetectData-Avg01-0077.txt,43871,1269,#k Index:	0.00000000E+0
Figure 3 & 5,20230317,13,detect_data,Figure 3 & 5/20230317/Raman/Run 13/Raman-DetectData-Avg01-0078.txt,43887,1269,#k Index:	1.00000000E+0
Figure 3 & 5,20230317,13,detect_data,Figure 3 & 5/20230317/Raman/Run 13/Raman-DetectData-Avg01-0079.txt,43880,1269,#k Index:	0.00000000E+0
Figure 3 & 5,20230317,13,detect_data,Figure 3 & 5/20230317/Raman/Run 13/Raman-DetectData-Avg01-0080.txt,43865,1269,#k Index:	1.00000000E+0
Figure 3 & 5,20230317,13,detect_data,Figure 3 & 5/20230317/Raman/Run 13/Raman-DetectData-Avg01-0081.txt,43907,1269,#k Index:	0.00000000E+0
Figure 3 & 5,20230317,13,detect_data,Figure 3 & 5/20230317/Raman/Run 13/Raman-DetectData-Avg01-0082.txt,43898,1269,#k Index:	1.00000000E+0
Figure 3 & 5,20230317,13,detect_data,Figure 3 & 5/20230317/Raman/Run 13/Raman-DetectData-Avg01-0083.txt,43894,1269,#k Index:	0.00000000E+0
Figure 3 & 5,20230317,13,detect_data,Figure 3 & 5/20230317/Raman/Run 13/Raman-DetectData-Avg01-0084.txt,43896,1269,#k Index:	1.00000000E+0
Figure 3 & 5,20230317,13,detect_data,Figure 3 & 5/20230317/Raman/Run 13/Raman-DetectData-Avg01-0085.txt,43929,1269,#k Index:	0.00000000E+0
Figure 3 & 5,20230317,13,detect_data,Figure 3 & 5/20230317/Raman/Run 13/Raman-DetectData-Avg01-0086.txt,43872,1269,#k Index:	1.00000000E+0
Figure 3 & 5,20230317,13,detect_data,Figure 3 & 5/20230317/Raman/Run 13/Raman-DetectData-Avg01-0087.txt,43881,1269,#k Index:	0.00000000E+0
Figure 3 & 5,20230317,13,detect_data,Figure 3 & 5/20230317/Raman/Run 13/Raman-DetectData-Avg01-0088.txt,43886,1269,#k Index:	1.00000000E+0
Figure 3 & 5,20230317,13,detect_data,Figure 3 & 5/20230317/Raman/Run 13/Raman-DetectData-Avg01-0089.txt,43889,1269,#k Index:	0.00000000E+0
Figure 3 & 5,20230317,13,detect_data,Figure 3 & 5/20230317/Raman/Run 13/Raman-DetectData-Avg01-0090.txt,43898,1269,#k Index:	1.00000000E+0
Figure 3 & 5,20230317,13,detect_data,Figure 3 & 5/20230317/Raman/Run 13/Raman-DetectData-Avg01-0091.txt,43860,1269,#k Index:	0.00000000E+0
Figure 3 & 5,20230317,13,detect_data,Figure 3 & 5/20230317/Raman/Run 13/Raman-DetectData-Avg01-0092.txt,43907,1269,#k Index:	1.00000000E+0
Figure 3 & 5,20230317,13,detect_data,Figure 3 & 5/20230317/Raman/Run 13/Raman-DetectData-Avg01-0093.txt,43898,1269,#k Index:	0.00000000E+0
Figure 3 & 5,20230317,13,detect_data,Figure 3 & 5/20230317/Raman/Run 13/Raman-DetectData-Avg01-0094.txt,43896,1269,#k Index:	1.00000000E+0
Figure 3 & 5,20230317,13,detect_data,Figure 3 & 5/20230317/Raman/Run 13/Raman-DetectData-Avg01-0095.txt,43897,1269,#k Index:	0.00000000E+0
Figure 3 & 5,20230317,13,detect_data,Figure 3 & 5/20230317/Raman/Run 13/Raman-DetectData-Avg01-0096.txt,43902,1269,#k Index:	1.00000000E+0
Figure 3 & 5,20230317,13,detect_data,Figure 3 & 5/20230317/Raman/Run 13/Raman-DetectData-Avg01-0097.txt,43918,1269,#k Index:	0.00000000E+0
Figure 3 & 5,20230317,13,detect_data,Figure 3 & 5/20230317/Raman/Run 13/Raman-DetectData-Avg01-0098.txt,43908,1269,#k Index:	1.00000000E+0
Figure 3 & 5,20230317,13,detect_data,Figure 3 & 5/20230317/Raman/Run 13/Raman-DetectData-Avg01-0099.txt,43877,1269,#k Index:	0.00000000E+0
Figure 3 & 5,20230317,13,detect_data,Figure 3 & 5/20230317/Raman/Run 13/Raman-DetectData-Avg01-0100.txt,43875,1269,#k Index:	1.00000000E+0
Figure 3 & 5,20230317,13,detect_data,Figure 3 & 5/20230317/Raman/Run 13/Raman-DetectData-Avg01-0101.txt,43906,1269,#k Index:	0.00000000E+0
Figure 3 & 5,20230317,13,detect_data,Figure 3 & 5/20230317/Raman/Run 13/Raman-DetectData-Avg01-0102.txt,43895,1269,#k Index:	1.00000000E+0
Figure 3 & 5,20230317,13,detect_data,Figure 3 & 5/20230317/Raman/Run 13/Raman-DetectData-Avg01-0103.txt,43871,1269,#k Index:	0.00000000E+0
Figure 3 & 5,20230317,13,detect_data,Figure 3 & 5/20230317/Raman/Run 13/Raman-DetectData-Avg01-0104.txt,43894,1269,#k Index:	1.00000000E+0
Figure 3 & 5,20230317,13,detect_data,Figure 3 & 5/20230317/Raman/Run 13/Raman-DetectData-Avg01-0105.txt,43876,1269,#k Index:	0.00000000E+0
Figure 3 & 5,20230317,13,detect_data,Figure 3 & 5/20230317/Raman/Run 13/Raman-DetectData-Avg01-0106.txt,43882,1269,#k Index:	1.00000000E+0
Figure 3 & 5,20230317,13,detect_data,Figure 3 & 5/20230317/Raman/Run 13/Raman-DetectData-Avg01-0107.txt,43868,1269,#k Index:	0.00000000E+0
Figure 3 & 5,20230317,13,detect_data,Figure 3 & 5/20230317/Raman/Run 13/Raman-DetectData-Avg01-0108.txt,43880,1269,#k Index:	1.00000000E+0
Figure 3 & 5,20230317,13,detect_data,Figure 3 & 5/20230317/Raman/Run 13/Raman-DetectData-Avg01-0109.txt,43915,1269,#k Index:	0.00000000E+0
Figure 3 & 5,20230317,13,detect_data,Figure 3 & 5/20230317/Raman/Run 13/Raman-DetectData-Avg01-0110.txt,43895,1269,#k Index:	1.00000000E+0
Figure 3 & 5,20230317,13,detect_data,Figure 3 & 5/20230317/Raman/Run 13/Raman-DetectData-Avg01-0111.txt,43861,1269,#k Index:	0.00000000E+0
Figure 3 & 5,20230317,13,detect_data,Figure 3 & 5/20230317/Raman/Run 13/Raman-DetectData-Avg01-0112.txt,43890,1269,#k Index:	1.00000000E+0
Figure 3 & 5,20230317,13,detect_data,Figure 3 & 5/20230317/Raman/Run 13/Raman-DetectData-Avg01-0113.txt,43915,1269,#k Index:	0.00000000E+0
Figure 3 & 5,20230317,13,detect_data,Figure 3 & 5/20230317/Raman/Run 13/Raman-DetectData-Avg01-0114.txt,43911,1269,#k Index:	1.00000000E+0
Figure 3 & 5,20230317,13,detect_data,Figure 3 & 5/20230317/Raman/Run 13/Raman-DetectData-Avg01-0115.txt,43854,1269,#k Index:	0.00000000E+0
Figure 3 & 5,20230317,13,detect_data,Figure 3 & 5/20230317/Raman/Run 13/Raman-DetectData-Avg01-0116.txt,43904,1269,#k Index:	1.00000000E+0
Figure 3 & 5,20230317,13,detect_data,Figure 3 & 5/20230317/Raman/Run 13/Raman-DetectData-Avg01-0117.txt,43930,1269,#k Index:	0.00000000E+0
Figure 3 & 5,20230317,13,detect_data,Figure 3 & 5/20230317/Raman/Run 13/Raman-DetectData-Avg01-0118.txt,43896,1269,#k Index:	1.00000000E+0
Figure 3 & 5,20230317,13,detect_data,Figure 3 & 5/20230317/Raman/Run 13/Raman-DetectData-Avg01-0119.txt,43870,1269,#k Index:	0.00000000E+0
Figure 3 & 5,20230317,13,detect_data,Figure 3 & 5/20230317/Raman/Run 13/Raman-DetectData-Avg01-0120.txt,43912,1269,#k Index:	1.00000000E+0
Figure 3 & 5,20230317,13,detect_data,Figure 3 & 5/20230317/Raman/Run 13/Raman-DetectData-Avg01-0121.txt,43875,1269,#k Index:	0.00000000E+0
Figure 3 & 5,20230317,13,detect_data,Figure 3 & 5/20230317/Raman/Run 13/Raman-DetectData-Avg01-0122.txt,43882,1269,#k Index:	1.00000000E+0
Figure 3 & 5,20230317,13,detect_data,Figure 3 & 5/20230317/Raman/Run 13/Raman-DetectData-Avg01-0123.txt,43883,1269,#k Index:	0.00000000E+0
Figure 3 & 5,20230317,13,detect_data,Figure 3 & 5/20230317/Raman/Run 13/Raman-DetectData-Avg01-0124.txt,43858,1269,#k Index:	1.00000000E+0
Figure 3 & 5,20230317,13,detect_data,Figure 3 & 5/20230317/Raman/Run 13/Raman-DetectData-Avg01-0125.txt,43901,1269,#k Index:	0.00000000E+0
Figure 3 & 5,20230317,13,detect_data,Figure 3 & 5/20230317/Raman/Run 13/Raman-DetectData-Avg01-0126.txt,43899,1269,#k Index:	1.00000000E+0
Figure 3 & 5,20230317,13,detect_data,Figure 3 & 5/20230317/Raman/Run 13/Raman-DetectData-Avg01-0127.txt,43870,1269,#k Index:	0.00000000E+0
Figure 3 & 5,20230317,13,detect_data,Figure 3 & 5/20230317/Raman/Run 13/Raman-DetectData-Avg01-0128.txt,43918,1269,#k Index:	1.00000000E+0
Figure 3 & 5,20230317,13,detect_data,Figure 3 & 5/20230317/Raman/Run 13/Raman-DetectData-Avg01-0129.txt,43884,1269,#k Index:	0.00000000E+0
Figure 3 & 5,20230317,13,detect_data,Figure 3 & 5/20230317/Raman/Run 13/Raman-DetectData-Avg01-0130.txt,43885,1269,#k Index:	1.00000000E+0
Figure 3 & 5,20230317,13,detect_data,Figure 3 & 5/20230317/Raman/Run 13/Raman-DetectData-Avg01-0131.txt,43873,1269,#k Index:	0.00000000E+0
Figure 3 & 5,20230317,13,detect_data,Figure 3 & 5/20230317/Raman/Run 13/Raman-DetectData-Avg01-0132.txt,43925,1269,#k Index:	1.00000000E+0
Figure 3 & 5,20230317,13,detect_data,Figure 3 & 5/20230317/Raman/Run 13/Raman-DetectData-Avg01-0133.txt,43886,1269,#k Index:	0.00000000E+0
Figure 3 & 5,20230317,13,detect_data,Figure 3 & 5/20230317/Raman/Run 13/Raman-DetectData-Avg01-0134.txt,43892,1269,#k Index:	1.00000000E+0
Figure 3 & 5,20230317,13,detect_data,Figure 3 & 5/20230317/Raman/Run 13/Raman-DetectData-Avg01-0135.txt,43889,1269,#k Index:	0.00000000E+0
Figure 3 & 5,20230317,13,detect_data,Figure 3 & 5/20230317/Raman/Run 13/Raman-DetectData-Avg01-0136.txt,43869,1269,#k Index:	1.00000000E+0
Figure 3 & 5,20230317,13,detect_data,Figure 3 & 5/20230317/Raman/Run 13/Raman-DetectData-Avg01-0137.txt,43863,1269,#k Index:	0.00000000E+0
Figure 3 & 5,20230317,13,detect_data,Figure 3 & 5/20230317/Raman/Run 13/Raman-DetectData-Avg01-0138.txt,43914,1269,#k Index:	1.00000000E+0
Figure 3 & 5,20230317,13,detect_data,Figure 3 & 5/20230317/Raman/Run 13/Raman-DetectData-Avg01-0139.txt,43874,1269,#k Index:	0.00000000E+0
Figure 3 & 5,20230317,13,detect_data,Figure 3 & 5/20230317/Raman/Run 13/Raman-DetectData-Avg01-0140.txt,43913,1269,#k Index:	1.00000000E+0
Figure 3 & 5,20230317,13,detect_data,Figure 3 & 5/20230317/Raman/Run 13/Raman-DetectData-Avg01-0141.txt,43914,1269,#k Index:	0.00000000E+0
Figure 3 & 5,20230317,13,detect_data,Figure 3 & 5/20230317/Raman/Run 13/Raman-DetectData-Avg01-0142.txt,43871,1269,#k Index:	1.00000000E+0
Figure 3 & 5,20230317,13,detect_data,Figure 3 & 5/20230317/Raman/Run 13/Raman-DetectData-Avg01-0143.txt,43914,1269,#k Index:	0.00000000E+0
Figure 3 & 5,20230317,13,detect_data,Figure 3 & 5/20230317/Raman/Run 13/Raman-DetectData-Avg01-0144.txt,43899,1269,#k Index:	1.00000000E+0
Figure 3 & 5,20230317,13,detect_data,Figure 3 & 5/20230317/Raman/Run 13/Raman-DetectData-Avg01-0145.txt,43883,1269,#k Index:	0.00000000E+0
Figure 3 & 5,20230317,13,detect_data,Figure 3 & 5/20230317/Raman/Run 13/Raman-DetectData-Avg01-0146.txt,43906,1269,#k Index:	1.00000000E+0
Figure 3 & 5,20230317,13,detect_data,Figure 3 & 5/20230317/Raman/Run 13/Raman-DetectData-Avg01-0147.txt,43911,1269,#k Index:	0.00000000E+0
Figure 3 & 5,20230317,13,detect_data,Figure 3 & 5/20230317/Raman/Run 13/Raman-DetectData-Avg01-0148.txt,43872,1269,#k Index:	1.00000000E+0
Figure 3 & 5,20230317,13,detect_data,Figure 3 & 5/20230317/Raman/Run 13/Raman-DetectData-Avg01-0149.txt,43914,1269,#k Index:	0.00000000E+0
Figure 3 & 5,20230317,13,detect_data,Figure 3 & 5/20230317/Raman/Run 13/Raman-DetectData-Avg01-0150.txt,43892,1269,#k Index:	1.00000000E+0
Figure 3 & 5,20230317,13,detect_data,Figure 3 & 5/20230317/Raman/Run 13/Raman-DetectData-Avg01-0151.txt,43892,1269,#k Index:	0.00000000E+0
Figure 3 & 5,20230317,13,detect_data,Figure 3 & 5/20230317/Raman/Run 13/Raman-DetectData-Avg01-0152.txt,43932,1269,#k Index:	1.00000000E+0
Figure 3 & 5,20230317,13,detect_data,Figure 3 & 5/20230317/Raman/Run 13/Raman-DetectData-Avg01-0153.txt,43896,1269,#k Index:	0.00000000E+0
Figure 3 & 5,20230317,13,detect_data,Figure 3 & 5/20230317/Raman/Run 13/Raman-DetectData-Avg01-0154.txt,43889,1269,#k Index:	1.00000000E+0
Figure 3 & 5,20230317,13,detect_data,Figure 3 & 5/20230317/Raman/Run 13/Raman-DetectData-Avg01-0155.txt,43894,1269,#k Index:	0.00000000E+0
Figure 3 & 5,20230317,13,detect_data,Figure 3 & 5/20230317/Raman/Run 13/Raman-DetectData-Avg01-0156.txt,43872,1269,#k Index:	1.00000000E+0
Figure 3 & 5,20230317,13,detect_data,Figure 3 & 5/20230317/Raman/Run 13/Raman-DetectData-Avg01-0157.txt,43885,1269,#k Index:	0.00000000E+0
Figure 3 & 5,20230317,13,detect_data,Figure 3 & 5/20230317/Raman/Run 13/Raman-DetectData-Avg01-0158.txt,43930,1269,#k Index:	1.00000000E+0
Figure 3 & 5,20230317,13,detect_data,Figure 3 & 5/20230317/Raman/Run 13/Raman-DetectData-Avg01-0159.txt,43909,1269,#k Index:	0.00000000E+0
Figure 3 & 5,20230317,13,detect_data,Figure 3 & 5/20230317/Raman/Run 13/Raman-DetectData-Avg01-0160.txt,43904,1269,#k Index:	1.00000000E+0
Figure 3 & 5,20230317,13,detect_data,Figure 3 & 5/20230317/Raman/Run 13/Raman-DetectData-Avg01-0161.txt,43948,1269,#k Index:	0.00000000E+0
Figure 3 & 5,20230317,13,detect_data,Figure 3 & 5/20230317/Raman/Run 13/Raman-DetectData-Avg01-0162.txt,43884,1269,#k Index:	1.00000000E+0
Figure 3 & 5,20230317,13,detect_data,Figure 3 & 5/20230317/Raman/Run 13/Raman-DetectData-Avg01-0163.txt,43899,1269,#k Index:	0.00000000E+0
Figure 3 & 5,20230317,13,detect_data,Figure 3 & 5/20230317/Raman/Run 13/Raman-DetectData-Avg01-0164.txt,43929,1269,#k Index:	1.00000000E+0
Figure 3 & 5,20230317,13,detect_data,Figure 3 & 5/20230317/Raman/Run 13/Raman-DetectData-Avg01-0165.txt,43894,1269,#k Index:	0.00000000E+0
Figure 3 & 5,20230317,13,detect_data,Figure 3 & 5/20230317/Raman/Run 13/Raman-DetectData-Avg01-0166.txt,43903,1269,#k Index:	1.00000000E+0
Figure 3 & 5,20230317,13,detect_data,Figure 3 & 5/20230317/Raman/Run 13/Raman-DetectData-Avg01-0167.txt,43930,1269,#k Index:	0.00000000E+0
Figure 3 & 5,20230317,13,detect_data,Figure 3 & 5/20230317/Raman/Run 13/Raman-DetectData-Avg01-0168.txt,43898,1269,#k Index:	1.00000000E+0
Figure 3 & 5,20230317,13,detect_data,Figure 3 & 5/20230317/Raman/Run 13/Raman-DetectData-Avg01-0169.txt,43853,1269,#k Index:	0.00000000E+0
Figure 3 & 5,20230317,13,detect_data,Figure 3 & 5/20230317/Raman/Run 13/Raman-DetectData-Avg01-0170.txt,43876,1269,#k Index:	1.00000000E+0
Figure 3 & 5,20230317,13,detect_data,Figure 3 & 5/20230317/Raman/Run 13/Raman-DetectData-Avg01-0171.txt,43916,1269,#k Index:	0.00000000E+0
Figure 3 & 5,20230317,13,detect_data,Figure 3 & 5/20230317/Raman/Run 13/Raman-DetectData-Avg01-0172.txt,43860,1269,#k Index:	1.00000000E+0
Figure 3 & 5,20230317,13,detect_data,Figure 3 & 5/20230317/Raman/Run 13/Raman-DetectData-Avg01-0173.txt,43855,1269,#k Index:	0.00000000E+0
Figure 3 & 5,20230317,13,detect_data,Figure 3 & 5/20230317/Raman/Run 13/Raman-DetectData-Avg01-0174.txt,43877,1269,#k Index:	1.00000000E+0
Figure 3 & 5,20230317,13,detect_data,Figure 3 & 5/20230317/Raman/Run 13/Raman-DetectData-Avg01-0175.txt,43883,1269,#k Index:	0.00000000E+0
Figure 3 & 5,20230317,13,detect_data,Figure 3 & 5/20230317/Raman/Run 13/Raman-DetectData-Avg01-0176.txt,43870,1269,#k Index:	1.00000000E+0
Figure 3 & 5,20230317,13,detect_data,Figure 3 & 5/20230317/Raman/Run 13/Raman-DetectData-Avg01-0177.txt,43911,1269,#k Index:	0.00000000E+0
Figure 3 & 5,20230317,13,detect_data,Figure 3 & 5/20230317/Raman/Run 13/Raman-DetectData-Avg01-0178.txt,43871,1269,#k Index:	1.00000000E+0
Figure 3 & 5,20230317,13,detect_data,Figure 3 & 5/20230317/Raman/Run 13/Raman-DetectData-Avg01-0179.txt,43906,1269,#k Index:	0.00000000E+0
Figure 3 & 5,20230317,13,detect_data,Figure 3 & 5/20230317/Raman/Run 13/Raman-DetectData-Avg01-0180.txt,43936,1269,#k Index:	1.00000000E+0
Figure 3 & 5,20230317,13,detect_data,Figure 3 & 5/20230317/Raman/Run 13/Raman-DetectData-Avg01-0181.txt,43915,1269,#k Index:	0.00000000E+0
Figure 3 & 5,20230317,13,detect_data,Figure 3 & 5/20230317/Raman/Run 13/Raman-DetectData-Avg01-0182.txt,43883,1269,#k Index:	1.00000000E+0
Figure 3 & 5,20230317,13,detect_data,Figure 3 & 5/20230317/Raman/Run 13/Raman-DetectData-Avg01-0183.txt,43926,1269,#k Index:	0.00000000E+0
Figure 3 & 5,20230317,13,detect_data,Figure 3 & 5/20230317/Raman/Run 13/Raman-DetectData-Avg01-0184.txt,43878,1269,#k Index:	1.00000000E+0
Figure 3 & 5,20230317,13,detect_data,Figure 3 & 5/20230317/Raman/Run 13/Raman-DetectData-Avg01-0185.txt,43894,1269,#k Index:	0.00000000E+0
Figure 3 & 5,20230317,13,detect_data,Figure 3 & 5/20230317/Raman/Run 13/Raman-DetectData-Avg01-0186.txt,43938,1269,#k Index:	1.00000000E+0
Figure 3 & 5,20230317,13,detect_data,Figure 3 & 5/20230317/Raman/Run 13/Raman-DetectData-Avg01-0187.txt,43895,1269,#k Index:	0.00000000E+0
Figure 3 & 5,20230317,13,detect_data,Figure 3 & 5/20230317/Raman/Run 13/Raman-DetectData-Avg01-0188.txt,43910,1269,#k Index:	1.00000000E+0
Figure 3 & 5,20230317,13,detect_data,Figure 3 & 5/20230317/Raman/Run 13/Raman-DetectData-Avg01-0189.txt,43902,1269,#k Index:	0.00000000E+0
Figure 3 & 5,20230317,13,detect_data,Figure 3 & 5/20230317/Raman/Run 13/Raman-DetectData-Avg01-0190.txt,43895,1269,#k Index:	1.00000000E+0
Figure 3 & 5,20230317,13,detect_data,Figure 3 & 5/20230317/Raman/Run 13/Raman-DetectData-Avg01-0191.txt,43924,1269,#k Index:	0.00000000E+0
Figure 3 & 5,20230317,13,detect_data,Figure 3 & 5/20230317/Raman/Run 13/Raman-DetectData-Avg01-0192.txt,43917,1269,#k Index:	1.00000000E+0
Figure 3 & 5,20230317,13,detect_data,Figure 3 & 5/20230317/Raman/Run 13/Raman-DetectData-Avg01-0193.txt,43861,1269,#k Index:	0.00000000E+0
Figure 3 & 5,20230317,13,detect_data,Figure 3 & 5/20230317/Raman/Run 13/Raman-DetectData-Avg01-0194.txt,43930,1269,#k Index:	1.00000000E+0
Figure 3 & 5,20230317,13,detect_data,Figure 3 & 5/20230317/Raman/Run 13/Raman-DetectData-Avg01-0195.txt,43885,1269,#k Index:	0.00000000E+0
Figure 3 & 5,20230317,13,detect_data,Figure 3 & 5/20230317/Raman/Run 13/Raman-DetectData-Avg01-0196.txt,43880,1269,#k Index:	1.00000000E+0
Figure 3 & 5,20230317,13,detect_data,Figure 3 & 5/20230317/Raman/Run 13/Raman-DetectData-Avg01-0197.txt,43861,1269,#k Index:	0.00000000E+0
Figure 3 & 5,20230317,13,detect_data,Figure 3 & 5/20230317/Raman/Run 13/Raman-DetectData-Avg01-0198.txt,43892,1269,#k Index:	1.00000000E+0
Figure 3 & 5,20230317,13,detect_data,Figure 3 & 5/20230317/Raman/Run 13/Raman-DetectData-Avg01-0199.txt,43887,1269,#k Index:	0.00000000E+0
Figure 3 & 5,20230317,13,detect_data,Figure 3 & 5/20230317/Raman/Run 13/Raman-DetectData-Avg01-0200.txt,43883,1269,#k Index:	1.00000000E+0
Figure 3 & 5,20230317,13,detect_data,Figure 3 & 5/20230317/Raman/Run 13/Raman-DetectData-Avg01-0201.txt,43880,1269,#k Index:	0.00000000E+0
Figure 3 & 5,20230317,13,detect_data,Figure 3 & 5/20230317/Raman/Run 13/Raman-DetectData-Avg01-0202.txt,43887,1269,#k Index:	1.00000000E+0
Figure 3 & 5,20230317,13,detect_data,Figure 3 & 5/20230317/Raman/Run 13/Raman-DetectData-Avg01-0203.txt,43886,1269,#k Index:	0.00000000E+0
Figure 3 & 5,20230317,13,detect_data,Figure 3 & 5/20230317/Raman/Run 13/Raman-DetectData-Avg01-0204.txt,43929,1269,#k Index:	1.00000000E+0
Figure 3 & 5,20230317,13,detect_data,Figure 3 & 5/20230317/Raman/Run 13/Raman-DetectData-Avg01-0205.txt,43881,1269,#k Index:	0.00000000E+0
Figure 3 & 5,20230317,13,detect_data,Figure 3 & 5/20230317/Raman/Run 13/Raman-DetectData-Avg01-0206.txt,43899,1269,#k Index:	1.00000000E+0
Figure 3 & 5,20230317,13,detect_data,Figure 3 & 5/20230317/Raman/Run 13/Raman-DetectData-Avg01-0207.txt,43901,1269,#k Index:	0.00000000E+0
Figure 3 & 5,20230317,13,detect_data,Figure 3 & 5/20230317/Raman/Run 13/Raman-DetectData-Avg01-0208.txt,43863,1269,#k Index:	1.00000000E+0
Figure 3 & 5,20230317,13,detect_data,Figure 3 & 5/20230317/Raman/Run 13/Raman-DetectData-Avg01-0209.txt,43896,1269,#k Index:	0.00000000E+0
Figure 3 & 5,20230317,13,detect_data,Figure 3 & 5/20230317/Raman/Run 13/Raman-DetectData-Avg01-0210.txt,43903,1269,#k Index:	1.00000000E+0
Figure 3 & 5,20230317,13,detect_data,Figure 3 & 5/20230317/Raman/Run 13/Raman-DetectData-Avg01-0211.txt,43864,1269,#k Index:	0.00000000E+0
Figure 3 & 5,20230317,13,detect_data,Figure 3 & 5/20230317/Raman/Run 13/Raman-DetectData-Avg01-0212.txt,43929,1269,#k Index:	1.00000000E+0
Figure 3 & 5,20230317,13,detect_data,Figure 3 & 5/20230317/Raman/Run 13/Raman-DetectData-Avg01-0213.txt,43903,1269,#k Index:	0.00000000E+0
Figure 3 & 5,20230317,13,detect_data,Figure 3 & 5/20230317/Raman/Run 13/Raman-DetectData-Avg01-0214.txt,43913,1269,#k Index:	1.00000000E+0
Figure 3 & 5,20230317,13,detect_data,Figure 3 & 5/20230317/Raman/Run 13/Raman-DetectData-Avg01-0215.txt,43932,1269,#k Index:	0.00000000E+0
Figure 3 & 5,20230317,13,detect_data,Figure 3 & 5/20230317/Raman/Run 13/Raman-DetectData-Avg01-0216.txt,43924,1269,#k Index:	1.00000000E+0
Figure 3 & 5,20230317,13,detect_data,Figure 3 & 5/20230317/Raman/Run 13/Raman-DetectData-Avg01-0217.txt,43854,1269,#k Index:	0.00000000E+0
Figure 3 & 5,20230317,13,detect_data,Figure 3 & 5/20230317/Raman/Run 13/Raman-DetectData-Avg01-0218.txt,43930,1269,#k Index:	1.00000000E+0
Figure 3 & 5,20230317,13,detect_data,Figure 3 & 5/20230317/Raman/Run 13/Raman-DetectData-Avg01-0219.txt,43958,1269,#k Index:	0.00000000E+0
Figure 3 & 5,20230317,13,detect_data,Figure 3 & 5/20230317/Raman/Run 13/Raman-DetectData-Avg01-0220.txt,43877,1269,#k Index:	1.00000000E+0
Figure 3 & 5,20230317,13,detect_data,Figure 3 & 5/20230317/Raman/Run 13/Raman-DetectData-Avg01-0221.txt,43884,1269,#k Index:	0.00000000E+0
Figure 3 & 5,20230317,13,detect_data,Figure 3 & 5/20230317/Raman/Run 13/Raman-DetectData-Avg01-0222.txt,43917,1269,#k Index:	1.00000000E+0
Figure 3 & 5,20230317,13,detect_data,Figure 3 & 5/20230317/Raman/Run 13/Raman-DetectData-Avg01-0223.txt,43884,1269,#k Index:	0.00000000E+0
Figure 3 & 5,20230317,13,detect_data,Figure 3 & 5/20230317/Raman/Run 13/Raman-DetectData-Avg01-0224.txt,43944,1269,#k Index:	1.00000000E+0
Figure 3 & 5,20230317,13,detect_data,Figure 3 & 5/20230317/Raman/Run 13/Raman-DetectData-Avg01-0225.txt,43877,1269,#k Index:	0.00000000E+0
Figure 3 & 5,20230317,13,detect_data,Figure 3 & 5/20230317/Raman/Run 13/Raman-DetectData-Avg01-0226.txt,43874,1269,#k Index:	1.00000000E+0
Figure 3 & 5,20230317,13,detect_data,Figure 3 & 5/20230317/Raman/Run 13/Raman-DetectData-Avg01-0227.txt,43944,1269,#k Index:	0.00000000E+0
Figure 3 & 5,20230317,13,detect_data,Figure 3 & 5/20230317/Raman/Run 13/Raman-DetectData-Avg01-0228.txt,43918,1269,#k Index:	1.00000000E+0
Figure 3 & 5,20230317,13,detect_data,Figure 3 & 5/20230317/Raman/Run 13/Raman-DetectData-Avg01-0229.txt,43874,1269,#k Index:	0.00000000E+0
Figure 3 & 5,20230317,13,detect_data,Figure 3 & 5/20230317/Raman/Run 13/Raman-DetectData-Avg01-0230.txt,43911,1269,#k Index:	1.00000000E+0
Figure 3 & 5,20230317,13,detect_data,Figure 3 & 5/20230317/Raman/Run 13/Raman-DetectData-Avg01-0231.txt,43894,1269,#k Index:	0.00000000E+0
Figure 3 & 5,20230317,13,detect_data,Figure 3 & 5/20230317/Raman/Run 13/Raman-DetectData-Avg01-0232.txt,43900,1269,#k Index:	1.00000000E+0
Figure 3 & 5,20230317,13,detect_data,Figure 3 & 5/20230317/Raman/Run 13/Raman-DetectData-Avg01-0233.txt,43894,1269,#k Index:	0.00000000E+0
Figure 3 & 5,20230317,13,detect_data,Figure 3 & 5/20230317/Raman/Run 13/Raman-DetectData-Avg01-0234.txt,43900,1269,#k Index:	1.00000000E+0
Figure 3 & 5,20230317,13,detect_data,Figure 3 & 5/20230317/Raman/Run 13/Raman-DetectData-Avg01-0235.txt,43852,1269,#k Index:	0.00000000E+0
Figure 3 & 5,20230317,13,detect_data,Figure 3 & 5/20230317/Raman/Run 13/Raman-DetectData-Avg01-0236.txt,43885,1269,#k Index:	1.00000000E+0
Figure 3 & 5,20230317,13,detect_data,Figure 3 & 5/20230317/Raman/Run 13/Raman-DetectData-Avg01-0237.txt,43869,1269,#k Index:	0.00000000E+0
Figure 3 & 5,20230317,13,detect_data,Figure 3 & 5/20230317/Raman/Run 13/Raman-DetectData-Avg01-0238.txt,43917,1269,#k Index:	1.00000000E+0
Figure 3 & 5,20230317,13,detect_data,Figure 3 & 5/20230317/Raman/Run 13/Raman-DetectData-Avg01-0239.txt,43894,1269,#k Index:	0.00000000E+0
Figure 3 & 5,20230317,13,detect_data,Figure 3 & 5/20230317/Raman/Run 13/Raman-DetectData-Avg01-0240.txt,43878,1269,#k Index:	1.00000000E+0
Figure 3 & 5,20230317,13,detect_data,Figure 3 & 5/20230317/Raman/Run 13/Raman-DetectData-Avg01-0241.txt,43896,1269,#k Index:	0.00000000E+0
Figure 3 & 5,20230317,13,detect_data,Figure 3 & 5/20230317/Raman/Run 13/Raman-DetectData-Avg01-0242.txt,43912,1269,#k Index:	1.00000000E+0
Figure 3 & 5,20230317,13,avg01_ratios,Figure 3 & 5/20230317/Raman/Run 13/Raman-Run13-Avg01-Ratios-kD.txt,13867,122,#Iteration	Date	Time	Chirp	Phase	RamanAxis	RTPhase	NFringe	Ratio
Figure 3 & 5,20230317,13,avg01_ratios,Figure 3 & 5/20230317/Raman/Run 13/Raman-Run13-Avg01-Ratios-kU.txt,13744,122,#Iteration	Date	Time	Chirp	Phase	RamanAxis	RTPhase	NFringe	Ratio
Figure 3 & 5,20230317,13,avg_ratios,Figure 3 & 5/20230317/Raman/Run 13/Raman-Run13-AvgRatios-kD.txt,12052,122,#Iteration	Date	Time	Chirp	Phase	RamanAxis	RatioMean	RatioStdDev
Figure 3 & 5,20230317,13,avg_ratios,Figure 3 & 5/20230317/Raman/Run 13/Raman-Run13-AvgRatios-kU.txt,12050,122,#Iteration	Date	Time	Chirp	Phase	RamanAxis	RatioMean	RatioStdDev
Figure 3 & 5,20230317,13,rotations_data,Figure 3 & 5/20230317/Raman/Run 13/Raman-Run13-RotationsData.txt,33908,243,#Iteration	Date	Time	STSX	STSY	RotationRateX	RotationRateY	FrCntX	FrCntY	TiptiltCmd1	TiptiltCmd2	TiptiltMonitor1	TiptiltMonitor2
Figure 3 & 5,20230317,13,rt_data,Figure 3 & 5/20230317/Raman/Run 13/Raman-Run13-RTData.txt,24281,243,#Iteration	Date	Time	RTPhase	NFringe	AccelAxis	AccelMean	AccelTemp
Figure 3 & 5,20230317,14,parameters,Figure 3 & 5/20230317/Raman/Run 14/Parameters.txt,1633,60,Software Version: 3.4
Figure 3 & 5,20230317,14,detect_data,Figure 3 & 5/20230317/Raman/Run 14/Raman-DetectData-Avg01-0001.txt,43879,1269,#k Index:	0.00000000E+0
Figure 3 & 5,20230317,14,detect_data,Figure 3 & 5/20230317/Raman/Run 14/Raman-DetectData-Avg01-0002.txt,43896,1269,#k Index:	1.00000000E+0
Figure 3 & 5,20230317,14,detect_data,Figure 3 & 5/20230317/Raman/Run 14/Raman-DetectData-Avg01-0003.txt,43898,1269,#k Index:	0.00000000E+0
Figure 3 & 5,20230317,14,detect_data,Figure 3 & 5/20230317/Raman/Run 14/Raman-DetectData-Avg01-0004.txt,43860,1269,#k Index:	1.00000000E+0
Figure 3 & 5,20230317,14,detect_data,Figure 3 & 5/20230317/Raman/Run 14/Raman-DetectData-Avg01-0005.txt,43871,1269,#k Index:	0.00000000E+0
Figure 3 & 5,20230317,14,detect_data,Figure 3 & 5/20230317/Raman/Run 14/Raman-DetectData-Avg01-0006.txt,43852,1269,#k Index:	1.00000000E+0
Figure 3 & 5,20230317,14,detect_data,Figure 3 & 5/20230317/Raman/Run 14/Raman-DetectData-Avg01-0007.txt,43907,1269,#k Index:	0.00000000E+0
Figure 3 & 5,20230317,14,detect_data,Figure 3 & 5/20230317/Raman/Run 14/Raman-DetectData-Avg01-0008.txt,43932,1269,#k Index:	1.00000000E+0
Figure 3 & 5,20230317,14,detect_data,Figure 3 & 5/20230317/Raman/Run 14/Raman-DetectData-Avg01-0009.txt,43868,1269,#k Index:	0.00000000E+0
Figure 3 & 5,20230317,14,detect_data,Figure 3 & 5/20230317/Raman/Run 14/Raman-DetectData-Avg01-0010.txt,43858,1269,#k Index:	1.00000000E+0
Figure 3 & 5,20230317,14,detect_data,Figure 3 & 5/20230317/Raman/Run 14/Raman-DetectData-Avg01-0011.txt,43862,1269,#k Index:	0.00000000E+0
Figure 3 & 5,20230317,14,detect_data,Figure 3 & 5/20230317/Raman/Run 14/Raman-DetectData-Avg01-0012.txt,43855,1269,#k Index:	1.00000000E+0
Figure 3 & 5,20230317,14,detect_data,Figure 3 & 5/20230317/Raman/Run 14/Raman-DetectData-Avg01-0013.txt,43876,1269,#k Index:	0.00000000E+0
Figure 3 & 5,20230317,14,detect_data,Figure 3 & 5/20230317/Raman/Run 14/Raman-DetectData-Avg01-0014.txt,43905,1269,#k Index:	1.00000000E+0
Figure 3 & 5,20230317,14,detect_data,Figure 3 & 5/20230317/Raman/Run 14/Raman-DetectData-Avg01-0015.txt,43908,1269,#k Index:	0.00000000E+0
Figure 3 & 5,20230317,14,detect_data,Figure 3 & 5/20230317/Raman/Run 14/Raman-DetectData-Avg01-0016.txt,43866,1269,#k Index:	1.00000000E+0
Figure 3 & 5,20230317,14,detect_data,Figure 3 & 5/20230317/Raman/Run 14/Raman-DetectData-Avg01-0017.txt,43892,1269,#k Index:	0.00000000E+0
Figure 3 & 5,20230317,14,detect_data,Figure 3 & 5/20230317/Raman/Run 14/Raman-DetectData-Avg01-0018.txt,43911,1269,#k Index:	1.00000000E+0
Figure 3 & 5,20230317,14,detect_data,Figure 3 & 5/20230317/Raman/Run 14/Raman-DetectData-Avg01-0019.txt,43887,1269,#k Index:	0.00000000E+0
Figure 3 & 5,20230317,14,detect_data,Figure 3 & 5/20230317/Raman/Run 14/Raman-DetectData-Avg01-0020.txt,43854,1269,#k Index:	1.00000000E+0
Figure 3 & 5,20230317,14,detect_data,Figure 3 & 5/20230317/Raman/Run 14/Raman-DetectData-Avg01-0021.txt,43914,1269,#k Index:	0.00000000E+0
Figure 3 & 5,20230317,14,detect_data,Figure 3 & 5/20230317/Raman/Run 14/Raman-DetectData-Avg01-0022.txt,43894,1269,#k Index:	1.00000000E+0
Figure 3 & 5,20230317,14,detect_data,Figure 3 & 5/20230317/Raman/Run 14/Raman-DetectData-Avg01-0023.txt,43867,1269,#k Index:	0.00000000E+0
Figure 3 & 5,20230317,14,detect_data,Figure 3 & 5/20230317/Raman/Run 14/Raman-DetectData-Avg01-0024.txt,43917,1269,#k Index:	1.00000000E+0
Figure 3 & 5,20230317,14,detect_data,Figure 3 & 5/20230317/Raman/Run 14/Raman-DetectData-Avg01-0025.txt,43932,1269,#k Index:	0.00000000E+0
Figure 3 & 5,20230317,14,detect_data,Figure 3 & 5/20230317/Raman/Run 14/Raman-DetectData-Avg01-0026.txt,43911,1269,#k Index:	1.00000000E+0
Figure 3 & 5,20230317,14,detect_data,Figure 3 & 5/20230317/Raman/Run 14/Raman-DetectData-Avg01-0027.txt,43873,1269,#k Index:	0.00000000E+0
Figure 3 & 5,20230317,14,detect_data,Figure 3 & 5/20230317/Raman/Run 14/Raman-DetectData-Avg01-0028.txt,43923,1269,#k Index:	1.00000000E+0
Figure 3 & 5,20230317,14,detect_data,Figure 3 & 5/20230317/Raman/Run 14/Raman-DetectData-Avg01-0029.txt,43908,1269,#k Index:	0.00000000E+0
Figure 3 & 5,20230317,14,detect_data,Figure 3 & 5/20230317/Raman/Run 14/Raman-DetectData-Avg01-0030.txt,43901,1269,#k Index:	1.00000000E+0
Figure 3 & 5,20230317,14,detect_data,Figure 3 & 5/20230317/Raman/Run 14/Raman-DetectData-Avg01-0031.txt,43891,1269,#k Index:	0.00000000E+0
Figure 3 & 5,20230317,14,detect_data,Figure 3 & 5/20230317/Raman/Run 14/Raman-DetectData-Avg01-0032.txt,43904,1269,#k Index:	1.00000000E+0
Figure 3 & 5,20230317,14,detect_data,Figure 3 & 5/20230317/Raman/Run 14/Raman-DetectData-Avg01-0033.txt,43860,1269,#k Index:	0.00000000E+0
Figure 3 & 5,20230317,14,detect_data,Figure 3 & 5/20230317/Raman/Run 14/Raman-DetectData-Avg01-0034.txt,43877,1269,#k Index:	1.00000000E+0
Figure 3 & 5,20230317,14,detect_data,Figure 3 & 5/20230317/Raman/Run 14/Raman-DetectData-Avg01-0035.txt,43946,1269,#k Index:	0.00000000E+0
Figure 3 & 5,20230317,14,detect_data,Figure 3 & 5/20230317/Raman/Run 14/Raman-DetectData-Avg01-0036.txt,43889,1269,#k Index:	1.00000000E+0
Figure 3 & 5,20230317,14,detect_data,Figure 3 & 5/20230317/Raman/Run 14/Raman-DetectData-Avg01-0037.txt,43884,1269,#k Index:	0.00000000E+0
Figure 3 & 5,20230317,14,detect_data,Figure 3 & 5/20230317/Raman/Run 14/Raman-DetectData-Avg01-0038.txt,43871,1269,#k Index:	1.00000000E+0
Figure 3 & 5,20230317,14,detect_data,Figure 3 & 5/20230317/Raman/Run 14/Raman-DetectData-Avg01-0039.txt,43902,1269,#k Index:	0.00000000E+0
Figure 3 & 5,20230317,14,detect_data,Figure 3 & 5/20230317/Raman/Run 14/Raman-DetectData-Avg01-0040.txt,43869,1269,#k Index:	1.00000000E+0
Figure 3 & 5,20230317,14,detect_data,Figure 3 & 5/20230317/Raman/Run 14/Raman-DetectData-Avg01-0041.txt,43873,1269,#k Index:	0.00000000E+0
Figure 3 & 5,20230317,14,detect_data,Figure 3 & 5/20230317/Raman/Run 14/Raman-DetectData-Avg01-0042.txt,43892,1269,#k Index:	1.00000000E+0
Figure 3 & 5,20230317,14,detect_data,Figure 3 & 5/20230317/Raman/Run 14/Raman-DetectData-Avg01-0043.txt,43898,1269,#k Index:	0.00000000E+0
Figure 3 & 5,20230317,14,detect_data,Figure 3 & 5/20230317/Raman/Run 14/Raman-DetectData-Avg01-0044.txt,43910,1269,#k Index:	1.00000000E+0
Figure 3 & 5,20230317,14,detect_data,Figure 3 & 5/20230317/Raman/Run 14/Raman-DetectData-Avg01-0045.txt,43911,1269,#k Index:	0.00000000E+0
Figure 3 & 5,20230317,14,detect_data,Figure 3 & 5/20230317/Raman/Run 14/Raman-DetectData-Avg01-0046.txt,43922,1269,#k Index:	1.00000000E+0
Figure 3 & 5,20230317,14,detect_data,Figure 3 & 5/20230317/Raman/Run 14/Raman-DetectData-Avg01-0047.txt,43896,1269,#k Index:	0.00000000E+0
Figure 3 & 5,20230317,14,detect_data,Figure 3 & 5/20230317/Raman/Run 14/Raman-DetectData-Avg01-0048.txt,43893,1269,#k Index:	1.00000000E+0
Figure 3 & 5,20230317,14,detect_data,Figure 3 & 5/20230317/Raman/Run 14/Raman-DetectData-Avg01-0049.txt,43899,1269,#k Index:	0.00000000E+0
Figure 3 & 5,20230317,14,detect_data,Figure 3 & 5/20230317/Raman/Run 14/Raman-DetectData-Avg01-0050.txt,43913,1269,#k Index:	1.00000000E+0
Figure 3 & 5,20230317,14,detect_data,Figure 3 & 5/20230317/Raman/Run 14/Raman-DetectData-Avg01-0051.txt,43882,1269,#k Index:	0.00000000E+0
Figure 3 & 5,20230317,14,detect_data,Figure 3 & 5/20230317/Raman/Run 14/Raman-DetectData-Avg01-0052.txt,43948,1269,#k Index:	1.00000000E+0
Figure 3 & 5,20230317,14,detect_data,Figure 3 & 5/20230317/Raman/Run 14/Raman-DetectData-Avg01-0053.txt,43897,1269,#k Index:	0.00000000E+0
Figure 3 & 5,20230317,14,detect_data,Figure 3 & 5/20230317/Raman/Run 14/Raman-DetectData-Avg01-0054.txt,43908,1269,#k Index:	1.00000000E+0
Figure 3 & 5,20230317,14,detect_data,Figure 3 & 5/20230317/Raman/Run 14/Raman-DetectData-Avg01-0055.txt,43938,1269,#k Index:	0.00000000E+0
Figure 3 & 5,20230317,14,detect_data,Figure 3 & 5/20230317/Raman/Run 14/Raman-DetectData-Avg01-0056.txt,43884,1269,#k Index:	1.00000000E+0
Figure 3 & 5,20230317,14,detect_data,Figure 3 & 5/20230317/Raman/Run 14/Raman-DetectData-Avg01-0057.txt,43904,1269,#k Index:	0.00000000E+0
Figure 3 & 5,20230317,14,detect_data,Figure 3 & 5/20230317/Raman/Run 14/Raman-DetectData-Avg01-0058.txt,43886,1269,#k Index:	1.00000000E+0
Figure 3 & 5,20230317,14,detect_data,Figure 3 & 5/20230317/Raman/Run 14/Raman-DetectData-Avg01-0059.txt,43903,1269,#k Index:	0.00000000E+0
Figure 3 & 5,20230317,14,detect_data,Figure 3 & 5/20230317/Raman/Run 14/Raman-DetectData-Avg01-0060.txt,43949,1269,#k Index:	1.00000000E+0
Figure 3 & 5,20230317,14,detect_data,Figure 3 & 5/20230317/Raman/Run 14/Raman-DetectData-Avg01-0061.txt,43889,1269,#k Index:	0.00000000E+0
Figure 3 & 5,20230317,14,detect_data,Figure 3 & 5/20230317/Raman/Run 14/Raman-DetectData-Avg01-0062.txt,43878,1269,#k Index:	1.00000000E+0
Figure 3 & 5,20230317,14,detect_data,Figure 3 & 5/20230317/Raman/Run 14/Raman-DetectData-Avg01-0063.txt,43891,1269,#k Index:	0.00000000E+0
Figure 3 & 5,20230317,14,detect_data,Figure 3 & 5/20230317/Raman/Run 14/Raman-DetectData-Avg01-0064.txt,43881,1269,#k Index:	1.00000000E+0
Figure 3 & 5,20230317,14,detect_data,Figure 3 & 5/20230317/Raman/Run 14/Raman-DetectData-Avg01-0065.txt,43900,1269,#k Index:	0.00000000E+0
Figure 3 & 5,20230317,14,detect_data,Figure 3 & 5/20230317/Raman/Run 14/Raman-DetectData-Avg01-0066.txt,43879,1269,#k Index:	1.00000000E+0
Figure 3 & 5,20230317,14,detect_data,Figure 3 & 5/20230317/Raman/Run 14/Raman-DetectData-Avg01-0067.txt,43880,1269,#k Index:	0.00000000E+0
Figure 3 & 5,20230317,14,detect_data,Figure 3 & 5/20230317/Raman/Run 14/Raman-DetectData-Avg01-0068.txt,43899,1269,#k Index:	1.00000000E+0
Figure 3 & 5,20230317,14,detect_data,Figure 3 & 5/20230317/Raman/Run 14/Raman-DetectData-Avg01-0069.txt,43865,1269,#k Index:	0.00000000E+0
Figure 3 & 5,20230317,14,detect_data,Figure 3 & 5/20230317/Raman/Run 14/Raman-DetectData-Avg01-0070.txt,43881,1269,#k Index:	1.00000000E+0
Figure 3 & 5,20230317,14,detect_data,Figure 3 & 5/20230317/Raman/Run 14/Raman-DetectData-Avg01-0071.txt,43855,1269,#k Index:	0.00000000E+0
Figure 3 & 5,20230317,14,detect_data,Figure 3 & 5/20230317/Raman/Run 14/Raman-DetectData-Avg01-0072.txt,43863,1269,#k Index:	1.00000000E+0
Figure 3 & 5,20230317,14,detect_data,Figure 3 & 5/20230317/Raman/Run 14/Raman-DetectData-Avg01-0073.txt,43855,1269,#k Index:	0.00000000E+0
Figure 3 & 5,20230317,14,detect_data,Figure 3 & 5/20230317/Raman/Run 14/Raman-DetectData-Avg01-0074.txt,43914,1269,#k Index:	1.00000000E+0
Figure 3 & 5,20230317,14,detect_data,Figure 3 & 5/20230317/Raman/Run 14/Raman-DetectData-Avg01-0075.txt,43880,1269,#k Index:	0.00000000E+0
Figure 3 & 5,20230317,14,detect_data,Figure 3 & 5/20230317/Raman/Run 14/Raman-DetectData-Avg01-0076.txt,43921,1269,#k Index:	1.00000000E+0
Figure 3 & 5,20230317,14,detect_data,Figure 3 & 5/20230317/Raman/Run 14/Raman-DetectData-Avg01-0077.txt,43882,1269,#k Index:	0.00000000E+0
Figure 3 & 5,20230317,14,detect_data,Figure 3 & 5/20230317/Raman/Run 14/Raman-DetectData-Avg01-0078.txt,43889,1269,#k Index:	1.00000000E+0
Figure 3 & 5,20230317,14,detect_data,Figure 3 & 5/20230317/Raman/Run 14/Raman-DetectData-Avg01-0079.txt,43897,1269,#k Index:	0.00000000E+0
Figure 3 & 5,20230317,14,detect_data,Figure 3 & 5/20230317/Raman/Run 14/Raman-DetectData-Avg01-0080.txt,43853,1269,#k Index:	1.00000000E+0
Figure 3 & 5,20230317,14,detect_data,Figure 3 & 5/20230317/Raman/Run 14/Raman-DetectData-Avg01-0081.txt,43930,1269,#k Index:	0.00000000E+0
Figure 3 & 5,20230317,14,detect_data,Figure 3 & 5/20230317/Raman/Run 14/Raman-DetectData-Avg01-0082.txt,43907,1269,#k Index:	1.00000000E+0
Figure 3 & 5,20230317,14,detect_data,Figure 3 & 5/20230317/Raman/Run 14/Raman-DetectData-Avg01-0083.txt,43876,1269,#k Index:	0.00000000E+0
Figure 3 & 5,20230317,14,detect_data,Figure 3 & 5/20230317/Raman/Run 14/Raman-DetectData-Avg01-0084.txt,43897,1269,#k Index:	1.00000000E+0
Figure 3 & 5,20230317,14,detect_data,Figure 3 & 5/20230317/Raman/Run 14/Raman-DetectData-Avg01-0085.txt,43891,1269,#k Index:	0.00000000E+0
Figure 3 & 5,20230317,14,detect_data,Figure 3 & 5/20230317/Raman/Run 14/Raman-DetectData-Avg01-0086.txt,43945,1269,#k Index:	1.00000000E+0
Figure 3 & 5,20230317,14,detect_data,Figure 3 & 5/20230317/Raman/Run 14/Raman-DetectData-Avg01-0087.txt,43932,1269,#k Index:	0.00000000E+0
Figure 3 & 5,20230317,14,detect_data,Figure 3 & 5/20230317/Raman/Run 14/Raman-DetectData-Avg01-0088.txt,43922,1269,#k Index:	1.00000000E+0
Figure 3 & 5,20230317,14,detect_data,Figure 3 & 5/20230317/Raman/Run 14/Raman-DetectData-Avg01-0089.txt,43911,1269,#k Index:	0.00000000E+0
Figure 3 & 5,20230317,14,detect_data,Figure 3 & 5/20230317/Raman/Run 14/Raman-DetectData-Avg01-0090.txt,43861,1269,#k Index:	1.00000000E+0
Figure 3 & 5,20230317,14,detect_data,Figure 3 & 5/20230317/Raman/Run 14/Raman-DetectData-Avg01-0091.txt,43898,1269,#k Index:	0.00000000E+0
Figure 3 & 5,20230317,14,detect_data,Figure 3 & 5/20230317/Raman/Run 14/Raman-DetectData-Avg01-0092.txt,43910,1269,#k Index:	1.00000000E+0
Figure 3 & 5,20230317,14,detect_data,Figure 3 & 5/20230317/Raman/Run 14/Raman-DetectData-Avg01-0093.txt,43872,1269,#k Index:	0.00000000E+0
Figure 3 & 5,20230317,14,detect_data,Figure 3 & 5/20230317/Raman/Run 14/Raman-DetectData-Avg01-0094.txt,43906,1269,#k Index:	1.00000000E+0
Figure 3 & 5,20230317,14,detect_data,Figure 3 & 5/20230317/Raman/Run 14/Raman-DetectData-Avg01-0095.txt,43884,1269,#k Index:	0.00000000E+0
Figure 3 & 5,20230317,14,detect_data,Figure 3 & 5/20230317/Raman/Run 14/Raman-DetectData-Avg01-0096.txt,43899,1269,#k Index:	1.00000000E+0
Figure 3 & 5,20230317,14,detect_data,Figure 3 & 5/20230317/Raman/Run 14/Raman-DetectData-Avg01-0097.txt,43906,1269,#k Index:	0.00000000E+0
Figure 3 & 5,20230317,14,detect_data,Figure 3 & 5/20230317/Raman/Run 14/Raman-DetectData-Avg01-0098.txt,43898,1269,#k Index:	1.00000000E+0
Figure 3 & 5,20230317,14,detect_data,Figure 3 & 5/20230317/Raman/Run 14/Raman-DetectData-Avg01-0099.txt,43932,1269,#k Index:	0.00000000E+0
Figure 3 & 5,20230317,14,detect_data,Figure 3 & 5/20230317/Raman/Run 14/Raman-DetectData-Avg01-0100.txt,43913,1269,#k Index:	1.00000000E+0
Figure 3 & 5,20230317,14,detect_data,Figure 3 & 5/20230317/Raman/Run 14/Raman-DetectData-Avg01-0101.txt,43930,1269,#k Index:	0.00000000E+0
Figure 3 & 5,20230317,14,detect_data,Figure 3 & 5/20230317/Raman/Run 14/Raman-DetectData-Avg01-0102.txt,43995,1269,#k Index:	1.00000000E+0
Figure 3 & 5,20230317,14,detect_data,Figure 3 & 5/20230317/Raman/Run 14/Raman-DetectData-Avg01-0103.txt,43912,1269,#k Index:	0.00000000E+0
Figure 3 & 5,20230317,14,detect_data,Figure 3 & 5/20230317/Raman/Run 14/Raman-DetectData-Avg01-0104.txt,43935,1269,#k Index:	1.00000000E+0
Figure 3 & 5,20230317,14,detect_data,Figure 3 & 5/20230317/Raman/Run 14/Raman-DetectData-Avg01-0105.txt,43874,1269,#k Index:	0.00000000E+0
Figure 3 & 5,20230317,14,detect_data,Figure 3 & 5/20230317/Raman/Run 14/Raman-DetectData-Avg01-0106.txt,43906,1269,#k Index:	1.00000000E+0
Figure 3 & 5,20230317,14,detect_data,Figure 3 & 5/20230317/Raman/Run 14/Raman-DetectData-Avg01-0107.txt,43897,1269,#k Index:	0.00000000E+0
Figure 3 & 5,20230317,14,detect_data,Figure 3 & 5/20230317/Raman/Run 14/Raman-DetectData-Avg01-0108.txt,43906,1269,#k Index:	1.00000000E+0
Figure 3 & 5,20230317,14,detect_data,Figure 3 & 5/20230317/Raman/Run 14/Raman-DetectData-Avg01-0109.txt,43875,1269,#k Index:	0.00000000E+0
Figure 3 & 5,20230317,14,detect_data,Figure 3 & 5/20230317/Raman/Run 14/Raman-DetectData-Avg01-0110.txt,43924,1269,#k Index:	1.00000000E+0
Figure 3 & 5,20230317,14,detect_data,Figure 3 & 5/20230317/Raman/Run 14/Raman-DetectData-Avg01-0111.txt,43881,1269,#k Index:	0.00000000E+0
Figure 3 & 5,20230317,14,detect_data,Figure 3 & 5/20230317/Raman/Run 14/Raman-DetectData-Avg01-0112.txt,43953,1269,#k Index:	1.00000000E+0
Figure 3 & 5,20230317,14,detect_data,Figure 3 & 5/20230317/Raman/Run 14/Raman-DetectData-Avg01-0113.txt,43914,1269,#k Index:	0.00000000E+0
Figure 3 & 5,20230317,14,detect_data,Figure 3 & 5/20230317/Raman/Run 14/Raman-DetectData-Avg01-0114.txt,43908,1269,#k Index:	1.00000000E+0
Figure 3 & 5,20230317,14,detect_data,Figure 3 & 5/20230317/Raman/Run 14/Raman-DetectData-Avg01-0115.txt,43921,1269,#k Index:	0.00000000E+0
Figure 3 & 5,20230317,14,detect_data,Figure 3 & 5/20230317/Raman/Run 14/Raman-DetectData-Avg01-0116.txt,43923,1269,#k Index:	1.00000000E+0
Figure 3 & 5,20230317,14,detect_data,Figure 3 & 5/20230317/Raman/Run 14/Raman-DetectData-Avg01-0117.txt,43911,1269,#k Index:	0.00000000E+0
Figure 3 & 5,20230317,14,detect_data,Figure 3 & 5/20230317/Raman/Run 14/Raman-DetectData-Avg01-0118.txt,43905,1269,#k Index:	1.00000000E+0
Figure 3 & 5,20230317,14,detect_data,Figure 3 & 5/20230317/Raman/Run 14/Raman-DetectData-Avg01-0119.txt,43905,1269,#k Index:	0.00000000E+0
Figure 3 & 5,20230317,14,detect_data,Figure 3 & 5/20230317/Raman/Run 14/Raman-DetectData-Avg01-0120.txt,43954,1269,#k Index:	1.00000000E+0
Figure 3 & 5,20230317,14,detect_data,Figure 3 & 5/20230317/Raman/Run 14/Raman-DetectData-Avg01-0121.txt,43937,1269,#k Index:	0.00000000E+0
Figure 3 & 5,20230317,14,detect_data,Figure 3 & 5/20230317/Raman/Run 14/Raman-DetectData-Avg01-0122.txt,43933,1269,#k Index:	1.00000000E+0
Figure 3 & 5,20230317,14,detect_data,Figure 3 & 5/20230317/Raman/Run 14/Raman-DetectData-Avg01-0123.txt,43908,1269,#k Index:	0.00000000E+0
Figure 3 & 5,20230317,14,detect_data,Figure 3 & 5/20230317/Raman/Run 14/Raman-DetectData-Avg01-0124.txt,44000,1269,#k Index:	1.00000000E+0
Figure 3 & 5,20230317,14,detect_data,Figure 3 & 5/20230317/Raman/Run 14/Raman-DetectData-Avg01-0125.txt,43901,1269,#k Index:	0.00000000E+0
Figure 3 & 5,20230317,14,detect_data,Figure 3 & 5/20230317/Raman/Run 14/Raman-DetectData-Avg01-0126.txt,43925,1269,#k Index:	1.00000000E+0
Figure 3 & 5,20230317,14,detect_data,Figure 3 & 5/20230317/Raman/Run 14/Raman-DetectData-Avg01-0127.txt,43921,1269,#k Index:	0.00000000E+0
Figure 3 & 5,20230317,14,detect_data,Figure 3 & 5/20230317/Raman/Run 14/Raman-DetectData-Avg01-0128.txt,43898,1269,#k Index:	1.00000000E+0
Figure 3 & 5,20230317,14,detect_data,Figure 3 & 5/20230317/Raman/Run 14/Raman-DetectData-Avg01-0129.txt,43901,1269,#k Index:	0.00000000E+0
Figure 3 & 5,20230317,14,detect_data,Figure 3 & 5/20230317/Raman/Run 14/Raman-DetectData-Avg01-0130.txt,43933,1269,#k Index:	1.00000000E+0
Figure 3 & 5,20230317,14,detect_data,Figure 3 & 5/20230317/Raman/Run 14/Raman-DetectData-Avg01-0131.txt,43944,1269,#k Index:	0.00000000E+0
Figure 3 & 5,20230317,14,detect_data,Figure 3 & 5/20230317/Raman/Run 14/Raman-DetectData-Avg01-0132.txt,43913,1269,#k Index:	1.00000000E+0
Figure 3 & 5,20230317,14,detect_data,Figure 3 & 5/20230317/Raman/Run 14/Raman-DetectData-Avg01-0133.txt,43901,1269,#k Index:	0.00000000E+0
Figure 3 & 5,20230317,14,detect_data,Figure 3 & 5/20230317/Raman/Run 14/Raman-DetectData-Avg01-0134.txt,43929,1269,#k Index:	1.00000000E+0
Figure 3 & 5,20230317,14,detect_data,Figure 3 & 5/20230317/Raman/Run 14/Raman-DetectData-Avg01-0135.txt,43885,1269,#k Index:	0.00000000E+0
Figure 3 & 5,20230317,14,detect_data,Figure 3 & 5/20230317/Raman/Run 14/Raman-DetectData-Avg01-0136.txt,43899,1269,#k Index:	1.00000000E+0
Figure 3 & 5,20230317,14,detect_data,Figure 3 & 5/20230317/Raman/Run 14/Raman-DetectData-Avg01-0137.txt,43854,1269,#k Index:	0.00000000E+0
Figure 3 & 5,20230317,14,detect_data,Figure 3 & 5/20230317/Raman/Run 14/Raman-DetectData-Avg01-0138.txt,43907,1269,#k Index:	1.00000000E+0
Figure 3 & 5,20230317,14,detect_data,Figure 3 & 5/20230317/Raman/Run 14/Raman-DetectData-Avg01-0139.txt,43869,1269,#k Index:	0.00000000E+0
Figure 3 & 5,20230317,14,detect_data,Figure 3 & 5/20230317/Raman/Run 14/Raman-DetectData-Avg01-0140.txt,43867,1269,#k Index:	1.00000000E+0
Figure 3 & 5,20230317,14,detect_data,Figure 3 & 5/20230317/Raman/Run 14/Raman-DetectData-Avg01-0141.txt,43837,1269,#k Index:	0.00000000E+0
Figure 3 & 5,20230317,14,detect_data,Figure 3 & 5/20230317/Raman/Run 14/Raman-DetectData-Avg01-0142.txt,43913,1269,#k Index:	1.00000000E+0
Figure 3 & 5,20230317,14,detect_data,Figure 3 & 5/20230317/Raman/Run 14/Raman-DetectData-Avg01-0143.txt,43847,1269,#k Index:	0.00000000E+0
Figure 3 & 5,20230317,14,detect_data,Figure 3 & 5/20230317/Raman/Run 14/Raman-DetectData-Avg01-0144.txt,43883,1269,#k Index:	1.00000000E+0
Figure 3 & 5,20230317,14,detect_data,Figure 3 & 5/20230317/Raman/Run 14/Raman-DetectData-Avg01-0145.txt,43883,1269,#k Index:	0.00000000E+0
Figure 3 & 5,20230317,14,detect_data,Figure 3 & 5/20230317/Raman/Run 14/Raman-DetectData-Avg01-0146.txt,43861,1269,#k Index:	1.00000000E+0
Figure 3 & 5,20230317,14,detect_data,Figure 3 & 5/20230317/Raman/Run 14/Raman-DetectData-Avg01-0147.txt,43918,1269,#k Index:	0.00000000E+0
Figure 3 & 5,20230317,14,detect_data,Figure 3 & 5/20230317/Raman/Run 14/Raman-DetectData-Avg01-0148.txt,43868,1269,#k Index:	1.00000000E+0
Figure 3 & 5,20230317,14,detect_data,Figure 3 & 5/20230317/Raman/Run 14/Raman-DetectData-Avg01-0149.txt,43940,1269,#k Index:	0.00000000E+0
Figure 3 & 5,20230317,14,detect_data,Figure 3 & 5/20230317/Raman/Run 14/Raman-DetectData-Avg01-0150.txt,43901,1269,#k Index:	1.00000000E+0
Figure 3 & 5,20230317,14,detect_data,Figure 3 & 5/20230317/Raman/Run 14/Raman-DetectData-Avg01-0151.txt,43892,1269,#k Index:	0.00000000E+0
Figure 3 & 5,20230317,14,detect_data,Figure 3 & 5/20230317/Raman/Run 14/Raman-DetectData-Avg01-0152.txt,43960,1269,#k Index:	1.00000000E+0
Figure 3 & 5,20230317,14,detect_data,Figure 3 & 5/20230317/Raman/Run 14/Raman-DetectData-Avg01-0153.txt,43862,1269,#k Index:	0.00000000E+0
Figure 3 & 5,20230317,14,detect_data,Figure 3 & 5/20230317/Raman/Run 14/Raman-DetectData-Avg01-0154.txt,43922,1269,#k Index:	1.00000000E+0
Figure 3 & 5,20230317,14,detect_data,Figure 3 & 5/20230317/Raman/Run 14/Raman-DetectData-Avg01-0155.txt,43923,1269,#k Index:	0.00000000E+0
Figure 3 & 5,20230317,14,detect_data,Figure 3 & 5/20230317/Raman/Run 14/Raman-DetectData-Avg01-0156.txt,43917,1269,#k Index:	1.00000000E+0
Figure 3 & 5,20230317,14,detect_data,Figure 3 & 5/20230317/Raman/Run 14/Raman-DetectData-Avg01-0157.txt,43979,1269,#k Index:	0.00000000E+0
Figure 3 & 5,20230317,14,detect_data,Figure 3 & 5/20230317/Raman/Run 14/Raman-DetectData-Avg01-0158.txt,43905,1269,#k Index:	1.00000000E+0
Figure 3 & 5,20230317,14,detect_data,Figure 3 & 5/20230317/Raman/Run 14/Raman-DetectData-Avg01-0159.txt,43934,1269,#k Index:	0.00000000E+0
Figure 3 & 5,20230317,14,detect_data,Figure 3 & 5/20230317/Raman/Run 14/Raman-DetectData-Avg01-0160.txt,43909,1269,#k Index:	1.00000000E+0
Figure 3 & 5,20230317,14,detect_data,Figure 3 & 5/20230317/Raman/Run 14/Raman-DetectData-Avg01-0161.txt,43891,1269,#k Index:	0.00000000E+0
Figure 3 & 5,20230317,14,detect_data,Figure 3 & 5/20230317/Raman/Run 14/Raman-DetectData-Avg01-0162.txt,43922,1269,#k Index:	1.00000000E+0
Figure 3 & 5,20230317,14,detect_data,Figure 3 & 5/20230317/Raman/Run 14/Raman-DetectData-Avg01-0163.txt,43879,1269,#k Index:	0.00000000E+0
Figure 3 & 5,20230317,14,detect_data,Figure 3 & 5/20230317/Raman/Run 14/Raman-DetectData-Avg01-0164.txt,43921,1269,#k Index:	1.00000000E+0
Figure 3 & 5,20230317,14,detect_data,Figure 3 & 5/20230317/Raman/Run 14/Raman-DetectData-Avg01-0165.txt,43893,1269,#k Index:	0.00000000E+0
Figure 3 & 5,20230317,14,detect_data,Figure 3 & 5/20230317/Raman/Run 14/Raman-DetectData-Avg01-0166.txt,43930,1269,#k Index:	1.00000000E+0
Figure 3 & 5,20230317,14,detect_data,Figure 3 & 5/20230317/Raman/Run 14/Raman-DetectData-Avg01-0167.txt,43958,1269,#k Index:	0.00000000E+0
Figure 3 & 5,20230317,14,detect_data,Figure 3 & 5/20230317/Raman/Run 14/Raman-DetectData-Avg01-0168.txt,43897,1269,#k Index:	1.00000000E+0
Figure 3 & 5,20230317,14,detect_data,Figure 3 & 5/20230317/Raman/Run 14/Raman-DetectData-Avg01-0169.txt,43894,1269,#k Index:	0.00000000E+0
Figure 3 & 5,20230317,14,detect_data,Figure 3 & 5/20230317/Raman/Run 14/Raman-DetectData-Avg01-0170.txt,43909,1269,#k Index:	1.00000000E+0
Figure 3 & 5,20230317,14,detect_data,Figure 3 & 5/20230317/Raman/Run 14/Raman-DetectData-Avg01-0171.txt,43909,1269,#k Index:	0.00000000E+0
Figure 3 & 5,20230317,14,detect_data,Figure 3 & 5/20230317/Raman/Run 14/Raman-DetectData-Avg01-0172.txt,43893,1269,#k Index:	1.00000000E+0
Figure 3 & 5,20230317,14,detect_data,Figure 3 & 5/20230317/Raman/Run 14/Raman-DetectData-Avg01-0173.txt,43862,1269,#k Index:	0.00000000E+0
Figure 3 & 5,20230317,14,detect_data,Figure 3 & 5/20230317/Raman/Run 14/Raman-DetectData-Avg01-0174.txt,43951,1269,#k Index:	1.00000000E+0
Figure 3 & 5,20230317,14,detect_data,Figure 3 & 5/20230317/Raman/Run 14/Raman-DetectData-Avg01-0175.txt,43925,1269,#k Index:	0.00000000E+0
Figure 3 & 5,20230317,14,detect_data,Figure 3 & 5/20230317/Raman/Run 14/Raman-DetectData-Avg01-0176.txt,43886,1269,#k Index:	1.00000000E+0
Figure 3 & 5,20230317,14,detect_data,Figure 3 & 5/20230317/Raman/Run 14/Raman-DetectData-Avg01-0177.txt,43891,1269,#k Index:	0.00000000E+0
Figure 3 & 5,20230317,14,detect_data,Figure 3 & 5/20230317/Raman/Run 14/Raman-DetectData-Avg01-0178.txt,43885,1269,#k Index:	1.00000000E+0
Figure 3 & 5,20230317,14,detect_data,Figure 3 & 5/20230317/Raman/Run 14/Raman-DetectData-Avg01-0179.txt,43893,1269,#k Index:	0.00000000E+0
Figure 3 & 5,20230317,14,detect_data,Figure 3 & 5/20230317/Raman/Run 14/Raman-DetectData-Avg01-0180.txt,43885,1269,#k Index:	1.00000000E+0
Figure 3 & 5,20230317,14,detect_data,Figure 3 & 5/20230317/Raman/Run 14/Raman-DetectData-Avg01-0181.txt,43929,1269,#k Index:	0.00000000E+0
Figure 3 & 5,20230317,14,detect_data,Figure 3 & 5/20230317/Raman/Run 14/Raman-DetectData-Avg01-0182.txt,43875,1269,#k Index:	1.00000000E+0
Figure 3 & 5,20230317,14,detect_data,Figure 3 & 5/20230317/Raman/Run 14/Raman-DetectData-Avg01-0183.txt,43850,1269,#k Index:	0.00000000E+0
Figure 3 & 5,20230317,14,detect_data,Figure 3 & 5/20230317/Raman/Run 14/Raman-DetectData-Avg01-0184.txt,43882,1269,#k Index:	1.00000000E+0
Figure 3 & 5,20230317,14,detect_data,Figure 3 & 5/20230317/Raman/Run 14/Raman-DetectData-Avg01-0185.txt,43890,1269,#k Index:	0.00000000E+0
Figure 3 & 5,20230317,14,detect_data,Figure 3 & 5/20230317/Raman/Run 14/Raman-DetectData-Avg01-0186.txt,43907,1269,#k Index:	1.00000000E+0
Figure 3 & 5,20230317,14,detect_data,Figure 3 & 5/20230317/Raman/Run 14/Raman-DetectData-Avg01-0187.txt,43881,1269,#k Index:	0.00000000E+0
Figure 3 & 5,20230317,14,detect_data,Figure 3 & 5/20230317/Raman/Run 14/Raman-DetectData-Avg01-0188.txt,43945,1269,#k Index:	1.00000000E+0
Figure 3 & 5,20230317,14,detect_data,Figure 3 & 5/20230317/Raman/Run 14/Raman-DetectData-Avg01-0189.txt,43929,1269,#k Index:	0.00000000E+0
Figure 3 & 5,20230317,14,detect_data,Figure 3 & 5/20230317/Raman/Run 14/Raman-DetectData-Avg01-0190.txt,43938,1269,#k Index:	1.00000000E+0
Figure 3 & 5,20230317,14,detect_data,Figure 3 & 5/20230317/Raman/Run 14/Raman-DetectData-Avg01-0191.txt,43914,1269,#k Index:	0.00000000E+0
Figure 3 & 5,20230317,14,detect_data,Figure 3 & 5/20230317/Raman/Run 14/Raman-DetectData-Avg01-0192.txt,43887,1269,#k Index:	1.00000000E+0
Figure 3 & 5,20230317,14,detect_data,Figure 3 & 5/20230317/Raman/Run 14/Raman-DetectData-Avg01-0193.txt,43926,1269,#k Index:	0.00000000E+0
Figure 3 & 5,20230317,14,detect_data,Figure 3 & 5/20230317/Raman/Run 14/Raman-DetectData-Avg01-0194.txt,43888,1269,#k Index:	1.00000000E+0
Figure 3 & 5,20230317,14,detect_data,Figure 3 & 5/20230317/Raman/Run 14/Raman-DetectData-Avg01-0195.txt,43886,1269,#k Index:	0.00000000E+0
Figure 3 & 5,20230317,14,detect_data,Figure 3 & 5/20230317/Raman/Run 14/Raman-DetectData-Avg01-0196.txt,43910,1269,#k Index:	1.00000000E+0
Figure 3 & 5,20230317,14,detect_data,Figure 3 & 5/20230317/Raman/Run 14/Raman-DetectData-Avg01-0197.txt,43901,1269,#k Index:	0.00000000E+0
Figure 3 & 5,20230317,14,detect_data,Figure 3 & 5/20230317/Raman/Run 14/Raman-DetectData-Avg01-0198.txt,43944,1269,#k Index:	1.00000000E+0
Figure 3 & 5,20230317,14,detect_data,Figure 3 & 5/20230317/Raman/Run 14/Raman-DetectData-Avg01-0199.txt,43930,1269,#k Index:	0.00000000E+0
Figure 3 & 5,20230317,14,detect_data,Figure 3 & 5/20230317/Raman/Run 14/Raman-DetectData-Avg01-0200.txt,43891,1269,#k Index:	1.00000000E+0
Figure 3 & 5,20230317,14,detect_data,Figure 3 & 5/20230317/Raman/Run 14/Raman-DetectData-Avg01-0201.txt,43936,1269,#k Index:	0.00000000E+0
Figure 3 & 5,20230317,14,detect_data,Figure 3 & 5/20230317/Raman/Run 14/Raman-DetectData-Avg01-0202.txt,43875,1269,#k Index:	1.00000000E+0
Figure 3 & 5,20230317,14,detect_data,Figure 3 & 5/20230317/Raman/Run 14/Raman-DetectData-Avg01-0203.txt,43902,1269,#k Index:	0.00000000E+0
Figure 3 & 5,20230317,14,detect_data,Figure 3 & 5/20230317/Raman/Run 14/Raman-DetectData-Avg01-0204.txt,43931,1269,#k Index:	1.00000000E+0
Figure 3 & 5,20230317,14,detect_data,Figure 3 & 5/20230317/Raman/Run 14/Raman-DetectData-Avg01-0205.txt,43905,1269,#k Index:	0.00000000E+0
Figure 3 & 5,20230317,14,detect_data,Figure 3 & 5/20230317/Raman/Run 14/Raman-DetectData-Avg01-0206.txt,43920,1269,#k Index:	1.00000000E+0
Figure 3 & 5,20230317,14,detect_data,Figure 3 & 5/20230317/Raman/Run 14/Raman-DetectData-Avg01-0207.txt,43884,1269,#k Index:	0.00000000E+0
Figure 3 & 5,20230317,14,detect_data,Figure 3 & 5/20230317/Raman/Run 14/Raman-DetectData-Avg01-0208.txt,43888,1269,#k Index:	1.00000000E+0
Figure 3 & 5,20230317,14,detect_data,Figure 3 & 5/20230317/Raman/Run 14/Raman-DetectData-Avg01-0209.txt,43927,1269,#k Index:	0.00000000E+0
Figure 3 & 5,20230317,14,detect_data,Figure 3 & 5/20230317/Raman/Run 14/Raman-DetectData-Avg01-0210.txt,43887,1269,#k Index:	1.00000000E+0
Figure 3 & 5,20230317,14,detect_data,Figure 3 & 5/20230317/Raman/Run 14/Raman-DetectData-Avg01-0211.txt,43890,1269,#k Index:	0.00000000E+0
Figure 3 & 5,20230317,14,detect_data,Figure 3 & 5/20230317/Raman/Run 14/Raman-DetectData-Avg01-0212.txt,43897,1269,#k Index:	1.00000000E+0
Figure 3 & 5,20230317,14,detect_data,Figure 3 & 5/20230317/Raman/Run 14/Raman-DetectData-Avg01-0213.txt,43896,1269,#k Index:	0.00000000E+0
Figure 3 & 5,20230317,14,detect_data,Figure 3 & 5/20230317/Raman/Run 14/Raman-DetectData-Avg01-0214.txt,43942,1269,#k Index:	1.00000000E+0
Figure 3 & 5,20230317,14,detect_data,Figure 3 & 5/20230317/Raman/Run 14/Raman-DetectData-Avg01-0215.txt,43903,1269,#k Index:	0.00000000E+0
Figure 3 & 5,20230317,14,detect_data,Figure 3 & 5/20230317/Raman/Run 14/Raman-DetectData-Avg01-0216.txt,43906,1269,#k Index:	1.00000000E+0
Figure 3 & 5,20230317,14,detect_data,Figure 3 & 5/20230317/Raman/Run 14/Raman-DetectData-Avg01-0217.txt,43959,1269,#k Index:	0.00000000E+0
Figure 3 & 5,20230317,14,detect_data,Figure 3 & 5/20230317/Raman/Run 14/Raman-DetectData-Avg01-0218.txt,43904,1269,#k Index:	1.00000000E+0
Figure 3 & 5,20230317,14,detect_data,Figure 3 & 5/20230317/Raman/Run 14/Raman-DetectData-Avg01-0219.txt,43888,1269,#k Index:	0.00000000E+0
Figure 3 & 5,20230317,14,detect_data,Figure 3 & 5/20230317/Raman/Run 14/Raman-DetectData-Avg01-0220.txt,43946,1269,#k Index:	1.00000000E+0
Figure 3 & 5,20230317,14,detect_data,Figure 3 & 5/20230317/Raman/Run 14/Raman-DetectData-Avg01-0221.txt,43893,1269,#k Index:	0.00000000E+0
Figure 3 & 5,20230317,14,detect_data,Figure 3 & 5/20230317/Raman/Run 14/Raman-DetectData-Avg01-0222.txt,43889,1269,#k Index:	1.00000000E+0
Figure 3 & 5,20230317,14,detect_data,Figure 3 & 5/20230317/Raman/Run 14/Raman-DetectData-Avg01-0223.txt,43954,1269,#k Index:	0.00000000E+0
Figure 3 & 5,20230317,14,detect_data,Figure 3 & 5/20230317/Raman/Run 14/Raman-DetectData-Avg01-0224.txt,43890,1269,#k Index:	1.00000000E+0
Figure 3 & 5,20230317,14,detect_data,Figure 3 & 5/20230317/Raman/Run 14/Raman-DetectData-Avg01-0225.txt,43903,1269,#k Index:	0.00000000E+0
Figure 3 & 5,20230317,14,detect_data,Figure 3 & 5/20230317/Raman/Run 14/Raman-DetectData-Avg01-0226.txt,43887,1269,#k Index:	1.00000000E+0
Figure 3 & 5,20230317,14,detect_data,Figure 3 & 5/20230317/Raman/Run 14/Raman-DetectData-Avg01-0227.txt,43881,1269,#k Index:	0.00000000E+0
Figure 3 & 5,20230317,14,detect_data,Figure 3 & 5/20230317/Raman/Run 14/Raman-DetectData-Avg01-0228.txt,43887,1269,#k Index:	1.00000000E+0
Figure 3 & 5,20230317,14,detect_data,Figure 3 & 5/20230317/Raman/Run 14/Raman-DetectData-Avg01-0229.txt,43919,1269,#k Index:	0.00000000E+0
Figure 3 & 5,20230317,14,detect_data,Figure 3 & 5/20230317/Raman/Run 14/Raman-DetectData-Avg01-0230.txt,43888,1269,#k Index:	1.00000000E+0
Figure 3 & 5,20230317,14,detect_data,Figure 3 & 5/20230317/Raman/Run 14/Raman-DetectData-Avg01-0231.txt,43920,1269,#k Index:	0.00000000E+0
Figure 3 & 5,20230317,14,detect_data,Figure 3 & 5/20230317/Raman/Run 14/Raman-DetectData-Avg01-0232.txt,43927,1269,#k Index:	1.00000000E+0
Figure 3 & 5,20230317,14,detect_data,Figure 3 & 5/20230317/Raman/Run 14/Raman-DetectData-Avg01-0233.txt,43889,1269,#k Index:	0.00000000E+0
Figure 3 & 5,20230317,14,detect_data,Figure 3 & 5/20230317/Raman/Run 14/Raman-DetectData-Avg01-0234.txt,43861,1269,#k Index:	1.00000000E+0
Figure 3 & 5,20230317,14,detect_data,Figure 3 & 5/20230317/Raman/Run 14/Raman-DetectData-Avg01-0235.txt,43922,1269,#k Index:	0.00000000E+0
Figure 3 & 5,20230317,14,detect_data,Figure 3 & 5/20230317/Raman/Run 14/Raman-DetectData-Avg01-0236.txt,43913,1269,#k Index:	1.00000000E+0
Figure 3 & 5,20230317,14,detect_data,Figure 3 & 5/20230317/Raman/Run 14/Raman-DetectData-Avg01-0237.txt,43926,1269,#k Index:	0.00000000E+0
Figure 3 & 5,20230317,14,detect_data,Figure 3 & 5/20230317/Raman/Run 14/Raman-DetectData-Avg01-0238.txt,43911,1269,#k Index:	1.00000000E+0
Figure 3 & 5,20230317,14,detect_data,Figure 3 & 5/20230317/Raman/Run 14/Raman-DetectData-Avg01-0239.txt,43872,1269,#k Index:	0.00000000E+0
Figure 3 & 5,20230317,14,detect_data,Figure 3 & 5/20230317/Raman/Run 14/Raman-DetectData-Avg01-0240.txt,43877,1269,#k Index:	1.00000000E+0
Figure 3 & 5,20230317,14,detect_data,Figure 3 & 5/20230317/Raman/Run 14/Raman-DetectData-Avg01-0241.txt,43871,1269,#k Index:	0.00000000E+0
Figure 3 & 5,20230317,14,detect_data,Figure 3 & 5/20230317/Raman/Run 14/Raman-DetectData-Avg01-0242.txt,43907,1269,#k Index:	1.00000000E+0
Figure 3 & 5,20230317,14,avg01_ratios,Figure 3 & 5/20230317/Raman/Run 14/Raman-Run14-Avg01-Ratios-kD.txt,13867,122,#Iteration	Date	Time	Chirp	Phase	RamanAxis	RTPhase	NFringe	Ratio
Figure 3 & 5,20230317,14,avg01_ratios,Figure 3 & 5/20230317/Raman/Run 14/Raman-Run14-Avg01-Ratios-kU.txt,13744,122,#Iteration	Date	Time	Chirp	Phase	RamanAxis	RTPhase	NFringe	Ratio
Figure 3 & 5,20230317,14,avg_ratios,Figure 3 & 5/20230317/Raman/Run 14/Raman-Run14-AvgRatios-kD.txt,12052,122,#Iteration	Date	Time	Chirp	Phase	RamanAxis	RatioMean	RatioStdDev
Figure 3 & 5,20230317,14,avg_ratios,Figure 3 & 5/20230317/Raman/Run 14/Raman-Run14-AvgRatios-kU.txt,12050,122,#Iteration	Date	Time	Chirp	Phase	RamanAxis	RatioMean	RatioStdDev
Figure 3 & 5,20230317,14,rotations_data,Figure 3 & 5/20230317/Raman/Run 14/Raman-Run14-RotationsData.txt,33913,243,#Iteration	Date	Time	STSX	STSY	RotationRateX	RotationRateY	FrCntX	FrCntY	TiptiltCmd1	TiptiltCmd2	TiptiltMonitor1	TiptiltMonitor2
Figure 3 & 5,20230317,14,rt_data,Figure 3 & 5/20230317/Raman/Run 14/Raman-Run14-RTData.txt,24281,243,#Iteration	Date	Time	RTPhase	NFringe	AccelAxis	AccelMean	AccelTemp
Figure 3 & 5,20230317,15,parameters,Figure 3 & 5/20230317/Raman/Run 15/Parameters.txt,1633,60,Software Version: 3.4
Figure 3 & 5,20230317,15,detect_data,Figure 3 & 5/20230317/Raman/Run 15/Raman-DetectData-Avg01-0001.txt,43889,1269,#k Index:	0.00000000E+0
Figure 3 & 5,20230317,15,detect_data,Figure 3 & 5/20230317/Raman/Run 15/Raman-DetectData-Avg01-0002.txt,43930,1269,#k Index:	1.00000000E+0
Figure 3 & 5,20230317,15,detect_data,Figure 3 & 5/20230317/Raman/Run 15/Raman-DetectData-Avg01-0003.txt,43857,1269,#k Index:	0.00000000E+0
Figure 3 & 5,20230317,15,detect_data,Figure 3 & 5/20230317/Raman/Run 15/Raman-DetectData-Avg01-0004.txt,43919,1269,#k Index:	1.00000000E+0
Figure 3 & 5,20230317,15,detect_data,Figure 3 & 5/20230317/Raman/Run 15/Raman-DetectData-Avg01-0005.txt,43901,1269,#k Index:	0.00000000E+0
Figure 3 & 5,20230317,15,detect_data,Figure 3 & 5/20230317/Raman/Run 15/Raman-DetectData-Avg01-0006.txt,43834,1269,#k Index:	1.00000000E+0
Figure 3 & 5,20230317,15,detect_data,Figure 3 & 5/20230317/Raman/Run 15/Raman-DetectData-Avg01-0007.txt,43872,1269,#k Index:	0.00000000E+0
Figure 3 & 5,20230317,15,detect_data,Figure 3 & 5/20230317/Raman/Run 15/Raman-DetectData-Avg01-0008.txt,43910,1269,#k Index:	1.00000000E+0
Figure 3 & 5,20230317,15,detect_data,Figure 3 & 5/20230317/Raman/Run 15/Raman-DetectData-Avg01-0009.txt,43895,1269,#k Index:	0.00000000E+0
Figure 3 & 5,20230317,15,detect_data,Figure 3 & 5/20230317/Raman/Run 15/Raman-DetectData-Avg01-0010.txt,43874,1269,#k Index:	1.00000000E+0
Figure 3 & 5,20230317,15,detect_data,Figure 3 & 5/20230317/Raman/Run 15/Raman-DetectData-Avg01-0011.txt,43850,1269,#k Index:	0.00000000E+0
Figure 3 & 5,20230317,15,detect_data,Figure 3 & 5/20230317/Raman/Run 15/Raman-DetectData-Avg01-0012.txt,43903,1269,#k Index:	1.00000000E+0
Figure 3 & 5,20230317,15,detect_data,Figure 3 & 5/20230317/Raman/Run 15/Raman-DetectData-Avg01-0013.txt,43897,1269,#k Index:	0.00000000E+0
Figure 3 & 5,20230317,15,detect_data,Figure 3 & 5/20230317/Raman/Run 15/Raman-DetectData-Avg01-0014.txt,43893,1269,#k Index:	1.00000000E+0
Figure 3 & 5,20230317,15,detect_data,Figure 3 & 5/20230317/Raman/Run 15/Raman-DetectData-Avg01-0015.txt,43852,1269,#k Index:	0.00000000E+0
Figure 3 & 5,20230317,15,detect_data,Figure 3 & 5/20230317/Raman/Run 15/Raman-DetectData-Avg01-0016.txt,43884,1269,#k Index:	1.00000000E+0
Figure 3 & 5,20230317,15,detect_data,Figure 3 & 5/20230317/Raman/Run 15/Raman-DetectData-Avg01-0017.txt,43888,1269,#k Index:	0.00000000E+0
Figure 3 & 5,20230317,15,detect_data,Figure 3 & 5/20230317/Raman/Run 15/Raman-DetectData-Avg01-0018.txt,43878,1269,#k Index:	1.00000000E+0
Figure 3 & 5,20230317,15,detect_data,Figure 3 & 5/20230317/Raman/Run 15/Raman-DetectData-Avg01-0019.txt,43870,1269,#k Index:	0.00000000E+0
Figure 3 & 5,20230317,15,detect_data,Figure 3 & 5/20230317/Raman/Run 15/Raman-DetectData-Avg01-0020.txt,43932,1269,#k Index:	1.00000000E+0
Figure 3 & 5,20230317,15,detect_data,Figure 3 & 5/20230317/Raman/Run 15/Raman-DetectData-Avg01-0021.txt,43918,1269,#k Index:	0.00000000E+0
Figure 3 & 5,20230317,15,detect_data,Figure 3 & 5/20230317/Raman/Run 15/Raman-DetectData-Avg01-0022.txt,43970,1269,#k Index:	1.00000000E+0
Figure 3 & 5,20230317,15,detect_data,Figure 3 & 5/20230317/Raman/Run 15/Raman-DetectData-Avg01-0023.txt,43900,1269,#k Index:	0.00000000E+0
Figure 3 & 5,20230317,15,detect_data,Figure 3 & 5/20230317/Raman/Run 15/Raman-DetectData-Avg01-0024.txt,43888,1269,#k Index:	1.00000000E+0
Figure 3 & 5,20230317,15,detect_data,Figure 3 & 5/20230317/Raman/Run 15/Raman-DetectData-Avg01-0025.txt,43878,1269,#k Index:	0.00000000E+0
Figure 3 & 5,20230317,15,detect_data,Figure 3 & 5/20230317/Raman/Run 15/Raman-DetectData-Avg01-0026.txt,43953,1269,#k Index:	1.00000000E+0
Figure 3 & 5,20230317,15,detect_data,Figure 3 & 5/20230317/Raman/Run 15/Raman-DetectData-Avg01-0027.txt,43881,1269,#k Index:	0.00000000E+0
Figure 3 & 5,20230317,15,detect_data,Figure 3 & 5/20230317/Raman/Run 15/Raman-DetectData-Avg01-0028.txt,43888,1269,#k Index:	1.00000000E+0
Figure 3 & 5,20230317,15,detect_data,Figure 3 & 5/20230317/Raman/Run 15/Raman-DetectData-Avg01-0029.txt,43877,1269,#k Index:	0.00000000E+0
Figure 3 & 5,20230317,15,detect_data,Figure 3 & 5/20230317/Raman/Run 15/Raman-DetectData-Avg01-0030.txt,43907,1269,#k Index:	1.00000000E+0
Figure 3 & 5,20230317,15,detect_data,Figure 3 & 5/20230317/Raman/Run 15/Raman-DetectData-Avg01-0031.txt,43902,1269,#k Index:	0.00000000E+0
Figure 3 & 5,20230317,15,detect_data,Figure 3 & 5/20230317/Raman/Run 15/Raman-DetectData-Avg01-0032.txt,43894,1269,#k Index:	1.00000000E+0
Figure 3 & 5,20230317,15,detect_data,Figure 3 & 5/20230317/Raman/Run 15/Raman-DetectData-Avg01-0033.txt,43869,1269,#k Index:	0.00000000E+0
Figure 3 & 5,20230317,15,detect_data,Figure 3 & 5/20230317/Raman/Run 15/Raman-DetectData-Avg01-0034.txt,43873,1269,#k Index:	1.00000000E+0
Figure 3 & 5,20230317,15,detect_data,Figure 3 & 5/20230317/Raman/Run 15/Raman-DetectData-Avg01-0035.txt,43917,1269,#k Index:	0.00000000E+0
Figure 3 & 5,20230317,15,detect_data,Figure 3 & 5/20230317/Raman/Run 15/Raman-DetectData-Avg01-0036.txt,43908,1269,#k Index:	1.00000000E+0
Figure 3 & 5,20230317,15,detect_data,Figure 3 & 5/20230317/Raman/Run 15/Raman-DetectData-Avg01-0037.txt,43851,1269,#k Index:	0.00000000E+0
Figure 3 & 5,20230317,15,detect_data,Figure 3 & 5/20230317/Raman/Run 15/Raman-DetectData-Avg01-0038.txt,43867,1269,#k Index:	1.00000000E+0
Figure 3 & 5,20230317,15,detect_data,Figure 3 & 5/20230317/Raman/Run 15/Raman-DetectData-Avg01-0039.txt,43929,1269,#k Index:	0.00000000E+0
Figure 3 & 5,20230317,15,detect_data,Figure 3 & 5/20230317/Raman/Run 15/Raman-DetectData-Avg01-0040.txt,43920,1269,#k Index:	1.00000000E+0
Figure 3 & 5,20230317,15,detect_data,Figure 3 & 5/20230317/Raman/Run 15/Raman-DetectData-Avg01-0041.txt,43875,1269,#k Index:	0.00000000E+0
Figure 3 & 5,20230317,15,detect_data,Figure 3 & 5/20230317/Raman/Run 15/Raman-DetectData-Avg01-0042.txt,43889,1269,#k Index:	1.00000000E+0
Figure 3 & 5,20230317,15,detect_data,Figure 3 & 5/20230317/Raman/Run 15/Raman-DetectData-Avg01-0043.txt,43938,1269,#k Index:	0.00000000E+0
Figure 3 & 5,20230317,15,detect_data,Figure 3 & 5/20230317/Raman/Run 15/Raman-DetectData-Avg01-0044.txt,43929,1269,#k Index:	1.00000000E+0
Figure 3 & 5,20230317,15,detect_data,Figure 3 & 5/20230317/Raman/Run 15/Raman-DetectData-Avg01-0045.txt,43905,1269,#k Index:	0.00000000E+0
Figure 3 & 5,20230317,15,detect_data,Figure 3 & 5/20230317/Raman/Run 15/Raman-DetectData-Avg01-0046.txt,43874,1269,#k Index:	1.00000000E+0
Figure 3 & 5,20230317,15,detect_data,Figure 3 & 5/20230317/Raman/Run 15/Raman-DetectData-Avg01-0047.txt,43892,1269,#k Index:	0.00000000E+0
Figure 3 & 5,20230317,15,detect_data,Figure 3 & 5/20230317/Raman/Run 15/Raman-DetectData-Avg01-0048.txt,43873,1269,#k Index:	1.00000000E+0
Figure 3 & 5,20230317,15,detect_data,Figure 3 & 5/20230317/Raman/Run 15/Raman-DetectData-Avg01-0049.txt,43861,1269,#k Index:	0.00000000E+0
Figure 3 & 5,20230317,15,detect_data,Figure 3 & 5/20230317/Raman/Run 15/Raman-DetectData-Avg01-0050.txt,43903,1269,#k Index:	1.00000000E+0
Figure 3 & 5,20230317,15,detect_data,Figure 3 & 5/20230317/Raman/Run 15/Raman-DetectData-Avg01-0051.txt,43918,1269,#k Index:	0.00000000E+0
Figure 3 & 5,20230317,15,detect_data,Figure 3 & 5/20230317/Raman/Run 15/Raman-DetectData-Avg01-0052.txt,43861,1269,#k Index:	1.00000000E+0
Figure 3 & 5,20230317,15,detect_data,Figure 3 & 5/20230317/Raman/Run 15/Raman-DetectData-Avg01-0053.txt,43882,1269,#k Index:	0.00000000E+0
Figure 3 & 5,20230317,15,detect_data,Figure 3 & 5/20230317/Raman/Run 15/Raman-DetectData-Avg01-0054.txt,43909,1269,#k Index:	1.00000000E+0
Figure 3 & 5,20230317,15,detect_data,Figure 3 & 5/20230317/Raman/Run 15/Raman-DetectData-Avg01-0055.txt,43867,1269,#k Index:	0.00000000E+0
Figure 3 & 5,20230317,15,detect_data,Figure 3 & 5/20230317/Raman/Run 15/Raman-DetectData-Avg01-0056.txt,43897,1269,#k Index:	1.00000000E+0
Figure 3 & 5,20230317,15,detect_data,Figure 3 & 5/20230317/Raman/Run 15/Raman-DetectData-Avg01-0057.txt,43886,1269,#k Index:	0.00000000E+0
Figure 3 & 5,20230317,15,detect_data,Figure 3 & 5/20230317/Raman/Run 15/Raman-DetectData-Avg01-0058.txt,43901,1269,#k Index:	1.00000000E+0
Figure 3 & 5,20230317,15,detect_data,Figure 3 & 5/20230317/Raman/Run 15/Raman-DetectData-Avg01-0059.txt,43874,1269,#k Index:	0.00000000E+0
Figure 3 & 5,20230317,15,detect_data,Figure 3 & 5/20230317/Raman/Run 15/Raman-DetectData-Avg01-0060.txt,43878,1269,#k Index:	1.00000000E+0
Figure 3 & 5,20230317,15,detect_data,Figure 3 & 5/20230317/Raman/Run 15/Raman-DetectData-Avg01-0061.txt,43923,1269,#k Index:	0.00000000E+0
Figure 3 & 5,20230317,15,detect_data,Figure 3 & 5/20230317/Raman/Run 15/Raman-DetectData-Avg01-0062.txt,43891,1269,#k Index:	1.00000000E+0
Figure 3 & 5,20230317,15,detect_data,Figure 3 & 5/20230317/Raman/Run 15/Raman-DetectData-Avg01-0063.txt,43865,1269,#k Index:	0.00000000E+0
Figure 3 & 5,20230317,15,detect_data,Figure 3 & 5/20230317/Raman/Run 15/Raman-DetectData-Avg01-0064.txt,43936,1269,#k Index:	1.00000000E+0
Figure 3 & 5,20230317,15,detect_data,Figure 3 & 5/20230317/Raman/Run 15/Raman-DetectData-Avg01-0065.txt,43959,1269,#k Index:	0.00000000E+0
Figure 3 & 5,20230317,15,detect_data,Figure 3 & 5/20230317/Raman/Run 15/Raman-DetectData-Avg01-0066.txt,43890,1269,#k Index:	1.00000000E+0
Figure 3 & 5,20230317,15,detect_data,Figure 3 & 5/20230317/Raman/Run 15/Raman-DetectData-Avg01-0067.txt,43872,1269,#k Index:	0.00000000E+0
Figure 3 & 5,20230317,15,detect_data,Figure 3 & 5/20230317/Raman/Run 15/Raman-DetectData-Avg01-0068.txt,43903,1269,#k Index:	1.00000000E+0
Figure 3 & 5,20230317,15,detect_data,Figure 3 & 5/20230317/Raman/Run 15/Raman-DetectData-Avg01-0069.txt,43930,1269,#k Index:	0.00000000E+0
Figure 3 & 5,20230317,15,detect_data,Figure 3 & 5/20230317/Raman/Run 15/Raman-DetectData-Avg01-0070.txt,43879,1269,#k Index:	1.00000000E+0
Figure 3 & 5,20230317,15,detect_data,Figure 3 & 5/20230317/Raman/Run 15/Raman-DetectData-Avg01-0071.txt,43896,1269,#k Index:	0.00000000E+0
Figure 3 & 5,20230317,15,detect_data,Figure 3 & 5/20230317/Raman/Run 15/Raman-DetectData-Avg01-0072.txt,43916,1269,#k Index:	1.00000000E+0
Figure 3 & 5,20230317,15,detect_data,Figure 3 & 5/20230317/Raman/Run 15/Raman-DetectData-Avg01-0073.txt,43860,1269,#k Index:	0.00000000E+0
Figure 3 & 5,20230317,15,detect_data,Figure 3 & 5/20230317/Raman/Run 15/Raman-DetectData-Avg01-0074.txt,43899,1269,#k Index:	1.00000000E+0
Figure 3 & 5,20230317,15,detect_data,Figure 3 & 5/20230317/Raman/Run 15/Raman-DetectData-Avg01-0075.txt,43882,1269,#k Index:	0.00000000E+0
Figure 3 & 5,20230317,15,detect_data,Figure 3 & 5/20230317/Raman/Run 15/Raman-DetectData-Avg01-0076.txt,43878,1269,#k Index:	1.00000000E+0
Figure 3 & 5,20230317,15,detect_data,Figure 3 & 5/20230317/Raman/Run 15/Raman-DetectData-Avg01-0077.txt,43905,1269,#k Index:	0.00000000E+0
Figure 3 & 5,20230317,15,detect_data,Figure 3 & 5/20230317/Raman/Run 15/Raman-DetectData-Avg01-0078.txt,43904,1269,#k Index:	1.00000000E+0
Figure 3 & 5,20230317,15,detect_data,Figure 3 & 5/20230317/Raman/Run 15/Raman-DetectData-Avg01-0079.txt,43875,1269,#k Index:	0.00000000E+0
Figure 3 & 5,20230317,15,detect_data,Figure 3 & 5/20230317/Raman/Run 15/Raman-DetectData-Avg01-0080.txt,43916,1269,#k Index:	1.00000000E+0
Figure 3 & 5,20230317,15,detect_data,Figure 3 & 5/20230317/Raman/Run 15/Raman-DetectData-Avg01-0081.txt,43877,1269,#k Index:	0.00000000E+0
Figure 3 & 5,20230317,15,detect_data,Figure 3 & 5/20230317/Raman/Run 15/Raman-DetectData-Avg01-0082.txt,43889,1269,#k Index:	1.00000000E+0
Figure 3 & 5,20230317,15,detect_data,Figure 3 & 5/20230317/Raman/Run 15/Raman-DetectData-Avg01-0083.txt,43899,1269,#k Index:	0.00000000E+0
Figure 3 & 5,20230317,15,detect_data,Figure 3 & 5/20230317/Raman/Run 15/Raman-DetectData-Avg01-0084.txt,43887,1269,#k Index:	1.00000000E+0
Figure 3 & 5,20230317,15,detect_data,Figure 3 & 5/20230317/Raman/Run 15/Raman-DetectData-Avg01-0085.txt,43874,1269,#k Index:	0.00000000E+0
Figure 3 & 5,20230317,15,detect_data,Figure 3 & 5/20230317/Raman/Run 15/Raman-DetectData-Avg01-0086.txt,43933,1269,#k Index:	1.00000000E+0
Figure 3 & 5,20230317,15,detect_data,Figure 3 & 5/20230317/Raman/Run 15/Raman-DetectData-Avg01-0087.txt,43874,1269,#k Index:	0.00000000E+0
Figure 3 & 5,20230317,15,detect_data,Figure 3 & 5/20230317/Raman/Run 15/Raman-DetectData-Avg01-0088.txt,43895,1269,#k Index:	1.00000000E+0
Figure 3 & 5,20230317,15,detect_data,Figure 3 & 5/20230317/Raman/Run 15/Raman-DetectData-Avg01-0089.txt,43899,1269,#k Index:	0.00000000E+0
Figure 3 & 5,20230317,15,detect_data,Figure 3 & 5/20230317/Raman/Run 15/Raman-DetectData-Avg01-0090.txt,43931,1269,#k Index:	1.00000000E+0
Figure 3 & 5,20230317,15,detect_data,Figure 3 & 5/20230317/Raman/Run 15/Raman-DetectData-Avg01-0091.txt,43892,1269,#k Index:	0.00000000E+0
Figure 3 & 5,20230317,15,detect_data,Figure 3 & 5/20230317/Raman/Run 15/Raman-DetectData-Avg01-0092.txt,43901,1269,#k Index:	1.00000000E+0
Figure 3 & 5,20230317,15,detect_data,Figure 3 & 5/20230317/Raman/Run 15/Raman-DetectData-Avg01-0093.txt,43897,1269,#k Index:	0.00000000E+0
Figure 3 & 5,20230317,15,detect_data,Figure 3 & 5/20230317/Raman/Run 15/Raman-DetectData-Avg01-0094.txt,43878,1269,#k Index:	1.00000000E+0
Figure 3 & 5,20230317,15,detect_data,Figure 3 & 5/20230317/Raman/Run 15/Raman-DetectData-Avg01-0095.txt,43873,1269,#k Index:	0.00000000E+0
Figure 3 & 5,20230317,15,detect_data,Figure 3 & 5/20230317/Raman/Run 15/Raman-DetectData-Avg01-0096.txt,43896,1269,#k Index:	1.00000000E+0
Figure 3 & 5,20230317,15,detect_data,Figure 3 & 5/20230317/Raman/Run 15/Raman-DetectData-Avg01-0097.txt,43845,1269,#k Index:	0.00000000E+0
Figure 3 & 5,20230317,15,detect_data,Figure 3 & 5/20230317/Raman/Run 15/Raman-DetectData-Avg01-0098.txt,43909,1269,#k Index:	1.00000000E+0
Figure 3 & 5,20230317,15,detect_data,Figure 3 & 5/20230317/Raman/Run 15/Raman-DetectData-Avg01-0099.txt,43912,1269,#k Index:	0.00000000E+0
Figure 3 & 5,20230317,15,detect_data,Figure 3 & 5/20230317/Raman/Run 15/Raman-DetectData-Avg01-0100.txt,43878,1269,#k Index:	1.00000000E+0
Figure 3 & 5,20230317,15,detect_data,Figure 3 & 5/20230317/Raman/Run 15/Raman-DetectData-Avg01-0101.txt,43877,1269,#k Index:	0.00000000E+0
Figure 3 & 5,20230317,15,detect_data,Figure 3 & 5/20230317/Raman/Run 15/Raman-DetectData-Avg01-0102.txt,43922,1269,#k Index:	1.00000000E+0
Figure 3 & 5,20230317,15,detect_data,Figure 3 & 5/20230317/Raman/Run 15/Raman-DetectData-Avg01-0103.txt,43889,1269,#k Index:	0.00000000E+0
Figure 3 & 5,20230317,15,detect_data,Figure 3 & 5/20230317/Raman/Run 15/Raman-DetectData-Avg01-0104.txt,43895,1269,#k Index:	1.00000000E+0
Figure 3 & 5,20230317,15,detect_data,Figure 3 & 5/20230317/Raman/Run 15/Raman-DetectData-Avg01-0105.txt,43889,1269,#k Index:	0.00000000E+0
Figure 3 & 5,20230317,15,detect_data,Figure 3 & 5/20230317/Raman/Run 15/Raman-DetectData-Avg01-0106.txt,43898,1269,#k Index:	1.00000000E+0
Figure 3 & 5,20230317,15,detect_data,Figure 3 & 5/20230317/Raman/Run 15/Raman-DetectData-Avg01-0107.txt,43886,1269,#k Index:	0.00000000E+0
Figure 3 & 5,20230317,15,detect_data,Figure 3 & 5/20230317/Raman/Run 15/Raman-DetectData-Avg01-0108.txt,43913,1269,#k Index:	1.00000000E+0
Figure 3 & 5,20230317,15,detect_data,Figure 3 & 5/20230317/Raman/Run 15/Raman-DetectData-Avg01-0109.txt,43907,1269,#k Index:	0.00000000E+0
Figure 3 & 5,20230317,15,detect_data,Figure 3 & 5/20230317/Raman/Run 15/Raman-DetectData-Avg01-0110.txt,43886,1269,#k Index:	1.00000000E+0
Figure 3 & 5,20230317,15,detect_data,Figure 3 & 5/20230317/Raman/Run 15/Raman-DetectData-Avg01-0111.txt,43932,1269,#k Index:	0.00000000E+0
Figure 3 & 5,20230317,15,detect_data,Figure 3 & 5/20230317/Raman/Run 15/Raman-DetectData-Avg01-0112.txt,43882,1269,#k Index:	1.00000000E+0
Figure 3 & 5,20230317,15,detect_data,Figure 3 & 5/20230317/Raman/Run 15/Raman-DetectData-Avg01-0113.txt,43921,1269,#k Index:	0.00000000E+0
Figure 3 & 5,20230317,15,detect_data,Figure 3 & 5/20230317/Raman/Run 15/Raman-DetectData-Avg01-0114.txt,43924,1269,#k Index:	1.00000000E+0
Figure 3 & 5,20230317,15,detect_data,Figure 3 & 5/20230317/Raman/Run 15/Raman-DetectData-Avg01-0115.txt,43883,1269,#k Index:	0.00000000E+0
Figure 3 & 5,20230317,15,detect_data,Figure 3 & 5/20230317/Raman/Run 15/Raman-DetectData-Avg01-0116.txt,43919,1269,#k Index:	1.00000000E+0
Figure 3 & 5,20230317,15,detect_data,Figure 3 & 5/20230317/Raman/Run 15/Raman-DetectData-Avg01-0117.txt,43913,1269,#k Index:	0.00000000E+0
Figure 3 & 5,20230317,15,detect_data,Figure 3 & 5/20230317/Raman/Run 15/Raman-DetectData-Avg01-0118.txt,43910,1269,#k Index:	1.00000000E+0
Figure 3 & 5,20230317,15,detect_data,Figure 3 & 5/20230317/Raman/Run 15/Raman-DetectData-Avg01-0119.txt,43953,1269,#k Index:	0.00000000E+0
Figure 3 & 5,20230317,15,detect_data,Figure 3 & 5/20230317/Raman/Run 15/Raman-DetectData-Avg01-0120.txt,43903,1269,#k Index:	1.00000000E+0
Figure 3 & 5,20230317,15,detect_data,Figure 3 & 5/20230317/Raman/Run 15/Raman-DetectData-Avg01-0121.txt,43885,1269,#k Index:	0.00000000E+0
Figure 3 & 5,20230317,15,detect_data,Figure 3 & 5/20230317/Raman/Run 15/Raman-DetectData-Avg01-0122.txt,43909,1269,#k Index:	1.00000000E+0
Figure 3 & 5,20230317,15,detect_data,Figure 3 & 5/20230317/Raman/Run 15/Raman-DetectData-Avg01-0123.txt,43946,1269,#k Index:	0.00000000E+0
Figure 3 & 5,20230317,15,detect_data,Figure 3 & 5/20230317/Raman/Run 15/Raman-DetectData-Avg01-0124.txt,43889,1269,#k Index:	1.00000000E+0
Figure 3 & 5,20230317,15,detect_data,Figure 3 & 5/20230317/Raman/Run 15/Raman-DetectData-Avg01-0125.txt,43927,1269,#k Index:	0.00000000E+0
Figure 3 & 5,20230317,15,detect_data,Figure 3 & 5/20230317/Raman/Run 15/Raman-DetectData-Avg01-0126.txt,43902,1269,#k Index:	1.00000000E+0
Figure 3 & 5,20230317,15,detect_data,Figure 3 & 5/20230317/Raman/Run 15/Raman-DetectData-Avg01-0127.txt,43897,1269,#k Index:	0.00000000E+0
Figure 3 & 5,20230317,15,detect_data,Figure 3 & 5/20230317/Raman/Run 15/Raman-DetectData-Avg01-0128.txt,43887,1269,#k Index:	1.00000000E+0
Figure 3 & 5,20230317,15,detect_data,Figure 3 & 5/20230317/Raman/Run 15/Raman-DetectData-Avg01-0129.txt,43907,1269,#k Index:	0.00000000E+0
Figure 3 & 5,20230317,15,detect_data,Figure 3 & 5/20230317/Raman/Run 15/Raman-DetectData-Avg01-0130.txt,43907,1269,#k Index:	1.00000000E+0
Figure 3 & 5,20230317,15,detect_data,Figure 3 & 5/20230317/Raman/Run 15/Raman-DetectData-Avg01-0131.txt,43930,1269,#k Index:	0.00000000E+0
Figure 3 & 5,20230317,15,detect_data,Figure 3 & 5/20230317/Raman/Run 15/Raman-DetectData-Avg01-0132.txt,43888,1269,#k Index:	1.00000000E+0
Figure 3 & 5,20230317,15,detect_data,Figure 3 & 5/20230317/Raman/Run 15/Raman-DetectData-Avg01-0133.txt,43972,1269,#k Index:	0.00000000E+0
Figure 3 & 5,20230317,15,detect_data,Figure 3 & 5/20230317/Raman/Run 15/Raman-DetectData-Avg01-0134.txt,43922,1269,#k Index:	1.00000000E+0
Figure 3 & 5,20230317,15,detect_data,Figure 3 & 5/20230317/Raman/Run 15/Raman-DetectData-Avg01-0135.txt,43898,1269,#k Index:	0.00000000E+0
Figure 3 & 5,20230317,15,detect_data,Figure 3 & 5/20230317/Raman/Run 15/Raman-DetectData-Avg01-0136.txt,43918,1269,#k Index:	1.00000000E+0
Figure 3 & 5,20230317,15,detect_data,Figure 3 & 5/20230317/Raman/Run 15/Raman-DetectData-Avg01-0137.txt,43910,1269,#k Index:	0.00000000E+0
Figure 3 & 5,20230317,15,detect_data,Figure 3 & 5/20230317/Raman/Run 15/Raman-DetectData-Avg01-0138.txt,43891,1269,#k Index:	1.00000000E+0
Figure 3 & 5,20230317,15,detect_data,Figure 3 & 5/20230317/Raman/Run 15/Raman-DetectData-Avg01-0139.txt,43940,1269,#k Index:	0.00000000E+0
Figure 3 & 5,20230317,15,detect_data,Figure 3 & 5/20230317/Raman/Run 15/Raman-DetectData-Avg01-0140.txt,43915,1269,#k Index:	1.00000000E+0
Figure 3 & 5,20230317,15,detect_data,Figure 3 & 5/20230317/Raman/Run 15/Raman-DetectData-Avg01-0141.txt,43908,1269,#k Index:	0.00000000E+0
Figure 3 & 5,20230317,15,detect_data,Figure 3 & 5/20230317/Raman/Run 15/Raman-DetectData-Avg01-0142.txt,43938,1269,#k Index:	1.00000000E+0
Figure 3 & 5,20230317,15,detect_data,Figure 3 & 5/20230317/Raman/Run 15/Raman-DetectData-Avg01-0143.txt,43928,1269,#k Index:	0.00000000E+0
Figure 3 & 5,20230317,15,detect_data,Figure 3 & 5/20230317/Raman/Run 15/Raman-DetectData-Avg01-0144.txt,43895,1269,#k Index:	1.00000000E+0
Figure 3 & 5,20230317,15,detect_data,Figure 3 & 5/20230317/Raman/Run 15/Raman-DetectData-Avg01-0145.txt,43922,1269,#k Index:	0.00000000E+0
Figure 3 & 5,20230317,15,detect_data,Figure 3 & 5/20230317/Raman/Run 15/Raman-DetectData-Avg01-0146.txt,43907,1269,#k Index:	1.00000000E+0
Figure 3 & 5,20230317,15,detect_data,Figure 3 & 5/20230317/Raman/Run 15/Raman-DetectData-Avg01-0147.txt,43915,1269,#k Index:	0.00000000E+0
Figure 3 & 5,20230317,15,detect_data,Figure 3 & 5/20230317/Raman/Run 15/Raman-DetectData-Avg01-0148.txt,43907,1269,#k Index:	1.00000000E+0
Figure 3 & 5,20230317,15,detect_data,Figure 3 & 5/20230317/Raman/Run 15/Raman-DetectData-Avg01-0149.txt,43895,1269,#k Index:	0.00000000E+0
Figure 3 & 5,20230317,15,detect_data,Figure 3 & 5/20230317/Raman/Run 15/Raman-DetectData-Avg01-0150.txt,43929,1269,#k Index:	1.00000000E+0
Figure 3 & 5,20230317,15,detect_data,Figure 3 & 5/20230317/Raman/Run 15/Raman-DetectData-Avg01-0151.txt,43918,1269,#k Index:	0.00000000E+0
Figure 3 & 5,20230317,15,detect_data,Figure 3 & 5/20230317/Raman/Run 15/Raman-DetectData-Avg01-0152.txt,43874,1269,#k Index:	1.00000000E+0
Figure 3 & 5,20230317,15,detect_data,Figure 3 & 5/20230317/Raman/Run 15/Raman-DetectData-Avg01-0153.txt,43948,1269,#k Index:	0.00000000E+0
Figure 3 & 5,20230317,15,detect_data,Figure 3 & 5/20230317/Raman/Run 15/Raman-DetectData-Avg01-0154.txt,43911,1269,#k Index:	1.00000000E+0
Figure 3 & 5,20230317,15,detect_data,Figure 3 & 5/20230317/Raman/Run 15/Raman-DetectData-Avg01-0155.txt,43890,1269,#k Index:	0.00000000E+0
Figure 3 & 5,20230317,15,detect_data,Figure 3 & 5/20230317/Raman/Run 15/Raman-DetectData-Avg01-0156.txt,43904,1269,#k Index:	1.00000000E+0
Figure 3 & 5,20230317,15,detect_data,Figure 3 & 5/20230317/Raman/Run 15/Raman-DetectData-Avg01-0157.txt,43886,1269,#k Index:	0.00000000E+0
Figure 3 & 5,20230317,15,detect_data,Figure 3 & 5/20230317/Raman/Run 15/Raman-DetectData-Avg01-0158.txt,43909,1269,#k Index:	1.00000000E+0
Figure 3 & 5,20230317,15,detect_data,Figure 3 & 5/20230317/Raman/Run 15/Raman-DetectData-Avg01-0159.txt,43900,1269,#k Index:	0.00000000E+0
Figure 3 & 5,20230317,15,detect_data,Figure 3 & 5/20230317/Raman/Run 15/Raman-DetectData-Avg01-0160.txt,43953,1269,#k Index:	1.00000000E+0
Figure 3 & 5,20230317,15,detect_data,Figure 3 & 5/20230317/Raman/Run 15/Raman-DetectData-Avg01-0161.txt,43922,1269,#k Index:	0.00000000E+0
Figure 3 & 5,20230317,15,detect_data,Figure 3 & 5/20230317/Raman/Run 15/Raman-DetectData-Avg01-0162.txt,43930,1269,#k Index:	1.00000000E+0
Figure 3 & 5,20230317,15,detect_data,Figure 3 & 5/20230317/Raman/Run 15/Raman-DetectData-Avg01-0163.txt,43932,1269,#k Index:	0.00000000E+0
Figure 3 & 5,20230317,15,detect_data,Figure 3 & 5/20230317/Raman/Run 15/Raman-DetectData-Avg01-0164.txt,43925,1269,#k Index:	1.00000000E+0
Figure 3 & 5,20230317,15,detect_data,Figure 3 & 5/20230317/Raman/Run 15/Raman-DetectData-Avg01-0165.txt,43908,1269,#k Index:	0.00000000E+0
Figure 3 & 5,20230317,15,detect_data,Figure 3 & 5/20230317/Raman/Run 15/Raman-DetectData-Avg01-0166.txt,43912,1269,#k Index:	1.00000000E+0
Figure 3 & 5,20230317,15,detect_data,Figure 3 & 5/20230317/Raman/Run 15/Raman-DetectData-Avg01-0167.txt,43922,1269,#k Index:	0.00000000E+0
Figure 3 & 5,20230317,15,detect_data,Figure 3 & 5/20230317/Raman/Run 15/Raman-DetectData-Avg01-0168.txt,43878,1269,#k Index:	1.00000000E+0
Figure 3 & 5,20230317,15,detect_data,Figure 3 & 5/20230317/Raman/Run 15/Raman-DetectData-Avg01-0169.txt,43921,1269,#k Index:	0.00000000E+0
Figure 3 & 5,20230317,15,detect_data,Figure 3 & 5/20230317/Raman/Run 15/Raman-DetectData-Avg01-0170.txt,43934,1269,#k Index:	1.00000000E+0
Figure 3 & 5,20230317,15,detect_data,Figure 3 & 5/20230317/Raman/Run 15/Raman-DetectData-Avg01-0171.txt,43897,1269,#k Index:	0.00000000E+0
Figure 3 & 5,20230317,15,detect_data,Figure 3 & 5/20230317/Raman/Run 15/Raman-DetectData-Avg01-0172.txt,43956,1269,#k Index:	1.00000000E+0
Figure 3 & 5,20230317,15,detect_data,Figure 3 & 5/20230317/Raman/Run 15/Raman-DetectData-Avg01-0173.txt,43930,1269,#k Index:	0.00000000E+0
Figure 3 & 5,20230317,15,detect_data,Figure 3 & 5/20230317/Raman/Run 15/Raman-DetectData-Avg01-0174.txt,43919,1269,#k Index:	1.00000000E+0
Figure 3 & 5,20230317,15,detect_data,Figure 3 & 5/20230317/Raman/Run 15/Raman-DetectData-Avg01-0175.txt,43899,1269,#k Index:	0.00000000E+0
Figure 3 & 5,20230317,15,detect_data,Figure 3 & 5/20230317/Raman/Run 15/Raman-DetectData-Avg01-0176.txt,43884,1269,#k Index:	1.00000000E+0
Figure 3 & 5,20230317,15,detect_data,Figure 3 & 5/20230317/Raman/Run 15/Raman-DetectData-Avg01-0177.txt,43923,1269,#k Index:	0.00000000E+0
Figure 3 & 5,20230317,15,detect_data,Figure 3 & 5/20230317/Raman/Run 15/Raman-DetectData-Avg01-0178.txt,43914,1269,#k Index:	1.00000000E+0
Figure 3 & 5,20230317,15,detect_data,Figure 3 & 5/20230317/Raman/Run 15/Raman-DetectData-Avg01-0179.txt,43912,1269,#k Index:	0.00000000E+0
Figure 3 & 5,20230317,15,detect_data,Figure 3 & 5/20230317/Raman/Run 15/Raman-DetectData-Avg01-0180.txt,43918,1269,#k Index:	1.00000000E+0
Figure 3 & 5,20230317,15,detect_data,Figure 3 & 5/20230317/Raman/Run 15/Raman-DetectData-Avg01-0181.txt,43917,1269,#k Index:	0.00000000E+0
Figure 3 & 5,20230317,15,detect_data,Figure 3 & 5/20230317/Raman/Run 15/Raman-DetectData-Avg01-0182.txt,43907,1269,#k Index:	1.00000000E+0
Figure 3 & 5,20230317,15,detect_data,Figure 3 & 5/20230317/Raman/Run 15/Raman-DetectData-Avg01-0183.txt,43859,1269,#k Index:	0.00000000E+0
Figure 3 & 5,20230317,15,detect_data,Figure 3 & 5/20230317/Raman/Run 15/Raman-DetectData-Avg01-0184.txt,43942,1269,#k Index:	1.00000000E+0
Figure 3 & 5,20230317,15,detect_data,Figure 3 & 5/20230317/Raman/Run 15/Raman-DetectData-Avg01-0185.txt,43894,1269,#k Index:	0.00000000E+0
Figure 3 & 5,20230317,15,detect_data,Figure 3 & 5/20230317/Raman/Run 15/Raman-DetectData-Avg01-0186.txt,43879,1269,#k Index:	1.00000000E+0
Figure 3 & 5,20230317,15,detect_data,Figure 3 & 5/20230317/Raman/Run 15/Raman-DetectData-Avg01-0187.txt,43976,1269,#k Index:	0.00000000E+0
Figure 3 & 5,20230317,15,detect_data,Figure 3 & 5/20230317/Raman/Run 15/Raman-DetectData-Avg01-0188.txt,43886,1269,#k Index:	1.00000000E+0
Figure 3 & 5,20230317,15,detect_data,Figure 3 & 5/20230317/Raman/Run 15/Raman-DetectData-Avg01-0189.txt,43906,1269,#k Index:	0.00000000E+0
Figure 3 & 5,20230317,15,detect_data,Figure 3 & 5/20230317/Raman/Run 15/Raman-DetectData-Avg01-0190.txt,43903,1269,#k Index:	1.00000000E+0
Figure 3 & 5,20230317,15,detect_data,Figure 3 & 5/20230317/Raman/Run 15/Raman-DetectData-Avg01-0191.txt,43903,1269,#k Index:	0.00000000E+0
Figure 3 & 5,20230317,15,detect_data,Figure 3 & 5/20230317/Raman/Run 15/Raman-DetectData-Avg01-0192.txt,43890,1269,#k Index:	1.00000000E+0
Figure 3 & 5,20230317,15,detect_data,Figure 3 & 5/20230317/Raman/Run 15/Raman-DetectData-Avg01-0193.txt,43885,1269,#k Index:	0.00000000E+0
Figure 3 & 5,20230317,15,detect_data,Figure 3 & 5/20230317/Raman/Run 15/Raman-DetectData-Avg01-0194.txt,43937,1269,#k Index:	1.00000000E+0
Figure 3 & 5,20230317,15,detect_data,Figure 3 & 5/20230317/Raman/Run 15/Raman-DetectData-Avg01-0195.txt,43900,1269,#k Index:	0.00000000E+0
Figure 3 & 5,20230317,15,detect_data,Figure 3 & 5/20230317/Raman/Run 15/Raman-DetectData-Avg01-0196.txt,43937,1269,#k Index:	1.00000000E+0
Figure 3 & 5,20230317,15,detect_data,Figure 3 & 5/20230317/Raman/Run 15/Raman-DetectData-Avg01-0197.txt,43873,1269,#k Index:	0.00000000E+0
Figure 3 & 5,20230317,15,detect_data,Figure 3 & 5/20230317/Raman/Run 15/Raman-DetectData-Avg01-0198.txt,43866,1269,#k Index:	1.00000000E+0
Figure 3 & 5,20230317,15,detect_data,Figure 3 & 5/20230317/Raman/Run 15/Raman-DetectData-Avg01-0199.txt,43911,1269,#k Index:	0.00000000E+0
Figure 3 & 5,20230317,15,detect_data,Figure 3 & 5/20230317/Raman/Run 15/Raman-DetectData-Avg01-0200.txt,43908,1269,#k Index:	1.00000000E+0
Figure 3 & 5,20230317,15,detect_data,Figure 3 & 5/20230317/Raman/Run 15/Raman-DetectData-Avg01-0201.txt,43862,1269,#k Index:	0.00000000E+0
Figure 3 & 5,20230317,15,detect_data,Figure 3 & 5/20230317/Raman/Run 15/Raman-DetectData-Avg01-0202.txt,43898,1269,#k Index:	1.00000000E+0
Figure 3 & 5,20230317,15,detect_data,Figure 3 & 5/20230317/Raman/Run 15/Raman-DetectData-Avg01-0203.txt,43918,1269,#k Index:	0.00000000E+0
Figure 3 & 5,20230317,15,detect_data,Figure 3 & 5/20230317/Raman/Run 15/Raman-DetectData-Avg01-0204.txt,43896,1269,#k Index:	1.00000000E+0
Figure 3 & 5,20230317,15,detect_data,Figure 3 & 5/20230317/Raman/Run 15/Raman-DetectData-Avg01-0205.txt,43871,1269,#k Index:	0.00000000E+0
Figure 3 & 5,20230317,15,detect_data,Figure 3 & 5/20230317/Raman/Run 15/Raman-DetectData-Avg01-0206.txt,43951,1269,#k Index:	1.00000000E+0
Figure 3 & 5,20230317,15,detect_data,Figure 3 & 5/20230317/Raman/Run 15/Raman-DetectData-Avg01-0207.txt,43899,1269,#k Index:	0.00000000E+0
Figure 3 & 5,20230317,15,detect_data,Figure 3 & 5/20230317/Raman/Run 15/Raman-DetectData-Avg01-0208.txt,43898,1269,#k Index:	1.00000000E+0
Figure 3 & 5,20230317,15,detect_data,Figure 3 & 5/20230317/Raman/Run 15/Raman-DetectData-Avg01-0209.txt,43931,1269,#k Index:	0.00000000E+0
Figure 3 & 5,20230317,15,detect_data,Figure 3 & 5/20230317/Raman/Run 15/Raman-DetectData-Avg01-0210.txt,43887,1269,#k Index:	1.00000000E+0
Figure 3 & 5,20230317,15,detect_data,Figure 3 & 5/20230317/Raman/Run 15/Raman-DetectData-Avg01-0211.txt,43887,1269,#k Index:	0.00000000E+0
Figure 3 & 5,20230317,15,detect_data,Figure 3 & 5/20230317/Raman/Run 15/Raman-DetectData-Avg01-0212.txt,43894,1269,#k Index:	1.00000000E+0
Figure 3 & 5,20230317,15,detect_data,Figure 3 & 5/20230317/Raman/Run 15/Raman-DetectData-Avg01-0213.txt,43896,1269,#k Index:	0.00000000E+0
Figure 3 & 5,20230317,15,detect_data,Figure 3 & 5/20230317/Raman/Run 15/Raman-DetectData-Avg01-0214.txt,43881,1269,#k Index:	1.00000000E+0
Figure 3 & 5,20230317,15,detect_data,Figure 3 & 5/20230317/Raman/Run 15/Raman-DetectData-Avg01-0215.txt,43979,1269,#k Index:	0.00000000E+0
Figure 3 & 5,20230317,15,detect_data,Figure 3 & 5/20230317/Raman/Run 15/Raman-DetectData-Avg01-0216.txt,43906,1269,#k Index:	1.00000000E+0
Figure 3 & 5,20230317,15,detect_data,Figure 3 & 5/20230317/Raman/Run 15/Raman-DetectData-Avg01-0217.txt,43968,1269,#k Index:	0.00000000E+0
Figure 3 & 5,20230317,15,detect_data,Figure 3 & 5/20230317/Raman/Run 15/Raman-DetectData-Avg01-0218.txt,43910,1269,#k Index:	1.00000000E+0
Figure 3 & 5,20230317,15,detect_data,Figure 3 & 5/20230317/Raman/Run 15/Raman-DetectData-Avg01-0219.txt,43895,1269,#k Index:	0.00000000E+0
Figure 3 & 5,20230317,15,detect_data,Figure 3 & 5/20230317/Raman/Run 15/Raman-DetectData-Avg01-0220.txt,43971,1269,#k Index:	1.00000000E+0
Figure 3 & 5,20230317,15,detect_data,Figure 3 & 5/20230317/Raman/Run 15/Raman-DetectData-Avg01-0221.txt,43940,1269,#k Index:	0.00000000E+0
Figure 3 & 5,20230317,15,detect_data,Figure 3 & 5/20230317/Raman/Run 15/Raman-DetectData-Avg01-0222.txt,43885,1269,#k Index:	1.00000000E+0
Figure 3 & 5,20230317,15,detect_data,Figure 3 & 5/20230317/Raman/Run 15/Raman-DetectData-Avg01-0223.txt,43903,1269,#k Index:	0.00000000E+0
Figure 3 & 5,20230317,15,detect_data,Figure 3 & 5/20230317/Raman/Run 15/Raman-DetectData-Avg01-0224.txt,43906,1269,#k Index:	1.00000000E+0
Figure 3 & 5,20230317,15,detect_data,Figure 3 & 5/20230317/Raman/Run 15/Raman-DetectData-Avg01-0225.txt,43916,1269,#k Index:	0.00000000E+0
Figure 3 & 5,20230317,15,detect_data,Figure 3 & 5/20230317/Raman/Run 15/Raman-DetectData-Avg01-0226.txt,43875,1269,#k Index:	1.00000000E+0
Figure 3 & 5,20230317,15,detect_data,Figure 3 & 5/20230317/Raman/Run 15/Raman-DetectData-Avg01-0227.txt,43952,1269,#k Index:	0.00000000E+0
Figure 3 & 5,20230317,15,detect_data,Figure 3 & 5/20230317/Raman/Run 15/Raman-DetectData-Avg01-0228.txt,43909,1269,#k Index:	1.00000000E+0
Figure 3 & 5,20230317,15,detect_data,Figure 3 & 5/20230317/Raman/Run 15/Raman-DetectData-Avg01-0229.txt,43955,1269,#k Index:	0.00000000E+0
Figure 3 & 5,20230317,15,detect_data,Figure 3 & 5/20230317/Raman/Run 15/Raman-DetectData-Avg01-0230.txt,43890,1269,#k Index:	1.00000000E+0
Figure 3 & 5,20230317,15,detect_data,Figure 3 & 5/20230317/Raman/Run 15/Raman-DetectData-Avg01-0231.txt,43901,1269,#k Index:	0.00000000E+0
Figure 3 & 5,20230317,15,detect_data,Figure 3 & 5/20230317/Raman/Run 15/Raman-DetectData-Avg01-0232.txt,43948,1269,#k Index:	1.00000000E+0
Figure 3 & 5,20230317,15,detect_data,Figure 3 & 5/20230317/Raman/Run 15/Raman-DetectData-Avg01-0233.txt,43901,1269,#k Index:	0.00000000E+0
Figure 3 & 5,20230317,15,detect_data,Figure 3 & 5/20230317/Raman/Run 15/Raman-DetectData-Avg01-0234.txt,43893,1269,#k Index:	1.00000000E+0
Figure 3 & 5,20230317,15,detect_data,Figure 3 & 5/20230317/Raman/Run 15/Raman-DetectData-Avg01-0235.txt,43932,1269,#k Index:	0.00000000E+0
Figure 3 & 5,20230317,15,detect_data,Figure 3 & 5/20230317/Raman/Run 15/Raman-DetectData-Avg01-0236.txt,43931,1269,#k Index:	1.00000000E+0
Figure 3 & 5,20230317,15,detect_data,Figure 3 & 5/20230317/Raman/Run 15/Raman-DetectData-Avg01-0237.txt,43895,1269,#k Index:	0.00000000E+0
Figure 3 & 5,20230317,15,detect_data,Figure 3 & 5/20230317/Raman/Run 15/Raman-DetectData-Avg01-0238.txt,43882,1269,#k Index:	1.00000000E+0
Figure 3 & 5,20230317,15,detect_data,Figure 3 & 5/20230317/Raman/Run 15/Raman-DetectData-Avg01-0239.txt,43907,1269,#k Index:	0.00000000E+0
Figure 3 & 5,20230317,15,detect_data,Figure 3 & 5/20230317/Raman/Run 15/Raman-DetectData-Avg01-0240.txt,43844,1269,#k Index:	1.00000000E+0
Figure 3 & 5,20230317,15,detect_data,Figure 3 & 5/20230317/Raman/Run 15/Raman-DetectData-Avg01-0241.txt,43931,1269,#k Index:	0.00000000E+0
Figure 3 & 5,20230317,15,detect_data,Figure 3 & 5/20230317/Raman/Run 15/Raman-DetectData-Avg01-0242.txt,43898,1269,#k Index:	1.00000000E+0
Figure 3 & 5,20230317,15,avg01_ratios,Figure 3 & 5/20230317/Raman/Run 15/Raman-Run15-Avg01-Ratios-kD.txt,13867,122,#Iteration	Date	Time	Chirp	Phase	RamanAxis	RTPhase	NFringe	Ratio
Figure 3 & 5,20230317,15,avg01_ratios,Figure 3 & 5/20230317/Raman/Run 15/Raman-Run15-Avg01-Ratios-kU.txt,13744,122,#Iteration	Date	Time	Chirp	Phase	RamanAxis	RTPhase	NFringe	Ratio
Figure 3 & 5,20230317,15,avg_ratios,Figure 3 & 5/20230317/Raman/Run 15/Raman-Run15-AvgRatios-kD.txt,12052,122,#Iteration	Date	Time	Chirp	Phase	RamanAxis	RatioMean	RatioStdDev
Figure 3 & 5,20230317,15,avg_ratios,Figure 3 & 5/20230317/Raman/Run 15/Raman-Run15-AvgRatios-kU.txt,12050,122,#Iteration	Date	Time	Chirp	Phase	RamanAxis	RatioMean	RatioStdDev
Figure 3 & 5,20230317,15,rotations_data,Figure 3 & 5/20230317/Raman/Run 15/Raman-Run15-RotationsData.txt,33899,243,#Iteration	Date	Time	STSX	STSY	RotationRateX	RotationRateY	FrCntX	FrCntY	TiptiltCmd1	TiptiltCmd2	TiptiltMonitor1	TiptiltMonitor2
Figure 3 & 5,20230317,15,rt_data,Figure 3 & 5/20230317/Raman/Run 15/Raman-Run15-RTData.txt,24281,243,#Iteration	Date	Time	RTPhase	NFringe	AccelAxis	AccelMean	AccelTemp
Figure 3 & 5,20230317,16,parameters,Figure 3 & 5/20230317/Raman/Run 16/Parameters.txt,1633,60,Software Version: 3.4
Figure 3 & 5,20230317,16,detect_data,Figure 3 & 5/20230317/Raman/Run 16/Raman-DetectData-Avg01-0001.txt,43891,1269,#k Index:	0.00000000E+0
Figure 3 & 5,20230317,16,detect_data,Figure 3 & 5/20230317/Raman/Run 16/Raman-DetectData-Avg01-0002.txt,43862,1269,#k Index:	1.00000000E+0
Figure 3 & 5,20230317,16,detect_data,Figure 3 & 5/20230317/Raman/Run 16/Raman-DetectData-Avg01-0003.txt,43868,1269,#k Index:	0.00000000E+0
Figure 3 & 5,20230317,16,detect_data,Figure 3 & 5/20230317/Raman/Run 16/Raman-DetectData-Avg01-0004.txt,43917,1269,#k Index:	1.00000000E+0
Figure 3 & 5,20230317,16,detect_data,Figure 3 & 5/20230317/Raman/Run 16/Raman-DetectData-Avg01-0005.txt,43861,1269,#k Index:	0.00000000E+0
Figure 3 & 5,20230317,16,detect_data,Figure 3 & 5/20230317/Raman/Run 16/Raman-DetectData-Avg01-0006.txt,43884,1269,#k Index:	1.00000000E+0
Figure 3 & 5,20230317,16,detect_data,Figure 3 & 5/20230317/Raman/Run 16/Raman-DetectData-Avg01-0007.txt,43885,1269,#k Index:	0.00000000E+0
Figure 3 & 5,20230317,16,detect_data,Figure 3 & 5/20230317/Raman/Run 16/Raman-DetectData-Avg01-0008.txt,43885,1269,#k Index:	1.00000000E+0
Figure 3 & 5,20230317,16,detect_data,Figure 3 & 5/20230317/Raman/Run 16/Raman-DetectData-Avg01-0009.txt,43856,1269,#k Index:	0.00000000E+0
Figure 3 & 5,20230317,16,detect_data,Figure 3 & 5/20230317/Raman/Run 16/Raman-DetectData-Avg01-0010.txt,43860,1269,#k Index:	1.00000000E+0
Figure 3 & 5,20230317,16,detect_data,Figure 3 & 5/20230317/Raman/Run 16/Raman-DetectData-Avg01-0011.txt,43866,1269,#k Index:	0.00000000E+0
Figure 3 & 5,20230317,16,detect_data,Figure 3 & 5/20230317/Raman/Run 16/Raman-DetectData-Avg01-0012.txt,43888,1269,#k Index:	1.00000000E+0
Figure 3 & 5,20230317,16,detect_data,Figure 3 & 5/20230317/Raman/Run 16/Raman-DetectData-Avg01-0013.txt,43862,1269,#k Index:	0.00000000E+0
Figure 3 & 5,20230317,16,detect_data,Figure 3 & 5/20230317/Raman/Run 16/Raman-DetectData-Avg01-0014.txt,43853,1269,#k Index:	1.00000000E+0
Figure 3 & 5,20230317,16,detect_data,Figure 3 & 5/20230317/Raman/Run 16/Raman-DetectData-Avg01-0015.txt,43862,1269,#k Index:	0.00000000E+0
Figure 3 & 5,20230317,16,detect_data,Figure 3 & 5/20230317/Raman/Run 16/Raman-DetectData-Avg01-0016.txt,43901,1269,#k Index:	1.00000000E+0
Figure 3 & 5,20230317,16,detect_data,Figure 3 & 5/20230317/Raman/Run 16/Raman-DetectData-Avg01-0017.txt,43862,1269,#k Index:	0.00000000E+0
Figure 3 & 5,20230317,16,detect_data,Figure 3 & 5/20230317/Raman/Run 16/Raman-DetectData-Avg01-0018.txt,43887,1269,#k Index:	1.00000000E+0
Figure 3 & 5,20230317,16,detect_data,Figure 3 & 5/20230317/Raman/Run 16/Raman-DetectData-Avg01-0019.txt,43865,1269,#k Index:	0.00000000E+0
Figure 3 & 5,20230317,16,detect_data,Figure 3 & 5/20230317/Raman/Run 16/Raman-DetectData-Avg01-0020.txt,43904,1269,#k Index:	1.00000000E+0
Figure 3 & 5,20230317,16,detect_data,Figure 3 & 5/20230317/Raman/Run 16/Raman-DetectData-Avg01-0021.txt,43875,1269,#k Index:	0.00000000E+0
Figure 3 & 5,20230317,16,detect_data,Figure 3 & 5/20230317/Raman/Run 16/Raman-DetectData-Avg01-0022.txt,43842,1269,#k Index:	1.00000000E+0
Figure 3 & 5,20230317,16,detect_data,Figure 3 & 5/20230317/Raman/Run 16/Raman-DetectData-Avg01-0023.txt,43893,1269,#k Index:	0.00000000E+0
Figure 3 & 5,20230317,16,detect_data,Figure 3 & 5/20230317/Raman/Run 16/Raman-DetectData-Avg01-0024.txt,43881,1269,#k Index:	1.00000000E+0
Figure 3 & 5,20230317,16,detect_data,Figure 3 & 5/20230317/Raman/Run 16/Raman-DetectData-Avg01-0025.txt,43895,1269,#k Index:	0.00000000E+0
Figure 3 & 5,20230317,16,detect_data,Figure 3 & 5/20230317/Raman/Run 16/Raman-DetectData-Avg01-0026.txt,43885,1269,#k Index:	1.00000000E+0
Figure 3 & 5,20230317,16,detect_data,Figure 3 & 5/20230317/Raman/Run 16/Raman-DetectData-Avg01-0027.txt,43861,1269,#k Index:	0.00000000E+0
Figure 3 & 5,20230317,16,detect_data,Figure 3 & 5/20230317/Raman/Run 16/Raman-DetectData-Avg01-0028.txt,43900,1269,#k Index:	1.00000000E+0
Figure 3 & 5,20230317,16,detect_data,Figure 3 & 5/20230317/Raman/Run 16/Raman-DetectData-Avg01-0029.txt,43870,1269,#k Index:	0.00000000E+0
Figure 3 & 5,20230317,16,detect_data,Figure 3 & 5/20230317/Raman/Run 16/Raman-DetectData-Avg01-0030.txt,43921,1269,#k Index:	1.00000000E+0
Figure 3 & 5,20230317,16,detect_data,Figure 3 & 5/20230317/Raman/Run 16/Raman-DetectData-Avg01-0031.txt,43881,1269,#k Index:	0.00000000E+0
Figure 3 & 5,20230317,16,detect_data,Figure 3 & 5/20230317/Raman/Run 16/Raman-DetectData-Avg01-0032.txt,43873,1269,#k Index:	1.00000000E+0
Figure 3 & 5,20230317,16,detect_data,Figure 3 & 5/20230317/Raman/Run 16/Raman-DetectData-Avg01-0033.txt,43885,1269,#k Index:	0.00000000E+0
Figure 3 & 5,20230317,16,detect_data,Figure 3 & 5/20230317/Raman/Run 16/Raman-DetectData-Avg01-0034.txt,43883,1269,#k Index:	1.00000000E+0
Figure 3 & 5,20230317,16,detect_data,Figure 3 & 5/20230317/Raman/Run 16/Raman-DetectData-Avg01-0035.txt,43930,1269,#k Index:	0.00000000E+0
Figure 3 & 5,20230317,16,detect_data,Figure 3 & 5/20230317/Raman/Run 16/Raman-DetectData-Avg01-0036.txt,43892,1269,#k Index:	1.00000000E+0
Figure 3 & 5,20230317,16,detect_data,Figure 3 & 5/20230317/Raman/Run 16/Raman-DetectData-Avg01-0037.txt,43876,1269,#k Index:	0.00000000E+0
Figure 3 & 5,20230317,16,detect_data,Figure 3 & 5/20230317/Raman/Run 16/Raman-DetectData-Avg01-0038.txt,43909,1269,#k Index:	1.00000000E+0
Figure 3 & 5,20230317,16,detect_data,Figure 3 & 5/20230317/Raman/Run 16/Raman-DetectData-Avg01-0039.txt,43856,1269,#k Index:	0.00000000E+0
Figure 3 & 5,20230317,16,detect_data,Figure 3 & 5/20230317/Raman/Run 16/Raman-DetectData-Avg01-0040.txt,43885,1269,#k Index:	1.00000000E+0
Figure 3 & 5,20230317,16,detect_data,Figure 3 & 5/20230317/Raman/Run 16/Raman-DetectData-Avg01-0041.txt,43870,1269,#k Index:	0.00000000E+0
Figure 3 & 5,20230317,16,detect_data,Figure 3 & 5/20230317/Raman/Run 16/Raman-DetectData-Avg01-0042.txt,43864,1269,#k Index:	1.00000000E+0
Figure 3 & 5,20230317,16,detect_data,Figure 3 & 5/20230317/Raman/Run 16/Raman-DetectData-Avg01-0043.txt,43855,1269,#k Index:	0.00000000E+0
Figure 3 & 5,20230317,16,detect_data,Figure 3 & 5/20230317/Raman/Run 16/Raman-DetectData-Avg01-0044.txt,43880,1269,#k Index:	1.00000000E+0
Figure 3 & 5,20230317,16,detect_data,Figure 3 & 5/20230317/Raman/Run 16/Raman-DetectData-Avg01-0045.txt,43879,1269,#k Index:	0.00000000E+0
Figure 3 & 5,20230317,16,detect_data,Figure 3 & 5/20230317/Raman/Run 16/Raman-DetectData-Avg01-0046.txt,43908,1269,#k Index:	1.00000000E+0
Figure 3 & 5,20230317,16,detect_data,Figure 3 & 5/20230317/Raman/Run 16/Raman-DetectData-Avg01-0047.txt,43858,1269,#k Index:	0.00000000E+0
Figure 3 & 5,20230317,16,detect_data,Figure 3 & 5/20230317/Raman/Run 16/Raman-DetectData-Avg01-0048.txt,43881,1269,#k Index:	1.00000000E+0
Figure 3 & 5,20230317,16,detect_data,Figure 3 & 5/20230317/Raman/Run 16/Raman-DetectData-Avg01-0049.txt,43894,1269,#k Index:	0.00000000E+0
Figure 3 & 5,20230317,16,detect_data,Figure 3 & 5/20230317/Raman/Run 16/Raman-DetectData-Avg01-0050.txt,43873,1269,#k Index:	1.00000000E+0
Figure 3 & 5,20230317,16,detect_data,Figure 3 & 5/20230317/Raman/Run 16/Raman-DetectData-Avg01-0051.txt,43884,1269,#k Index:	0.00000000E+0
Figure 3 & 5,20230317,16,detect_data,Figure 3 & 5/20230317/Raman/Run 16/Raman-DetectData-Avg01-0052.txt,43898,1269,#k Index:	1.00000000E+0
Figure 3 & 5,20230317,16,detect_data,Figure 3 & 5/20230317/Raman/Run 16/Raman-DetectData-Avg01-0053.txt,43876,1269,#k Index:	0.00000000E+0
Figure 3 & 5,20230317,16,detect_data,Figure 3 & 5/20230317/Raman/Run 16/Raman-DetectData-Avg01-0054.txt,43874,1269,#k Index:	1.00000000E+0
Figure 3 & 5,20230317,16,detect_data,Figure 3 & 5/20230317/Raman/Run 16/Raman-DetectData-Avg01-0055.txt,43907,1269,#k Index:	0.00000000E+0
Figure 3 & 5,20230317,16,detect_data,Figure 3 & 5/20230317/Raman/Run 16/Raman-DetectData-Avg01-0056.txt,43908,1269,#k Index:	1.00000000E+0
Figure 3 & 5,20230317,16,detect_data,Figure 3 & 5/20230317/Raman/Run 16/Raman-DetectData-Avg01-0057.txt,43874,1269,#k Index:	0.00000000E+0
Figure 3 & 5,20230317,16,detect_data,Figure 3 & 5/20230317/Raman/Run 16/Raman-DetectData-Avg01-0058.txt,43855,1269,#k Index:	1.00000000E+0
Figure 3 & 5,20230317,16,detect_data,Figure 3 & 5/20230317/Raman/Run 16/Raman-DetectData-Avg01-0059.txt,43869,1269,#k Index:	0.00000000E+0
Figure 3 & 5,20230317,16,detect_data,Figure 3 & 5/20230317/Raman/Run 16/Raman-DetectData-Avg01-0060.txt,43875,1269,#k Index:	1.00000000E+0
Figure 3 & 5,20230317,16,detect_data,Figure 3 & 5/20230317/Raman/Run 16/Raman-DetectData-Avg01-0061.txt,43910,1269,#k Index:	0.00000000E+0
Figure 3 & 5,20230317,16,detect_data,Figure 3 & 5/20230317/Raman/Run 16/Raman-DetectData-Avg01-0062.txt,43882,1269,#k Index:	1.00000000E+0
Figure 3 & 5,20230317,16,detect_data,Figure 3 & 5/20230317/Raman/Run 16/Raman-DetectData-Avg01-0063.txt,43844,1269,#k Index:	0.00000000E+0
Figure 3 & 5,20230317,16,detect_data,Figure 3 & 5/20230317/Raman/Run 16/Raman-DetectData-Avg01-0064.txt,43891,1269,#k Index:	1.00000000E+0
Figure 3 & 5,20230317,16,detect_data,Figure 3 & 5/20230317/Raman/Run 16/Raman-DetectData-Avg01-0065.txt,43861,1269,#k Index:	0.00000000E+0
Figure 3 & 5,20230317,16,detect_data,Figure 3 & 5/20230317/Raman/Run 16/Raman-DetectData-Avg01-0066.txt,43915,1269,#k Index:	1.00000000E+0
Figure 3 & 5,20230317,16,detect_data,Figure 3 & 5/20230317/Raman/Run 16/Raman-DetectData-Avg01-0067.txt,43888,1269,#k Index:	0.00000000E+0
Figure 3 & 5,20230317,16,detect_data,Figure 3 & 5/20230317/Raman/Run 16/Raman-DetectData-Avg01-0068.txt,43889,1269,#k Index:	1.00000000E+0
Figure 3 & 5,20230317,16,detect_data,Figure 3 & 5/20230317/Raman/Run 16/Raman-DetectData-Avg01-0069.txt,43878,1269,#k Index:	0.00000000E+0
Figure 3 & 5,20230317,16,detect_data,Figure 3 & 5/20230317/Raman/Run 16/Raman-DetectData-Avg01-0070.txt,43891,1269,#k Index:	1.00000000E+0
Figure 3 & 5,20230317,16,detect_data,Figure 3 & 5/20230317/Raman/Run 16/Raman-DetectData-Avg01-0071.txt,43873,1269,#k Index:	0.00000000E+0
Figure 3 & 5,20230317,16,detect_data,Figure 3 & 5/20230317/Raman/Run 16/Raman-DetectData-Avg01-0072.txt,43873,1269,#k Index:	1.00000000E+0
Figure 3 & 5,20230317,16,detect_data,Figure 3 & 5/20230317/Raman/Run 16/Raman-DetectData-Avg01-0073.txt,43865,1269,#k Index:	0.00000000E+0
Figure 3 & 5,20230317,16,detect_data,Figure 3 & 5/20230317/Raman/Run 16/Raman-DetectData-Avg01-0074.txt,43901,1269,#k Index:	1.00000000E+0
Figure 3 & 5,20230317,16,detect_data,Figure 3 & 5/20230317/Raman/Run 16/Raman-DetectData-Avg01-0075.txt,43878,1269,#k Index:	0.00000000E+0
Figure 3 & 5,20230317,16,detect_data,Figure 3 & 5/20230317/Raman/Run 16/Raman-DetectData-Avg01-0076.txt,43878,1269,#k Index:	1.00000000E+0
Figure 3 & 5,20230317,16,detect_data,Figure 3 & 5/20230317/Raman/Run 16/Raman-DetectData-Avg01-0077.txt,43872,1269,#k Index:	0.00000000E+0
Figure 3 & 5,20230317,16,detect_data,Figure 3 & 5/20230317/Raman/Run 16/Raman-DetectData-Avg01-0078.txt,43875,1269,#k Index:	1.00000000E+0
Figure 3 & 5,20230317,16,detect_data,Figure 3 & 5/20230317/Raman/Run 16/Raman-DetectData-Avg01-0079.txt,43878,1269,#k Index:	0.00000000E+0
Figure 3 & 5,20230317,16,detect_data,Figure 3 & 5/20230317/Raman/Run 16/Raman-DetectData-Avg01-0080.txt,43872,1269,#k Index:	1.00000000E+0
Figure 3 & 5,20230317,16,detect_data,Figure 3 & 5/20230317/Raman/Run 16/Raman-DetectData-Avg01-0081.txt,43866,1269,#k Index:	0.00000000E+0
Figure 3 & 5,20230317,16,detect_data,Figure 3 & 5/20230317/Raman/Run 16/Raman-DetectData-Avg01-0082.txt,43915,1269,#k Index:	1.00000000E+0
Figure 3 & 5,20230317,16,detect_data,Figure 3 & 5/20230317/Raman/Run 16/Raman-DetectData-Avg01-0083.txt,43873,1269,#k Index:	0.00000000E+0
Figure 3 & 5,20230317,16,detect_data,Figure 3 & 5/20230317/Raman/Run 16/Raman-DetectData-Avg01-0084.txt,43885,1269,#k Index:	1.00000000E+0
Figure 3 & 5,20230317,16,detect_data,Figure 3 & 5/20230317/Raman/Run 16/Raman-DetectData-Avg01-0085.txt,43898,1269,#k Index:	0.00000000E+0
Figure 3 & 5,20230317,16,detect_data,Figure 3 & 5/20230317/Raman/Run 16/Raman-DetectData-Avg01-0086.txt,43898,1269,#k Index:	1.00000000E+0
Figure 3 & 5,20230317,16,detect_data,Figure 3 & 5/20230317/Raman/Run 16/Raman-DetectData-Avg01-0087.txt,43939,1269,#k Index:	0.00000000E+0
Figure 3 & 5,20230317,16,detect_data,Figure 3 & 5/20230317/Raman/Run 16/Raman-DetectData-Avg01-0088.txt,43881,1269,#k Index:	1.00000000E+0
Figure 3 & 5,20230317,16,detect_data,Figure 3 & 5/20230317/Raman/Run 16/Raman-DetectData-Avg01-0089.txt,43866,1269,#k Index:	0.00000000E+0
Figure 3 & 5,20230317,16,detect_data,Figure 3 & 5/20230317/Raman/Run 16/Raman-DetectData-Avg01-0090.txt,43883,1269,#k Index:	1.00000000E+0
Figure 3 & 5,20230317,16,detect_data,Figure 3 & 5/20230317/Raman/Run 16/Raman-DetectData-Avg01-0091.txt,43858,1269,#k Index:	0.00000000E+0
Figure 3 & 5,20230317,16,detect_data,Figure 3 & 5/20230317/Raman/Run 16/Raman-DetectData-Avg01-0092.txt,43902,1269,#k Index:	1.00000000E+0
Figure 3 & 5,20230317,16,detect_data,Figure 3 & 5/20230317/Raman/Run 16/Raman-DetectData-Avg01-0093.txt,43867,1269,#k Index:	0.00000000E+0
Figure 3 & 5,20230317,16,detect_data,Figure 3 & 5/20230317/Raman/Run 16/Raman-DetectData-Avg01-0094.txt,43870,1269,#k Index:	1.00000000E+0
Figure 3 & 5,20230317,16,detect_data,Figure 3 & 5/20230317/Raman/Run 16/Raman-DetectData-Avg01-0095.txt,43882,1269,#k Index:	0.00000000E+0
Figure 3 & 5,20230317,16,detect_data,Figure 3 & 5/20230317/Raman/Run 16/Raman-DetectData-Avg01-0096.txt,43931,1269,#k Index:	1.00000000E+0
Figure 3 & 5,20230317,16,detect_data,Figure 3 & 5/20230317/Raman/Run 16/Raman-DetectData-Avg01-0097.txt,43869,1269,#k Index:	0.00000000E+0
Figure 3 & 5,20230317,16,detect_data,Figure 3 & 5/20230317/Raman/Run 16/Raman-DetectData-Avg01-0098.txt,43883,1269,#k Index:	1.00000000E+0
Figure 3 & 5,20230317,16,detect_data,Figure 3 & 5/20230317/Raman/Run 16/Raman-DetectData-Avg01-0099.txt,43873,1269,#k Index:	0.00000000E+0
Figure 3 & 5,20230317,16,detect_data,Figure 3 & 5/20230317/Raman/Run 16/Raman-DetectData-Avg01-0100.txt,43878,1269,#k Index:	1.00000000E+0
Figure 3 & 5,20230317,16,detect_data,Figure 3 & 5/20230317/Raman/Run 16/Raman-DetectData-Avg01-0101.txt,43906,1269,#k Index:	0.00000000E+0
Figure 3 & 5,20230317,16,detect_data,Figure 3 & 5/20230317/Raman/Run 16/Raman-DetectData-Avg01-0102.txt,43868,1269,#k Index:	1.00000000E+0
Figure 3 & 5,20230317,16,detect_data,Figure 3 & 5/20230317/Raman/Run 16/Raman-DetectData-Avg01-0103.txt,43870,1269,#k Index:	0.00000000E+0
Figure 3 & 5,20230317,16,detect_data,Figure 3 & 5/20230317/Raman/Run 16/Raman-DetectData-Avg01-0104.txt,43916,1269,#k Index:	1.00000000E+0
Figure 3 & 5,20230317,16,detect_data,Figure 3 & 5/20230317/Raman/Run 16/Raman-DetectData-Avg01-0105.txt,43873,1269,#k Index:	0.00000000E+0
Figure 3 & 5,20230317,16,detect_data,Figure 3 & 5/20230317/Raman/Run 16/Raman-DetectData-Avg01-0106.txt,43922,1269,#k Index:	1.00000000E+0
Figure 3 & 5,20230317,16,detect_data,Figure 3 & 5/20230317/Raman/Run 16/Raman-DetectData-Avg01-0107.txt,43891,1269,#k Index:	0.00000000E+0
Figure 3 & 5,20230317,16,detect_data,Figure 3 & 5/20230317/Raman/Run 16/Raman-DetectData-Avg01-0108.txt,43883,1269,#k Index:	1.00000000E+0
Figure 3 & 5,20230317,16,detect_data,Figure 3 & 5/20230317/Raman/Run 16/Raman-DetectData-Avg01-0109.txt,43914,1269,#k Index:	0.00000000E+0
Figure 3 & 5,20230317,16,detect_data,Figure 3 & 5/20230317/Raman/Run 16/Raman-DetectData-Avg01-0110.txt,43864,1269,#k Index:	1.00000000E+0
Figure 3 & 5,20230317,16,detect_data,Figure 3 & 5/20230317/Raman/Run 16/Raman-DetectData-Avg01-0111.txt,43895,1269,#k Index:	0.00000000E+0
Figure 3 & 5,20230317,16,detect_data,Figure 3 & 5/20230317/Raman/Run 16/Raman-DetectData-Avg01-0112.txt,43938,1269,#k Index:	1.00000000E+0
Figure 3 & 5,20230317,16,detect_data,Figure 3 & 5/20230317/Raman/Run 16/Raman-DetectData-Avg01-0113.txt,43881,1269,#k Index:	0.00000000E+0
Figure 3 & 5,20230317,16,detect_data,Figure 3 & 5/20230317/Raman/Run 16/Raman-DetectData-Avg01-0114.txt,43877,1269,#k Index:	1.00000000E+0
Figure 3 & 5,20230317,16,detect_data,Figure 3 & 5/20230317/Raman/Run 16/Raman-DetectData-Avg01-0115.txt,43844,1269,#k Index:	0.00000000E+0
Figure 3 & 5,20230317,16,detect_data,Figure 3 & 5/20230317/Raman/Run 16/Raman-DetectData-Avg01-0116.txt,43858,1269,#k Index:	1.00000000E+0
Figure 3 & 5,20230317,16,detect_data,Figure 3 & 5/20230317/Raman/Run 16/Raman-DetectData-Avg01-0117.txt,43889,1269,#k Index:	0.00000000E+0
Figure 3 & 5,20230317,16,detect_data,Figure 3 & 5/20230317/Raman/Run 16/Raman-DetectData-Avg01-0118.txt,43859,1269,#k Index:	1.00000000E+0
Figure 3 & 5,20230317,16,detect_data,Figure 3 & 5/20230317/Raman/Run 16/Raman-DetectData-Avg01-0119.txt,43889,1269,#k Index:	0.00000000E+0
Figure 3 & 5,20230317,16,detect_data,Figure 3 & 5/20230317/Raman/Run 16/Raman-DetectData-Avg01-0120.txt,43851,1269,#k Index:	1.00000000E+0
Figure 3 & 5,20230317,16,detect_data,Figure 3 & 5/20230317/Raman/Run 16/Raman-DetectData-Avg01-0121.txt,43848,1269,#k Index:	0.00000000E+0
Figure 3 & 5,20230317,16,detect_data,Figure 3 & 5/20230317/Raman/Run 16/Raman-DetectData-Avg01-0122.txt,43879,1269,#k Index:	1.00000000E+0
Figure 3 & 5,20230317,16,detect_data,Figure 3 & 5/20230317/Raman/Run 16/Raman-DetectData-Avg01-0123.txt,43875,1269,#k Index:	0.00000000E+0
Figure 3 & 5,20230317,16,detect_data,Figure 3 & 5/20230317/Raman/Run 16/Raman-DetectData-Avg01-0124.txt,43851,1269,#k Index:	1.00000000E+0
Figure 3 & 5,20230317,16,detect_data,Figure 3 & 5/20230317/Raman/Run 16/Raman-DetectData-Avg01-0125.txt,43854,1269,#k Index:	0.00000000E+0
Figure 3 & 5,20230317,16,detect_data,Figure 3 & 5/20230317/Raman/Run 16/Raman-DetectData-Avg01-0126.txt,43854,1269,#k Index:	1.00000000E+0
Figure 3 & 5,20230317,16,detect_data,Figure 3 & 5/20230317/Raman/Run 16/Raman-DetectData-Avg01-0127.txt,43873,1269,#k Index:	0.00000000E+0
Figure 3 & 5,20230317,16,detect_data,Figure 3 & 5/20230317/Raman/Run 16/Raman-DetectData-Avg01-0128.txt,43905,1269,#k Index:	1.00000000E+0
Figure 3 & 5,20230317,16,detect_data,Figure 3 & 5/20230317/Raman/Run 16/Raman-DetectData-Avg01-0129.txt,43879,1269,#k Index:	0.00000000E+0
Figure 3 & 5,20230317,16,detect_data,Figure 3 & 5/20230317/Raman/Run 16/Raman-DetectData-Avg01-0130.txt,43903,1269,#k Index:	1.00000000E+0
Figure 3 & 5,20230317,16,detect_data,Figure 3 & 5/20230317/Raman/Run 16/Raman-DetectData-Avg01-0131.txt,43926,1269,#k Index:	0.00000000E+0
Figure 3 & 5,20230317,16,detect_data,Figure 3 & 5/20230317/Raman/Run 16/Raman-DetectData-Avg01-0132.txt,43889,1269,#k Index:	1.00000000E+0
Figure 3 & 5,20230317,16,detect_data,Figure 3 & 5/20230317/Raman/Run 16/Raman-DetectData-Avg01-0133.txt,43900,1269,#k Index:	0.00000000E+0
Figure 3 & 5,20230317,16,detect_data,Figure 3 & 5/20230317/Raman/Run 16/Raman-DetectData-Avg01-0134.txt,43881,1269,#k Index:	1.00000000E+0
Figure 3 & 5,20230317,16,detect_data,Figure 3 & 5/20230317/Raman/Run 16/Raman-DetectData-Avg01-0135.txt,43877,1269,#k Index:	0.00000000E+0
Figure 3 & 5,20230317,16,detect_data,Figure 3 & 5/20230317/Raman/Run 16/Raman-DetectData-Avg01-0136.txt,43902,1269,#k Index:	1.00000000E+0
Figure 3 & 5,20230317,16,detect_data,Figure 3 & 5/20230317/Raman/Run 16/Raman-DetectData-Avg01-0137.txt,43887,1269,#k Index:	0.00000000E+0
Figure 3 & 5,20230317,16,detect_data,Figure 3 & 5/20230317/Raman/Run 16/Raman-DetectData-Avg01-0138.txt,43873,1269,#k Index:	1.00000000E+0
Figure 3 & 5,20230317,16,detect_data,Figure 3 & 5/20230317/Raman/Run 16/Raman-DetectData-Avg01-0139.txt,43866,1269,#k Index:	0.00000000E+0
Figure 3 & 5,20230317,16,detect_data,Figure 3 & 5/20230317/Raman/Run 16/Raman-DetectData-Avg01-0140.txt,43869,1269,#k Index:	1.00000000E+0
Figure 3 & 5,20230317,16,detect_data,Figure 3 & 5/20230317/Raman/Run 16/Raman-DetectData-Avg01-0141.txt,43866,1269,#k Index:	0.00000000E+0
Figure 3 & 5,20230317,16,detect_data,Figure 3 & 5/20230317/Raman/Run 16/Raman-DetectData-Avg01-0142.txt,43860,1269,#k Index:	1.00000000E+0
Figure 3 & 5,20230317,16,detect_data,Figure 3 & 5/20230317/Raman/Run 16/Raman-DetectData-Avg01-0143.txt,43904,1269,#k Index:	0.00000000E+0
Figure 3 & 5,20230317,16,detect_data,Figure 3 & 5/20230317/Raman/Run 16/Raman-DetectData-Avg01-0144.txt,43853,1269,#k Index:	1.00000000E+0
Figure 3 & 5,20230317,16,detect_data,Figure 3 & 5/20230317/Raman/Run 16/Raman-DetectData-Avg01-0145.txt,43885,1269,#k Index:	0.00000000E+0
Figure 3 & 5,20230317,16,detect_data,Figure 3 & 5/20230317/Raman/Run 16/Raman-DetectData-Avg01-0146.txt,43887,1269,#k Index:	1.00000000E+0
Figure 3 & 5,20230317,16,detect_data,Figure 3 & 5/20230317/Raman/Run 16/Raman-DetectData-Avg01-0147.txt,43880,1269,#k Index:	0.00000000E+0
Figure 3 & 5,20230317,16,detect_data,Figure 3 & 5/20230317/Raman/Run 16/Raman-DetectData-Avg01-0148.txt,43923,1269,#k Index:	1.00000000E+0
Figure 3 & 5,20230317,16,detect_data,Figure 3 & 5/20230317/Raman/Run 16/Raman-DetectData-Avg01-0149.txt,43877,1269,#k Index:	0.00000000E+0
Figure 3 & 5,20230317,16,detect_data,Figure 3 & 5/20230317/Raman/Run 16/Raman-DetectData-Avg01-0150.txt,43902,1269,#k Index:	1.00000000E+0
Figure 3 & 5,20230317,16,detect_data,Figure 3 & 5/20230317/Raman/Run 16/Raman-DetectData-Avg01-0151.txt,43881,1269,#k Index:	0.00000000E+0
Figure 3 & 5,20230317,16,detect_data,Figure 3 & 5/20230317/Raman/Run 16/Raman-DetectData-Avg01-0152.txt,43895,1269,#k Index:	1.00000000E+0
Figure 3 & 5,20230317,16,detect_data,Figure 3 & 5/20230317/Raman/Run 16/Raman-DetectData-Avg01-0153.txt,43853,1269,#k Index:	0.00000000E+0
Figure 3 & 5,20230317,16,detect_data,Figure 3 & 5/20230317/Raman/Run 16/Raman-DetectData-Avg01-0154.txt,43863,1269,#k Index:	1.00000000E+0
Figure 3 & 5,20230317,16,detect_data,Figure 3 & 5/20230317/Raman/Run 16/Raman-DetectData-Avg01-0155.txt,43858,1269,#k Index:	0.00000000E+0
Figure 3 & 5,20230317,16,detect_data,Figure 3 & 5/20230317/Raman/Run 16/Raman-DetectData-Avg01-0156.txt,43895,1269,#k Index:	1.00000000E+0
Figure 3 & 5,20230317,16,detect_data,Figure 3 & 5/20230317/Raman/Run 16/Raman-DetectData-Avg01-0157.txt,43938,1269,#k Index:	0.00000000E+0
Figure 3 & 5,20230317,16,detect_data,Figure 3 & 5/20230317/Raman/Run 16/Raman-DetectData-Avg01-0158.txt,43869,1269,#k Index:	1.00000000E+0
Figure 3 & 5,20230317,16,detect_data,Figure 3 & 5/20230317/Raman/Run 16/Raman-DetectData-Avg01-0159.txt,43878,1269,#k Index:	0.00000000E+0
Figure 3 & 5,20230317,16,detect_data,Figure 3 & 5/20230317/Raman/Run 16/Raman-DetectData-Avg01-0160.txt,43904,1269,#k Index:	1.00000000E+0
Figure 3 & 5,20230317,16,detect_data,Figure 3 & 5/20230317/Raman/Run 16/Raman-DetectData-Avg01-0161.txt,43870,1269,#k Index:	0.00000000E+0
Figure 3 & 5,20230317,16,detect_data,Figure 3 & 5/20230317/Raman/Run 16/Raman-DetectData-Avg01-0162.txt,43904,1269,#k Index:	1.00000000E+0
Figure 3 & 5,20230317,16,detect_data,Figure 3 & 5/20230317/Raman/Run 16/Raman-DetectData-Avg01-0163.txt,43884,1269,#k Index:	0.00000000E+0
Figure 3 & 5,20230317,16,detect_data,Figure 3 & 5/20230317/Raman/Run 16/Raman-DetectData-Avg01-0164.txt,43890,1269,#k Index:	1.00000000E+0
Figure 3 & 5,20230317,16,detect_data,Figure 3 & 5/20230317/Raman/Run 16/Raman-DetectData-Avg01-0165.txt,43879,1269,#k Index:	0.00000000E+0
Figure 3 & 5,20230317,16,detect_data,Figure 3 & 5/20230317/Raman/Run 16/Raman-DetectData-Avg01-0166.txt,43846,1269,#k Index:	1.00000000E+0
Figure 3 & 5,20230317,16,detect_data,Figure 3 & 5/20230317/Raman/Run 16/Raman-DetectData-Avg01-0167.txt,43859,1269,#k Index:	0.00000000E+0
Figure 3 & 5,20230317,16,detect_data,Figure 3 & 5/20230317/Raman/Run 16/Raman-DetectData-Avg01-0168.txt,43911,1269,#k Index:	1.00000000E+0
Figure 3 & 5,20230317,16,detect_data,Figure 3 & 5/20230317/Raman/Run 16/Raman-DetectData-Avg01-0169.txt,43858,1269,#k Index:	0.00000000E+0
Figure 3 & 5,20230317,16,detect_data,Figure 3 & 5/20230317/Raman/Run 16/Raman-DetectData-Avg01-0170.txt,43889,1269,#k Index:	1.00000000E+0
Figure 3 & 5,20230317,16,detect_data,Figure 3 & 5/20230317/Raman/Run 16/Raman-DetectData-Avg01-0171.txt,43866,1269,#k Index:	0.00000000E+0
Figure 3 & 5,20230317,16,detect_data,Figure 3 & 5/20230317/Raman/Run 16/Raman-DetectData-Avg01-0172.txt,43898,1269,#k Index:	1.00000000E+0
Figure 3 & 5,20230317,16,detect_data,Figure 3 & 5/20230317/Raman/Run 16/Raman-DetectData-Avg01-0173.txt,43915,1269,#k Index:	0.00000000E+0
Figure 3 & 5,20230317,16,detect_data,Figure 3 & 5/20230317/Raman/Run 16/Raman-DetectData-Avg01-0174.txt,43882,1269,#k Index:	1.00000000E+0
Figure 3 & 5,20230317,16,detect_data,Figure 3 & 5/20230317/Raman/Run 16/Raman-DetectData-Avg01-0175.txt,43902,1269,#k Index:	0.00000000E+0
Figure 3 & 5,20230317,16,detect_data,Figure 3 & 5/20230317/Raman/Run 16/Raman-DetectData-Avg01-0176.txt,43909,1269,#k Index:	1.00000000E+0
Figure 3 & 5,20230317,16,detect_data,Figure 3 & 5/20230317/Raman/Run 16/Raman-DetectData-Avg01-0177.txt,43904,1269,#k Index:	0.00000000E+0
Figure 3 & 5,20230317,16,detect_data,Figure 3 & 5/20230317/Raman/Run 16/Raman-DetectData-Avg01-0178.txt,43863,1269,#k Index:	1.00000000E+0
Figure 3 & 5,20230317,16,detect_data,Figure 3 & 5/20230317/Raman/Run 16/Raman-DetectData-Avg01-0179.txt,43881,1269,#k Index:	0.00000000E+0
Figure 3 & 5,20230317,16,detect_data,Figure 3 & 5/20230317/Raman/Run 16/Raman-DetectData-Avg01-0180.txt,43889,1269,#k Index:	1.00000000E+0
Figure 3 & 5,20230317,16,detect_data,Figure 3 & 5/20230317/Raman/Run 16/Raman-DetectData-Avg01-0181.txt,43854,1269,#k Index:	0.00000000E+0
Figure 3 & 5,20230317,16,detect_data,Figure 3 & 5/20230317/Raman/Run 16/Raman-DetectData-Avg01-0182.txt,43862,1269,#k Index:	1.00000000E+0
Figure 3 & 5,20230317,16,detect_data,Figure 3 & 5/20230317/Raman/Run 16/Raman-DetectData-Avg01-0183.txt,43868,1269,#k Index:	0.00000000E+0
Figure 3 & 5,20230317,16,detect_data,Figure 3 & 5/20230317/Raman/Run 16/Raman-DetectData-Avg01-0184.txt,43845,1269,#k Index:	1.00000000E+0
Figure 3 & 5,20230317,16,detect_data,Figure 3 & 5/20230317/Raman/Run 16/Raman-DetectData-Avg01-0185.txt,43904,1269,#k Index:	0.00000000E+0
Figure 3 & 5,20230317,16,detect_data,Figure 3 & 5/20230317/Raman/Run 16/Raman-DetectData-Avg01-0186.txt,43892,1269,#k Index:	1.00000000E+0
Figure 3 & 5,20230317,16,detect_data,Figure 3 & 5/20230317/Raman/Run 16/Raman-DetectData-Avg01-0187.txt,43866,1269,#k Index:	0.00000000E+0
Figure 3 & 5,20230317,16,detect_data,Figure 3 & 5/20230317/Raman/Run 16/Raman-DetectData-Avg01-0188.txt,43889,1269,#k Index:	1.00000000E+0
Figure 3 & 5,20230317,16,detect_data,Figure 3 & 5/20230317/Raman/Run 16/Raman-DetectData-Avg01-0189.txt,43889,1269,#k Index:	0.00000000E+0
Figure 3 & 5,20230317,16,detect_data,Figure 3 & 5/20230317/Raman/Run 16/Raman-DetectData-Avg01-0190.txt,43882,1269,#k Index:	1.00000000E+0
Figure 3 & 5,20230317,16,detect_data,Figure 3 & 5/20230317/Raman/Run 16/Raman-DetectData-Avg01-0191.txt,43921,1269,#k Index:	0.00000000E+0
Figure 3 & 5,20230317,16,detect_data,Figure 3 & 5/20230317/Raman/Run 16/Raman-DetectData-Avg01-0192.txt,43895,1269,#k Index:	1.00000000E+0
Figure 3 & 5,20230317,16,detect_data,Figure 3 & 5/20230317/Raman/Run 16/Raman-DetectData-Avg01-0193.txt,43868,1269,#k Index:	0.00000000E+0
Figure 3 & 5,20230317,16,detect_data,Figure 3 & 5/20230317/Raman/Run 16/Raman-DetectData-Avg01-0194.txt,43860,1269,#k Index:	1.00000000E+0
Figure 3 & 5,20230317,16,detect_data,Figure 3 & 5/20230317/Raman/Run 16/Raman-DetectData-Avg01-0195.txt,43857,1269,#k Index:	0.00000000E+0
Figure 3 & 5,20230317,16,detect_data,Figure 3 & 5/20230317/Raman/Run 16/Raman-DetectData-Avg01-0196.txt,43886,1269,#k Index:	1.00000000E+0
Figure 3 & 5,20230317,16,detect_data,Figure 3 & 5/20230317/Raman/Run 16/Raman-DetectData-Avg01-0197.txt,43863,1269,#k Index:	0.00000000E+0
Figure 3 & 5,20230317,16,detect_data,Figure 3 & 5/20230317/Raman/Run 16/Raman-DetectData-Avg01-0198.txt,43879,1269,#k Index:	1.00000000E+0
Figure 3 & 5,20230317,16,detect_data,Figure 3 & 5/20230317/Raman/Run 16/Raman-DetectData-Avg01-0199.txt,43894,1269,#k Index:	0.00000000E+0
Figure 3 & 5,20230317,16,detect_data,Figure 3 & 5/20230317/Raman/Run 16/Raman-DetectData-Avg01-0200.txt,43886,1269,#k Index:	1.00000000E+0
Figure 3 & 5,20230317,16,detect_data,Figure 3 & 5/20230317/Raman/Run 16/Raman-DetectData-Avg01-0201.txt,43893,1269,#k Index:	0.00000000E+0
Figure 3 & 5,20230317,16,detect_data,Figure 3 & 5/20230317/Raman/Run 16/Raman-DetectData-Avg01-0202.txt,43875,1269,#k Index:	1.00000000E+0
Figure 3 & 5,20230317,16,detect_data,Figure 3 & 5/20230317/Raman/Run 16/Raman-DetectData-Avg01-0203.txt,43851,1269,#k Index:	0.00000000E+0
Figure 3 & 5,20230317,16,detect_data,Figure 3 & 5/20230317/Raman/Run 16/Raman-DetectData-Avg01-0204.txt,43859,1269,#k Index:	1.00000000E+0
Figure 3 & 5,20230317,16,detect_data,Figure 3 & 5/20230317/Raman/Run 16/Raman-DetectData-Avg01-0205.txt,43870,1269,#k Index:	0.00000000E+0
Figure 3 & 5,20230317,16,detect_data,Figure 3 & 5/20230317/Raman/Run 16/Raman-DetectData-Avg01-0206.txt,43882,1269,#k Index:	1.00000000E+0
Figure 3 & 5,20230317,16,detect_data,Figure 3 & 5/20230317/Raman/Run 16/Raman-DetectData-Avg01-0207.txt,43856,1269,#k Index:	0.00000000E+0
Figure 3 & 5,20230317,16,detect_data,Figure 3 & 5/20230317/Raman/Run 16/Raman-DetectData-Avg01-0208.txt,43852,1269,#k Index:	1.00000000E+0
Figure 3 & 5,20230317,16,detect_data,Figure 3 & 5/20230317/Raman/Run 16/Raman-DetectData-Avg01-0209.txt,43843,1269,#k Index:	0.00000000E+0
Figure 3 & 5,20230317,16,detect_data,Figure 3 & 5/20230317/Raman/Run 16/Raman-DetectData-Avg01-0210.txt,43871,1269,#k Index:	1.00000000E+0
Figure 3 & 5,20230317,16,detect_data,Figure 3 & 5/20230317/Raman/Run 16/Raman-DetectData-Avg01-0211.txt,43885,1269,#k Index:	0.00000000E+0
Figure 3 & 5,20230317,16,detect_data,Figure 3 & 5/20230317/Raman/Run 16/Raman-DetectData-Avg01-0212.txt,43858,1269,#k Index:	1.00000000E+0
Figure 3 & 5,20230317,16,detect_data,Figure 3 & 5/20230317/Raman/Run 16/Raman-DetectData-Avg01-0213.txt,43897,1269,#k Index:	0.00000000E+0
Figure 3 & 5,20230317,16,detect_data,Figure 3 & 5/20230317/Raman/Run 16/Raman-DetectData-Avg01-0214.txt,43899,1269,#k Index:	1.00000000E+0
Figure 3 & 5,20230317,16,detect_data,Figure 3 & 5/20230317/Raman/Run 16/Raman-DetectData-Avg01-0215.txt,43835,1269,#k Index:	0.00000000E+0
Figure 3 & 5,20230317,16,detect_data,Figure 3 & 5/20230317/Raman/Run 16/Raman-DetectData-Avg01-0216.txt,43910,1269,#k Index:	1.00000000E+0
Figure 3 & 5,20230317,16,detect_data,Figure 3 & 5/20230317/Raman/Run 16/Raman-DetectData-Avg01-0217.txt,43865,1269,#k Index:	0.00000000E+0
Figure 3 & 5,20230317,16,detect_data,Figure 3 & 5/20230317/Raman/Run 16/Raman-DetectData-Avg01-0218.txt,43844,1269,#k Index:	1.00000000E+0
Figure 3 & 5,20230317,16,detect_data,Figure 3 & 5/20230317/Raman/Run 16/Raman-DetectData-Avg01-0219.txt,43846,1269,#k Index:	0.00000000E+0
Figure 3 & 5,20230317,16,detect_data,Figure 3 & 5/20230317/Raman/Run 16/Raman-DetectData-Avg01-0220.txt,43880,1269,#k Index:	1.00000000E+0
Figure 3 & 5,20230317,16,detect_data,Figure 3 & 5/20230317/Raman/Run 16/Raman-DetectData-Avg01-0221.txt,43896,1269,#k Index:	0.00000000E+0
Figure 3 & 5,20230317,16,detect_data,Figure 3 & 5/20230317/Raman/Run 16/Raman-DetectData-Avg01-0222.txt,43901,1269,#k Index:	1.00000000E+0
Figure 3 & 5,20230317,16,detect_data,Figure 3 & 5/20230317/Raman/Run 16/Raman-DetectData-Avg01-0223.txt,43896,1269,#k Index:	0.00000000E+0
Figure 3 & 5,20230317,16,detect_data,Figure 3 & 5/20230317/Raman/Run 16/Raman-DetectData-Avg01-0224.txt,43890,1269,#k Index:	1.00000000E+0
Figure 3 & 5,20230317,16,detect_data,Figure 3 & 5/20230317/Raman/Run 16/Raman-DetectData-Avg01-0225.txt,43864,1269,#k Index:	0.00000000E+0
Figure 3 & 5,20230317,16,detect_data,Figure 3 & 5/20230317/Raman/Run 16/Raman-DetectData-Avg01-0226.txt,43867,1269,#k Index:	1.00000000E+0
Figure 3 & 5,20230317,16,detect_data,Figure 3 & 5/20230317/Raman/Run 16/Raman-DetectData-Avg01-0227.txt,43897,1269,#k Index:	0.00000000E+0
Figure 3 & 5,20230317,16,detect_data,Figure 3 & 5/20230317/Raman/Run 16/Raman-DetectData-Avg01-0228.txt,43868,1269,#k Index:	1.00000000E+0
Figure 3 & 5,20230317,16,detect_data,Figure 3 & 5/20230317/Raman/Run 16/Raman-DetectData-Avg01-0229.txt,43879,1269,#k Index:	0.00000000E+0
Figure 3 & 5,20230317,16,detect_data,Figure 3 & 5/20230317/Raman/Run 16/Raman-DetectData-Avg01-0230.txt,43886,1269,#k Index:	1.00000000E+0
Figure 3 & 5,20230317,16,detect_data,Figure 3 & 5/20230317/Raman/Run 16/Raman-DetectData-Avg01-0231.txt,43866,1269,#k Index:	0.00000000E+0
Figure 3 & 5,20230317,16,detect_data,Figure 3 & 5/20230317/Raman/Run 16/Raman-DetectData-Avg01-0232.txt,43862,1269,#k Index:	1.00000000E+0
Figure 3 & 5,20230317,16,detect_data,Figure 3 & 5/20230317/Raman/Run 16/Raman-DetectData-Avg01-0233.txt,43871,1269,#k Index:	0.00000000E+0
Figure 3 & 5,20230317,16,detect_data,Figure 3 & 5/20230317/Raman/Run 16/Raman-DetectData-Avg01-0234.txt,43848,1269,#k Index:	1.00000000E+0
Figure 3 & 5,20230317,16,detect_data,Figure 3 & 5/20230317/Raman/Run 16/Raman-DetectData-Avg01-0235.txt,43852,1269,#k Index:	0.00000000E+0
Figure 3 & 5,20230317,16,detect_data,Figure 3 & 5/20230317/Raman/Run 16/Raman-DetectData-Avg01-0236.txt,43865,1269,#k Index:	1.00000000E+0
Figure 3 & 5,20230317,16,detect_data,Figure 3 & 5/20230317/Raman/Run 16/Raman-DetectData-Avg01-0237.txt,43883,1269,#k Index:	0.00000000E+0
Figure 3 & 5,20230317,16,detect_data,Figure 3 & 5/20230317/Raman/Run 16/Raman-DetectData-Avg01-0238.txt,43868,1269,#k Index:	1.00000000E+0
Figure 3 & 5,20230317,16,detect_data,Figure 3 & 5/20230317/Raman/Run 16/Raman-DetectData-Avg01-0239.txt,43863,1269,#k Index:	0.00000000E+0
Figure 3 & 5,20230317,16,detect_data,Figure 3 & 5/20230317/Raman/Run 16/Raman-DetectData-Avg01-0240.txt,43857,1269,#k Index:	1.00000000E+0
Figure 3 & 5,20230317,16,detect_data,Figure 3 & 5/20230317/Raman/Run 16/Raman-DetectData-Avg01-0241.txt,43852,1269,#k Index:	0.00000000E+0
Figure 3 & 5,20230317,16,detect_data,Figure 3 & 5/20230317/Raman/Run 16/Raman-DetectData-Avg01-0242.txt,43839,1269,#k Index:	1.00000000E+0
Figure 3 & 5,20230317,16,avg01_ratios,Figure 3 & 5/20230317/Raman/Run 16/Raman-Run16-Avg01-Ratios-kD.txt,13867,122,#Iteration	Date	Time	Chirp	Phase	RamanAxis	RTPhase	NFringe	Ratio
Figure 3 & 5,20230317,16,avg01_ratios,Figure 3 & 5/20230317/Raman/Run 16/Raman-Run16-Avg01-Ratios-kU.txt,13744,122,#Iteration	Date	Time	Chirp	Phase	RamanAxis	RTPhase	NFringe	Ratio
Figure 3 & 5,20230317,16,avg_ratios,Figure 3 & 5/20230317/Raman/Run 16/Raman-Run16-AvgRatios-kD.txt,12052,122,#Iteration	Date	Time	Chirp	Phase	RamanAxis	RatioMean	RatioStdDev
Figure 3 & 5,20230317,16,avg_ratios,Figure 3 & 5/20230317/Raman/Run 16/Raman-Run16-AvgRatios-kU.txt,12050,122,#Iteration	Date	Time	Chirp	Phase	RamanAxis	RatioMean	RatioStdDev
Figure 3 & 5,20230317,16,rotations_data,Figure 3 & 5/20230317/Raman/Run 16/Raman-Run16-RotationsData.txt,33897,243,#Iteration	Date	Time	STSX	STSY	RotationRateX	RotationRateY	FrCntX	FrCntY	TiptiltCmd1	TiptiltCmd2	TiptiltMonitor1	TiptiltMonitor2
Figure 3 & 5,20230317,16,rt_data,Figure 3 & 5/20230317/Raman/Run 16/Raman-Run16-RTData.txt,24281,243,#Iteration	Date	Time	RTPhase	NFringe	AccelAxis	AccelMean	AccelTemp
Figure 3 & 5,20230317,17,parameters,Figure 3 & 5/20230317/Raman/Run 17/Parameters.txt,1633,60,Software Version: 3.4
Figure 3 & 5,20230317,17,detect_data,Figure 3 & 5/20230317/Raman/Run 17/Raman-DetectData-Avg01-0001.txt,43828,1269,#k Index:	0.00000000E+0
Figure 3 & 5,20230317,17,detect_data,Figure 3 & 5/20230317/Raman/Run 17/Raman-DetectData-Avg01-0002.txt,43889,1269,#k Index:	1.00000000E+0
Figure 3 & 5,20230317,17,detect_data,Figure 3 & 5/20230317/Raman/Run 17/Raman-DetectData-Avg01-0003.txt,43902,1269,#k Index:	0.00000000E+0
Figure 3 & 5,20230317,17,detect_data,Figure 3 & 5/20230317/Raman/Run 17/Raman-DetectData-Avg01-0004.txt,43867,1269,#k Index:	1.00000000E+0
Figure 3 & 5,20230317,17,detect_data,Figure 3 & 5/20230317/Raman/Run 17/Raman-DetectData-Avg01-0005.txt,43845,1269,#k Index:	0.00000000E+0
Figure 3 & 5,20230317,17,detect_data,Figure 3 & 5/20230317/Raman/Run 17/Raman-DetectData-Avg01-0006.txt,43846,1269,#k Index:	1.00000000E+0
Figure 3 & 5,20230317,17,detect_data,Figure 3 & 5/20230317/Raman/Run 17/Raman-DetectData-Avg01-0007.txt,43857,1269,#k Index:	0.00000000E+0
Figure 3 & 5,20230317,17,detect_data,Figure 3 & 5/20230317/Raman/Run 17/Raman-DetectData-Avg01-0008.txt,43853,1269,#k Index:	1.00000000E+0
Figure 3 & 5,20230317,17,detect_data,Figure 3 & 5/20230317/Raman/Run 17/Raman-DetectData-Avg01-0009.txt,43895,1269,#k Index:	0.00000000E+0
Figure 3 & 5,20230317,17,detect_data,Figure 3 & 5/20230317/Raman/Run 17/Raman-DetectData-Avg01-0010.txt,43932,1269,#k Index:	1.00000000E+0
Figure 3 & 5,20230317,17,detect_data,Figure 3 & 5/20230317/Raman/Run 17/Raman-DetectData-Avg01-0011.txt,43854,1269,#k Index:	0.00000000E+0
Figure 3 & 5,20230317,17,detect_data,Figure 3 & 5/20230317/Raman/Run 17/Raman-DetectData-Avg01-0012.txt,43878,1269,#k Index:	1.00000000E+0
Figure 3 & 5,20230317,17,detect_data,Figure 3 & 5/20230317/Raman/Run 17/Raman-DetectData-Avg01-0013.txt,43885,1269,#k Index:	0.00000000E+0
Figure 3 & 5,20230317,17,detect_data,Figure 3 & 5/20230317/Raman/Run 17/Raman-DetectData-Avg01-0014.txt,43902,1269,#k Index:	1.00000000E+0
Figure 3 & 5,20230317,17,detect_data,Figure 3 & 5/20230317/Raman/Run 17/Raman-DetectData-Avg01-0015.txt,43876,1269,#k Index:	0.00000000E+0
Figure 3 & 5,20230317,17,detect_data,Figure 3 & 5/20230317/Raman/Run 17/Raman-DetectData-Avg01-0016.txt,43882,1269,#k Index:	1.00000000E+0
Figure 3 & 5,20230317,17,detect_data,Figure 3 & 5/20230317/Raman/Run 17/Raman-DetectData-Avg01-0017.txt,43881,1269,#k Index:	0.00000000E+0
Figure 3 & 5,20230317,17,detect_data,Figure 3 & 5/20230317/Raman/Run 17/Raman-DetectData-Avg01-0018.txt,43887,1269,#k Index:	1.00000000E+0
Figure 3 & 5,20230317,17,detect_data,Figure 3 & 5/20230317/Raman/Run 17/Raman-DetectData-Avg01-0019.txt,43876,1269,#k Index:	0.00000000E+0
Figure 3 & 5,20230317,17,detect_data,Figure 3 & 5/20230317/Raman/Run 17/Raman-DetectData-Avg01-0020.txt,43864,1269,#k Index:	1.00000000E+0
Figure 3 & 5,20230317,17,detect_data,Figure 3 & 5/20230317/Raman/Run 17/Raman-DetectData-Avg01-0021.txt,43890,1269,#k Index:	0.00000000E+0
Figure 3 & 5,20230317,17,detect_data,Figure 3 & 5/20230317/Raman/Run 17/Raman-DetectData-Avg01-0022.txt,43888,1269,#k Index:	1.00000000E+0
Figure 3 & 5,20230317,17,detect_data,Figure 3 & 5/20230317/Raman/Run 17/Raman-DetectData-Avg01-0023.txt,43872,1269,#k Index:	0.00000000E+0
Figure 3 & 5,20230317,17,detect_data,Figure 3 & 5/20230317/Raman/Run 17/Raman-DetectData-Avg01-0024.txt,43887,1269,#k Index:	1.00000000E+0
Figure 3 & 5,20230317,17,detect_data,Figure 3 & 5/20230317/Raman/Run 17/Raman-DetectData-Avg01-0025.txt,43858,1269,#k Index:	0.00000000E+0
Figure 3 & 5,20230317,17,detect_data,Figure 3 & 5/20230317/Raman/Run 17/Raman-DetectData-Avg01-0026.txt,43895,1269,#k Index:	1.00000000E+0
Figure 3 & 5,20230317,17,detect_data,Figure 3 & 5/20230317/Raman/Run 17/Raman-DetectData-Avg01-0027.txt,43887,1269,#k Index:	0.00000000E+0
Figure 3 & 5,20230317,17,detect_data,Figure 3 & 5/20230317/Raman/Run 17/Raman-DetectData-Avg01-0028.txt,43869,1269,#k Index:	1.00000000E+0
Figure 3 & 5,20230317,17,detect_data,Figure 3 & 5/20230317/Raman/Run 17/Raman-DetectData-Avg01-0029.txt,43889,1269,#k Index:	0.00000000E+0
Figure 3 & 5,20230317,17,detect_data,Figure 3 & 5/20230317/Raman/Run 17/Raman-DetectData-Avg01-0030.txt,43867,1269,#k Index:	1.00000000E+0
Figure 3 & 5,20230317,17,detect_data,Figure 3 & 5/20230317/Raman/Run 17/Raman-DetectData-Avg01-0031.txt,43851,1269,#k Index:	0.00000000E+0
Figure 3 & 5,20230317,17,detect_data,Figure 3 & 5/20230317/Raman/Run 17/Raman-DetectData-Avg01-0032.txt,43913,1269,#k Index:	1.00000000E+0
Figure 3 & 5,20230317,17,detect_data,Figure 3 & 5/20230317/Raman/Run 17/Raman-DetectData-Avg01-0033.txt,43894,1269,#k Index:	0.00000000E+0
Figure 3 & 5,20230317,17,detect_data,Figure 3 & 5/20230317/Raman/Run 17/Raman-DetectData-Avg01-0034.txt,43877,1269,#k Index:	1.00000000E+0
Figure 3 & 5,20230317,17,detect_data,Figure 3 & 5/20230317/Raman/Run 17/Raman-DetectData-Avg01-0035.txt,43886,1269,#k Index:	0.00000000E+0
Figure 3 & 5,20230317,17,detect_data,Figure 3 & 5/20230317/Raman/Run 17/Raman-DetectData-Avg01-0036.txt,43879,1269,#k Index:	1.00000000E+0
Figure 3 & 5,20230317,17,detect_data,Figure 3 & 5/20230317/Raman/Run 17/Raman-DetectData-Avg01-0037.txt,43857,1269,#k Index:	0.00000000E+0
Figure 3 & 5,20230317,17,detect_data,Figure 3 & 5/20230317/Raman/Run 17/Raman-DetectData-Avg01-0038.txt,43846,1269,#k Index:	1.00000000E+0
Figure 3 & 5,20230317,17,detect_data,Figure 3 & 5/20230317/Raman/Run 17/Raman-DetectData-Avg01-0039.txt,43904,1269,#k Index:	0.00000000E+0
Figure 3 & 5,20230317,17,detect_data,Figure 3 & 5/20230317/Raman/Run 17/Raman-DetectData-Avg01-0040.txt,43903,1269,#k Index:	1.00000000E+0
Figure 3 & 5,20230317,17,detect_data,Figure 3 & 5/20230317/Raman/Run 17/Raman-DetectData-Avg01-0041.txt,43863,1269,#k Index:	0.00000000E+0
Figure 3 & 5,20230317,17,detect_data,Figure 3 & 5/20230317/Raman/Run 17/Raman-DetectData-Avg01-0042.txt,43858,1269,#k Index:	1.00000000E+0
Figure 3 & 5,20230317,17,detect_data,Figure 3 & 5/20230317/Raman/Run 17/Raman-DetectData-Avg01-0043.txt,43884,1269,#k Index:	0.00000000E+0
Figure 3 & 5,20230317,17,detect_data,Figure 3 & 5/20230317/Raman/Run 17/Raman-DetectData-Avg01-0044.txt,43884,1269,#k Index:	1.00000000E+0
Figure 3 & 5,20230317,17,detect_data,Figure 3 & 5/20230317/Raman/Run 17/Raman-DetectData-Avg01-0045.txt,43882,1269,#k Index:	0.00000000E+0
Figure 3 & 5,20230317,17,detect_data,Figure 3 & 5/20230317/Raman/Run 17/Raman-DetectData-Avg01-0046.txt,43971,1269,#k Index:	1.00000000E+0
Figure 3 & 5,20230317,17,detect_data,Figure 3 & 5/20230317/Raman/Run 17/Raman-DetectData-Avg01-0047.txt,43882,1269,#k Index:	0.00000000E+0
Figure 3 & 5,20230317,17,detect_data,Figure 3 & 5/20230317/Raman/Run 17/Raman-DetectData-Avg01-0048.txt,43860,1269,#k Index:	1.00000000E+0
Figure 3 & 5,20230317,17,detect_data,Figure 3 & 5/20230317/Raman/Run 17/Raman-DetectData-Avg01-0049.txt,43851,1269,#k Index:	0.00000000E+0
Figure 3 & 5,20230317,17,detect_data,Figure 3 & 5/20230317/Raman/Run 17/Raman-DetectData-Avg01-0050.txt,43908,1269,#k Index:	1.00000000E+0
Figure 3 & 5,20230317,17,detect_data,Figure 3 & 5/20230317/Raman/Run 17/Raman-DetectData-Avg01-0051.txt,43901,1269,#k Index:	0.00000000E+0
Figure 3 & 5,20230317,17,detect_data,Figure 3 & 5/20230317/Raman/Run 17/Raman-DetectData-Avg01-0052.txt,43856,1269,#k Index:	1.00000000E+0
Figure 3 & 5,20230317,17,detect_data,Figure 3 & 5/20230317/Raman/Run 17/Raman-DetectData-Avg01-0053.txt,43859,1269,#k Index:	0.00000000E+0
Figure 3 & 5,20230317,17,detect_data,Figure 3 & 5/20230317/Raman/Run 17/Raman-DetectData-Avg01-0054.txt,43866,1269,#k Index:	1.00000000E+0
Figure 3 & 5,20230317,17,detect_data,Figure 3 & 5/20230317/Raman/Run 17/Raman-DetectData-Avg01-0055.txt,43868,1269,#k Index:	0.00000000E+0
Figure 3 & 5,20230317,17,detect_data,Figure 3 & 5/20230317/Raman/Run 17/Raman-DetectData-Avg01-0056.txt,43872,1269,#k Index:	1.00000000E+0
Figure 3 & 5,20230317,17,detect_data,Figure 3 & 5/20230317/Raman/Run 17/Raman-DetectData-Avg01-0057.txt,43904,1269,#k Index:	0.00000000E+0
Figure 3 & 5,20230317,17,detect_data,Figure 3 & 5/20230317/Raman/Run 17/Raman-DetectData-Avg01-0058.txt,43892,1269,#k Index:	1.00000000E+0
Figure 3 & 5,20230317,17,detect_data,Figure 3 & 5/20230317/Raman/Run 17/Raman-DetectData-Avg01-0059.txt,43882,1269,#k Index:	0.00000000E+0
Figure 3 & 5,20230317,17,detect_data,Figure 3 & 5/20230317/Raman/Run 17/Raman-DetectData-Avg01-0060.txt,43869,1269,#k Index:	1.00000000E+0
Figure 3 & 5,20230317,17,detect_data,Figure 3 & 5/20230317/Raman/Run 17/Raman-DetectData-Avg01-0061.txt,43896,1269,#k Index:	0.00000000E+0
Figure 3 & 5,20230317,17,detect_data,Figure 3 & 5/20230317/Raman/Run 17/Raman-DetectData-Avg01-0062.txt,43879,1269,#k Index:	1.00000000E+0
Figure 3 & 5,20230317,17,detect_data,Figure 3 & 5/20230317/Raman/Run 17/Raman-DetectData-Avg01-0063.txt,43836,1269,#k Index:	0.00000000E+0
Figure 3 & 5,20230317,17,detect_data,Figure 3 & 5/20230317/Raman/Run 17/Raman-DetectData-Avg01-0064.txt,43891,1269,#k Index:	1.00000000E+0
Figure 3 & 5,20230317,17,detect_data,Figure 3 & 5/20230317/Raman/Run 17/Raman-DetectData-Avg01-0065.txt,43881,1269,#k Index:	0.00000000E+0
Figure 3 & 5,20230317,17,detect_data,Figure 3 & 5/20230317/Raman/Run 17/Raman-DetectData-Avg01-0066.txt,43887,1269,#k Index:	1.00000000E+0
Figure 3 & 5,20230317,17,detect_data,Figure 3 & 5/20230317/Raman/Run 17/Raman-DetectData-Avg01-0067.txt,43881,1269,#k Index:	0.00000000E+0
Figure 3 & 5,20230317,17,detect_data,Figure 3 & 5/20230317/Raman/Run 17/Raman-DetectData-Avg01-0068.txt,43877,1269,#k Index:	1.00000000E+0
Figure 3 & 5,20230317,17,detect_data,Figure 3 & 5/20230317/Raman/Run 17/Raman-DetectData-Avg01-0069.txt,43866,1269,#k Index:	0.00000000E+0
Figure 3 & 5,20230317,17,detect_data,Figure 3 & 5/20230317/Raman/Run 17/Raman-DetectData-Avg01-0070.txt,43852,1269,#k Index:	1.00000000E+0
Figure 3 & 5,20230317,17,detect_data,Figure 3 & 5/20230317/Raman/Run 17/Raman-DetectData-Avg01-0071.txt,43873,1269,#k Index:	0.00000000E+0
Figure 3 & 5,20230317,17,detect_data,Figure 3 & 5/20230317/Raman/Run 17/Raman-DetectData-Avg01-0072.txt,43873,1269,#k Index:	1.00000000E+0
Figure 3 & 5,20230317,17,detect_data,Figure 3 & 5/20230317/Raman/Run 17/Raman-DetectData-Avg01-0073.txt,43860,1269,#k Index:	0.00000000E+0
Figure 3 & 5,20230317,17,detect_data,Figure 3 & 5/20230317/Raman/Run 17/Raman-DetectData-Avg01-0074.txt,43877,1269,#k Index:	1.00000000E+0
Figure 3 & 5,20230317,17,detect_data,Figure 3 & 5/20230317/Raman/Run 17/Raman-DetectData-Avg01-0075.txt,43871,1269,#k Index:	0.00000000E+0
Figure 3 & 5,20230317,17,detect_data,Figure 3 & 5/20230317/Raman/Run 17/Raman-DetectData-Avg01-0076.txt,43862,1269,#k Index:	1.00000000E+0
Figure 3 & 5,20230317,17,detect_data,Figure 3 & 5/20230317/Raman/Run 17/Raman-DetectData-Avg01-0077.txt,43856,1269,#k Index:	0.00000000E+0
Figure 3 & 5,20230317,17,detect_data,Figure 3 & 5/20230317/Raman/Run 17/Raman-DetectData-Avg01-0078.txt,43891,1269,#k Index:	1.00000000E+0
Figure 3 & 5,20230317,17,detect_data,Figure 3 & 5/20230317/Raman/Run 17/Raman-DetectData-Avg01-0079.txt,43908,1269,#k Index:	0.00000000E+0
Figure 3 & 5,20230317,17,detect_data,Figure 3 & 5/20230317/Raman/Run 17/Raman-DetectData-Avg01-0080.txt,43888,1269,#k Index:	1.00000000E+0
Figure 3 & 5,20230317,17,detect_data,Figure 3 & 5/20230317/Raman/Run 17/Raman-DetectData-Avg01-0081.txt,43867,1269,#k Index:	0.00000000E+0
Figure 3 & 5,20230317,17,detect_data,Figure 3 & 5/20230317/Raman/Run 17/Raman-DetectData-Avg01-0082.txt,43927,1269,#k Index:	1.00000000E+0
Figure 3 & 5,20230317,17,detect_data,Figure 3 & 5/20230317/Raman/Run 17/Raman-DetectData-Avg01-0083.txt,43900,1269,#k Index:	0.00000000E+0
Figure 3 & 5,20230317,17,detect_data,Figure 3 & 5/20230317/Raman/Run 17/Raman-DetectData-Avg01-0084.txt,43899,1269,#k Index:	1.00000000E+0
Figure 3 & 5,20230317,17,detect_data,Figure 3 & 5/20230317/Raman/Run 17/Raman-DetectData-Avg01-0085.txt,43923,1269,#k Index:	0.00000000E+0
Figure 3 & 5,20230317,17,detect_data,Figure 3 & 5/20230317/Raman/Run 17/Raman-DetectData-Avg01-0086.txt,43932,1269,#k Index:	1.00000000E+0
Figure 3 & 5,20230317,17,detect_data,Figure 3 & 5/20230317/Raman/Run 17/Raman-DetectData-Avg01-0087.txt,43903,1269,#k Index:	0.00000000E+0
Figure 3 & 5,20230317,17,detect_data,Figure 3 & 5/20230317/Raman/Run 17/Raman-DetectData-Avg01-0088.txt,43898,1269,#k Index:	1.00000000E+0
Figure 3 & 5,20230317,17,detect_data,Figure 3 & 5/20230317/Raman/Run 17/Raman-DetectData-Avg01-0089.txt,43894,1269,#k Index:	0.00000000E+0
Figure 3 & 5,20230317,17,detect_data,Figure 3 & 5/20230317/Raman/Run 17/Raman-DetectData-Avg01-0090.txt,43922,1269,#k Index:	1.00000000E+0
Figure 3 & 5,20230317,17,detect_data,Figure 3 & 5/20230317/Raman/Run 17/Raman-DetectData-Avg01-0091.txt,43878,1269,#k Index:	0.00000000E+0
Figure 3 & 5,20230317,17,detect_data,Figure 3 & 5/20230317/Raman/Run 17/Raman-DetectData-Avg01-0092.txt,43824,1269,#k Index:	1.00000000E+0
Figure 3 & 5,20230317,17,detect_data,Figure 3 & 5/20230317/Raman/Run 17/Raman-DetectData-Avg01-0093.txt,43872,1269,#k Index:	0.00000000E+0
Figure 3 & 5,20230317,17,detect_data,Figure 3 & 5/20230317/Raman/Run 17/Raman-DetectData-Avg01-0094.txt,43886,1269,#k Index:	1.00000000E+0
Figure 3 & 5,20230317,17,detect_data,Figure 3 & 5/20230317/Raman/Run 17/Raman-DetectData-Avg01-0095.txt,43884,1269,#k Index:	0.00000000E+0
Figure 3 & 5,20230317,17,detect_data,Figure 3 & 5/20230317/Raman/Run 17/Raman-DetectData-Avg01-0096.txt,43875,1269,#k Index:	1.00000000E+0
Figure 3 & 5,20230317,17,detect_data,Figure 3 & 5/20230317/Raman/Run 17/Raman-DetectData-Avg01-0097.txt,43928,1269,#k Index:	0.00000000E+0
Figure 3 & 5,20230317,17,detect_data,Figure 3 & 5/20230317/Raman/Run 17/Raman-DetectData-Avg01-0098.txt,43937,1269,#k Index:	1.00000000E+0
Figure 3 & 5,20230317,17,detect_data,Figure 3 & 5/20230317/Raman/Run 17/Raman-DetectData-Avg01-0099.txt,43860,1269,#k Index:	0.00000000E+0
Figure 3 & 5,20230317,17,detect_data,Figure 3 & 5/20230317/Raman/Run 17/Raman-DetectData-Avg01-0100.txt,43905,1269,#k Index:	1.00000000E+0
Figure 3 & 5,20230317,17,detect_data,Figure 3 & 5/20230317/Raman/Run 17/Raman-DetectData-Avg01-0101.txt,43905,1269,#k Index:	0.00000000E+0
Figure 3 & 5,20230317,17,detect_data,Figure 3 & 5/20230317/Raman/Run 17/Raman-DetectData-Avg01-0102.txt,43865,1269,#k Index:	1.00000000E+0
Figure 3 & 5,20230317,17,detect_data,Figure 3 & 5/20230317/Raman/Run 17/Raman-DetectData-Avg01-0103.txt,43869,1269,#k Index:	0.00000000E+0
Figure 3 & 5,20230317,17,detect_data,Figure 3 & 5/20230317/Raman/Run 17/Raman-DetectData-Avg01-0104.txt,43893,1269,#k Index:	1.00000000E+0
Figure 3 & 5,20230317,17,detect_data,Figure 3 & 5/20230317/Raman/Run 17/Raman-DetectData-Avg01-0105.txt,43867,1269,#k Index:	0.00000000E+0
Figure 3 & 5,20230317,17,detect_data,Figure 3 & 5/20230317/Raman/Run 17/Raman-DetectData-Avg01-0106.txt,43858,1269,#k Index:	1.00000000E+0
Figure 3 & 5,20230317,17,detect_data,Figure 3 & 5/20230317/Raman/Run 17/Raman-DetectData-Avg01-0107.txt,43858,1269,#k Index:	0.00000000E+0
Figure 3 & 5,20230317,17,detect_data,Figure 3 & 5/20230317/Raman/Run 17/Raman-DetectData-Avg01-0108.txt,43877,1269,#k Index:	1.00000000E+0
Figure 3 & 5,20230317,17,detect_data,Figure 3 & 5/20230317/Raman/Run 17/Raman-DetectData-Avg01-0109.txt,43891,1269,#k Index:	0.00000000E+0
Figure 3 & 5,20230317,17,detect_data,Figure 3 & 5/20230317/Raman/Run 17/Raman-DetectData-Avg01-0110.txt,43840,1269,#k Index:	1.00000000E+0
Figure 3 & 5,20230317,17,detect_data,Figure 3 & 5/20230317/Raman/Run 17/Raman-DetectData-Avg01-0111.txt,43854,1269,#k Index:	0.00000000E+0
Figure 3 & 5,20230317,17,detect_data,Figure 3 & 5/20230317/Raman/Run 17/Raman-DetectData-Avg01-0112.txt,43894,1269,#k Index:	1.00000000E+0
Figure 3 & 5,20230317,17,detect_data,Figure 3 & 5/20230317/Raman/Run 17/Raman-DetectData-Avg01-0113.txt,43857,1269,#k Index:	0.00000000E+0
Figure 3 & 5,20230317,17,detect_data,Figure 3 & 5/20230317/Raman/Run 17/Raman-DetectData-Avg01-0114.txt,43857,1269,#k Index:	1.00000000E+0
Figure 3 & 5,20230317,17,detect_data,Figure 3 & 5/20230317/Raman/Run 17/Raman-DetectData-Avg01-0115.txt,43853,1269,#k Index:	0.00000000E+0
Figure 3 & 5,20230317,17,detect_data,Figure 3 & 5/20230317/Raman/Run 17/Raman-DetectData-Avg01-0116.txt,43872,1269,#k Index:	1.00000000E+0
Figure 3 & 5,20230317,17,detect_data,Figure 3 & 5/20230317/Raman/Run 17/Raman-DetectData-Avg01-0117.txt,43885,1269,#k Index:	0.00000000E+0
Figure 3 & 5,20230317,17,detect_data,Figure 3 & 5/20230317/Raman/Run 17/Raman-DetectData-Avg01-0118.txt,43844,1269,#k Index:	1.00000000E+0
Figure 3 & 5,20230317,17,detect_data,Figure 3 & 5/20230317/Raman/Run 17/Raman-DetectData-Avg01-0119.txt,43845,1269,#k Index:	0.00000000E+0
Figure 3 & 5,20230317,17,detect_data,Figure 3 & 5/20230317/Raman/Run 17/Raman-DetectData-Avg01-0120.txt,43919,1269,#k Index:	1.00000000E+0
Figure 3 & 5,20230317,17,detect_data,Figure 3 & 5/20230317/Raman/Run 17/Raman-DetectData-Avg01-0121.txt,43886,1269,#k Index:	0.00000000E+0
Figure 3 & 5,20230317,17,detect_data,Figure 3 & 5/20230317/Raman/Run 17/Raman-DetectData-Avg01-0122.txt,43881,1269,#k Index:	1.00000000E+0
Figure 3 & 5,20230317,17,detect_data,Figure 3 & 5/20230317/Raman/Run 17/Raman-DetectData-Avg01-0123.txt,43858,1269,#k Index:	0.00000000E+0
Figure 3 & 5,20230317,17,detect_data,Figure 3 & 5/20230317/Raman/Run 17/Raman-DetectData-Avg01-0124.txt,43900,1269,#k Index:	1.00000000E+0
Figure 3 & 5,20230317,17,detect_data,Figure 3 & 5/20230317/Raman/Run 17/Raman-DetectData-Avg01-0125.txt,43891,1269,#k Index:	0.00000000E+0
Figure 3 & 5,20230317,17,detect_data,Figure 3 & 5/20230317/Raman/Run 17/Raman-DetectData-Avg01-0126.txt,43878,1269,#k Index:	1.00000000E+0
Figure 3 & 5,20230317,17,detect_data,Figure 3 & 5/20230317/Raman/Run 17/Raman-DetectData-Avg01-0127.txt,43900,1269,#k Index:	0.00000000E+0
Figure 3 & 5,20230317,17,detect_data,Figure 3 & 5/20230317/Raman/Run 17/Raman-DetectData-Avg01-0128.txt,43906,1269,#k Index:	1.00000000E+0
Figure 3 & 5,20230317,17,detect_data,Figure 3 & 5/20230317/Raman/Run 17/Raman-DetectData-Avg01-0129.txt,43864,1269,#k Index:	0.00000000E+0
Figure 3 & 5,20230317,17,detect_data,Figure 3 & 5/20230317/Raman/Run 17/Raman-DetectData-Avg01-0130.txt,43944,1269,#k Index:	1.00000000E+0
Figure 3 & 5,20230317,17,detect_data,Figure 3 & 5/20230317/Raman/Run 17/Raman-DetectData-Avg01-0131.txt,43890,1269,#k Index:	0.00000000E+0
Figure 3 & 5,20230317,17,detect_data,Figure 3 & 5/20230317/Raman/Run 17/Raman-DetectData-Avg01-0132.txt,43885,1269,#k Index:	1.00000000E+0
Figure 3 & 5,20230317,17,detect_data,Figure 3 & 5/20230317/Raman/Run 17/Raman-DetectData-Avg01-0133.txt,43878,1269,#k Index:	0.00000000E+0
Figure 3 & 5,20230317,17,detect_data,Figure 3 & 5/20230317/Raman/Run 17/Raman-DetectData-Avg01-0134.txt,43896,1269,#k Index:	1.00000000E+0
Figure 3 & 5,20230317,17,detect_data,Figure 3 & 5/20230317/Raman/Run 17/Raman-DetectData-Avg01-0135.txt,43889,1269,#k Index:	0.00000000E+0
Figure 3 & 5,20230317,17,detect_data,Figure 3 & 5/20230317/Raman/Run 17/Raman-DetectData-Avg01-0136.txt,43975,1269,#k Index:	1.00000000E+0
Figure 3 & 5,20230317,17,detect_data,Figure 3 & 5/20230317/Raman/Run 17/Raman-DetectData-Avg01-0137.txt,43902,1269,#k Index:	0.00000000E+0
Figure 3 & 5,20230317,17,detect_data,Figure 3 & 5/20230317/Raman/Run 17/Raman-DetectData-Avg01-0138.txt,43885,1269,#k Index:	1.00000000E+0
Figure 3 & 5,20230317,17,detect_data,Figure 3 & 5/20230317/Raman/Run 17/Raman-DetectData-Avg01-0139.txt,43925,1269,#k Index:	0.00000000E+0
Figure 3 & 5,20230317,17,detect_data,Figure 3 & 5/20230317/Raman/Run 17/Raman-DetectData-Avg01-0140.txt,43949,1269,#k Index:	1.00000000E+0
Figure 3 & 5,20230317,17,detect_data,Figure 3 & 5/20230317/Raman/Run 17/Raman-DetectData-Avg01-0141.txt,43908,1269,#k Index:	0.00000000E+0
Figure 3 & 5,20230317,17,detect_data,Figure 3 & 5/20230317/Raman/Run 17/Raman-DetectData-Avg01-0142.txt,43926,1269,#k Index:	1.00000000E+0
Figure 3 & 5,20230317,17,detect_data,Figure 3 & 5/20230317/Raman/Run 17/Raman-DetectData-Avg01-0143.txt,43894,1269,#k Index:	0.00000000E+0
Figure 3 & 5,20230317,17,detect_data,Figure 3 & 5/20230317/Raman/Run 17/Raman-DetectData-Avg01-0144.txt,43882,1269,#k Index:	1.00000000E+0
Figure 3 & 5,20230317,17,detect_data,Figure 3 & 5/20230317/Raman/Run 17/Raman-DetectData-Avg01-0145.txt,43885,1269,#k Index:	0.00000000E+0
Figure 3 & 5,20230317,17,detect_data,Figure 3 & 5/20230317/Raman/Run 17/Raman-DetectData-Avg01-0146.txt,43889,1269,#k Index:	1.00000000E+0
Figure 3 & 5,20230317,17,detect_data,Figure 3 & 5/20230317/Raman/Run 17/Raman-DetectData-Avg01-0147.txt,43872,1269,#k Index:	0.00000000E+0
Figure 3 & 5,20230317,17,detect_data,Figure 3 & 5/20230317/Raman/Run 17/Raman-DetectData-Avg01-0148.txt,43876,1269,#k Index:	1.00000000E+0
Figure 3 & 5,20230317,17,detect_data,Figure 3 & 5/20230317/Raman/Run 17/Raman-DetectData-Avg01-0149.txt,43893,1269,#k Index:	0.00000000E+0
Figure 3 & 5,20230317,17,detect_data,Figure 3 & 5/20230317/Raman/Run 17/Raman-DetectData-Avg01-0150.txt,43916,1269,#k Index:	1.00000000E+0
Figure 3 & 5,20230317,17,detect_data,Figure 3 & 5/20230317/Raman/Run 17/Raman-DetectData-Avg01-0151.txt,43907,1269,#k Index:	0.00000000E+0
Figure 3 & 5,20230317,17,detect_data,Figure 3 & 5/20230317/Raman/Run 17/Raman-DetectData-Avg01-0152.txt,43901,1269,#k Index:	1.00000000E+0
Figure 3 & 5,20230317,17,detect_data,Figure 3 & 5/20230317/Raman/Run 17/Raman-DetectData-Avg01-0153.txt,43891,1269,#k Index:	0.00000000E+0
Figure 3 & 5,20230317,17,detect_data,Figure 3 & 5/20230317/Raman/Run 17/Raman-DetectData-Avg01-0154.txt,43895,1269,#k Index:	1.00000000E+0
Figure 3 & 5,20230317,17,detect_data,Figure 3 & 5/20230317/Raman/Run 17/Raman-DetectData-Avg01-0155.txt,43856,1269,#k Index:	0.00000000E+0
Figure 3 & 5,20230317,17,detect_data,Figure 3 & 5/20230317/Raman/Run 17/Raman-DetectData-Avg01-0156.txt,43895,1269,#k Index:	1.00000000E+0
Figure 3 & 5,20230317,17,detect_data,Figure 3 & 5/20230317/Raman/Run 17/Raman-DetectData-Avg01-0157.txt,43911,1269,#k Index:	0.00000000E+0
Figure 3 & 5,20230317,17,detect_data,Figure 3 & 5/20230317/Raman/Run 17/Raman-DetectData-Avg01-0158.txt,43925,1269,#k Index:	1.00000000E+0
Figure 3 & 5,20230317,17,detect_data,Figure 3 & 5/20230317/Raman/Run 17/Raman-DetectData-Avg01-0159.txt,43913,1269,#k Index:	0.00000000E+0
Figure 3 & 5,20230317,17,detect_data,Figure 3 & 5/20230317/Raman/Run 17/Raman-DetectData-Avg01-0160.txt,43907,1269,#k Index:	1.00000000E+0
Figure 3 & 5,20230317,17,detect_data,Figure 3 & 5/20230317/Raman/Run 17/Raman-DetectData-Avg01-0161.txt,43868,1269,#k Index:	0.00000000E+0
Figure 3 & 5,20230317,17,detect_data,Figure 3 & 5/20230317/Raman/Run 17/Raman-DetectData-Avg01-0162.txt,43901,1269,#k Index:	1.00000000E+0
Figure 3 & 5,20230317,17,detect_data,Figure 3 & 5/20230317/Raman/Run 17/Raman-DetectData-Avg01-0163.txt,43923,1269,#k Index:	0.00000000E+0
Figure 3 & 5,20230317,17,detect_data,Figure 3 & 5/20230317/Raman/Run 17/Raman-DetectData-Avg01-0164.txt,43899,1269,#k Index:	1.00000000E+0
Figure 3 & 5,20230317,17,detect_data,Figure 3 & 5/20230317/Raman/Run 17/Raman-DetectData-Avg01-0165.txt,43873,1269,#k Index:	0.00000000E+0
Figure 3 & 5,20230317,17,detect_data,Figure 3 & 5/20230317/Raman/Run 17/Raman-DetectData-Avg01-0166.txt,43872,1269,#k Index:	1.00000000E+0
Figure 3 & 5,20230317,17,detect_data,Figure 3 & 5/20230317/Raman/Run 17/Raman-DetectData-Avg01-0167.txt,43884,1269,#k Index:	0.00000000E+0
Figure 3 & 5,20230317,17,detect_data,Figure 3 & 5/20230317/Raman/Run 17/Raman-DetectData-Avg01-0168.txt,43907,1269,#k Index:	1.00000000E+0
Figure 3 & 5,20230317,17,detect_data,Figure 3 & 5/20230317/Raman/Run 17/Raman-DetectData-Avg01-0169.txt,43859,1269,#k Index:	0.00000000E+0
Figure 3 & 5,20230317,17,detect_data,Figure 3 & 5/20230317/Raman/Run 17/Raman-DetectData-Avg01-0170.txt,43885,1269,#k Index:	1.00000000E+0
Figure 3 & 5,20230317,17,detect_data,Figure 3 & 5/20230317/Raman/Run 17/Raman-DetectData-Avg01-0171.txt,43901,1269,#k Index:	0.00000000E+0
Figure 3 & 5,20230317,17,detect_data,Figure 3 & 5/20230317/Raman/Run 17/Raman-DetectData-Avg01-0172.txt,43894,1269,#k Index:	1.00000000E+0
Figure 3 & 5,20230317,17,detect_data,Figure 3 & 5/20230317/Raman/Run 17/Raman-DetectData-Avg01-0173.txt,43842,1269,#k Index:	0.00000000E+0
Figure 3 & 5,20230317,17,detect_data,Figure 3 & 5/20230317/Raman/Run 17/Raman-DetectData-Avg01-0174.txt,43915,1269,#k Index:	1.00000000E+0
Figure 3 & 5,20230317,17,detect_data,Figure 3 & 5/20230317/Raman/Run 17/Raman-DetectData-Avg01-0175.txt,43875,1269,#k Index:	0.00000000E+0
Figure 3 & 5,20230317,17,detect_data,Figure 3 & 5/20230317/Raman/Run 17/Raman-DetectData-Avg01-0176.txt,43894,1269,#k Index:	1.00000000E+0
Figure 3 & 5,20230317,17,detect_data,Figure 3 & 5/20230317/Raman/Run 17/Raman-DetectData-Avg01-0177.txt,43888,1269,#k Index:	0.00000000E+0
Figure 3 & 5,20230317,17,detect_data,Figure 3 & 5/20230317/Raman/Run 17/Raman-DetectData-Avg01-0178.txt,43882,1269,#k Index:	1.00000000E+0
Figure 3 & 5,20230317,17,detect_data,Figure 3 & 5/20230317/Raman/Run 17/Raman-DetectData-Avg01-0179.txt,43875,1269,#k Index:	0.00000000E+0
Figure 3 & 5,20230317,17,detect_data,Figure 3 & 5/20230317/Raman/Run 17/Raman-DetectData-Avg01-0180.txt,43856,1269,#k Index:	1.00000000E+0
Figure 3 & 5,20230317,17,detect_data,Figure 3 & 5/20230317/Raman/Run 17/Raman-DetectData-Avg01-0181.txt,43874,1269,#k Index:	0.00000000E+0
Figure 3 & 5,20230317,17,detect_data,Figure 3 & 5/20230317/Raman/Run 17/Raman-DetectData-Avg01-0182.txt,43880,1269,#k Index:	1.00000000E+0
Figure 3 & 5,20230317,17,detect_data,Figure 3 & 5/20230317/Raman/Run 17/Raman-DetectData-Avg01-0183.txt,43869,1269,#k Index:	0.00000000E+0
Figure 3 & 5,20230317,17,detect_data,Figure 3 & 5/20230317/Raman/Run 17/Raman-DetectData-Avg01-0184.txt,43853,1269,#k Index:	1.00000000E+0
Figure 3 & 5,20230317,17,detect_data,Figure 3 & 5/20230317/Raman/Run 17/Raman-DetectData-Avg01-0185.txt,43907,1269,#k Index:	0.00000000E+0
Figure 3 & 5,20230317,17,detect_data,Figure 3 & 5/20230317/Raman/Run 17/Raman-DetectData-Avg01-0186.txt,43925,1269,#k Index:	1.00000000E+0
Figure 3 & 5,20230317,17,detect_data,Figure 3 & 5/20230317/Raman/Run 17/Raman-DetectData-Avg01-0187.txt,43859,1269,#k Index:	0.00000000E+0
Figure 3 & 5,20230317,17,detect_data,Figure 3 & 5/20230317/Raman/Run 17/Raman-DetectData-Avg01-0188.txt,43917,1269,#k Index:	1.00000000E+0
Figure 3 & 5,20230317,17,detect_data,Figure 3 & 5/20230317/Raman/Run 17/Raman-DetectData-Avg01-0189.txt,43867,1269,#k Index:	0.00000000E+0
Figure 3 & 5,20230317,17,detect_data,Figure 3 & 5/20230317/Raman/Run 17/Raman-DetectData-Avg01-0190.txt,43879,1269,#k Index:	1.00000000E+0
Figure 3 & 5,20230317,17,detect_data,Figure 3 & 5/20230317/Raman/Run 17/Raman-DetectData-Avg01-0191.txt,43869,1269,#k Index:	0.00000000E+0
Figure 3 & 5,20230317,17,detect_data,Figure 3 & 5/20230317/Raman/Run 17/Raman-DetectData-Avg01-0192.txt,43865,1269,#k Index:	1.00000000E+0
Figure 3 & 5,20230317,17,detect_data,Figure 3 & 5/20230317/Raman/Run 17/Raman-DetectData-Avg01-0193.txt,43863,1269,#k Index:	0.00000000E+0
Figure 3 & 5,20230317,17,detect_data,Figure 3 & 5/20230317/Raman/Run 17/Raman-DetectData-Avg01-0194.txt,43841,1269,#k Index:	1.00000000E+0
Figure 3 & 5,20230317,17,detect_data,Figure 3 & 5/20230317/Raman/Run 17/Raman-DetectData-Avg01-0195.txt,43903,1269,#k Index:	0.00000000E+0
Figure 3 & 5,20230317,17,detect_data,Figure 3 & 5/20230317/Raman/Run 17/Raman-DetectData-Avg01-0196.txt,43889,1269,#k Index:	1.00000000E+0
Figure 3 & 5,20230317,17,detect_data,Figure 3 & 5/20230317/Raman/Run 17/Raman-DetectData-Avg01-0197.txt,43878,1269,#k Index:	0.00000000E+0
Figure 3 & 5,20230317,17,detect_data,Figure 3 & 5/20230317/Raman/Run 17/Raman-DetectData-Avg01-0198.txt,43866,1269,#k Index:	1.00000000E+0
Figure 3 & 5,20230317,17,detect_data,Figure 3 & 5/20230317/Raman/Run 17/Raman-DetectData-Avg01-0199.txt,43876,1269,#k Index:	0.00000000E+0
Figure 3 & 5,20230317,17,detect_data,Figure 3 & 5/20230317/Raman/Run 17/Raman-DetectData-Avg01-0200.txt,43951,1269,#k Index:	1.00000000E+0
Figure 3 & 5,20230317,17,detect_data,Figure 3 & 5/20230317/Raman/Run 17/Raman-DetectData-Avg01-0201.txt,43878,1269,#k Index:	0.00000000E+0
Figure 3 & 5,20230317,17,detect_data,Figure 3 & 5/20230317/Raman/Run 17/Raman-DetectData-Avg01-0202.txt,43882,1269,#k Index:	1.00000000E+0
Figure 3 & 5,20230317,17,detect_data,Figure 3 & 5/20230317/Raman/Run 17/Raman-DetectData-Avg01-0203.txt,43901,1269,#k Index:	0.00000000E+0
Figure 3 & 5,20230317,17,detect_data,Figure 3 & 5/20230317/Raman/Run 17/Raman-DetectData-Avg01-0204.txt,43887,1269,#k Index:	1.00000000E+0
Figure 3 & 5,20230317,17,detect_data,Figure 3 & 5/20230317/Raman/Run 17/Raman-DetectData-Avg01-0205.txt,43892,1269,#k Index:	0.00000000E+0
Figure 3 & 5,20230317,17,detect_data,Figure 3 & 5/20230317/Raman/Run 17/Raman-DetectData-Avg01-0206.txt,43886,1269,#k Index:	1.00000000E+0
Figure 3 & 5,20230317,17,detect_data,Figure 3 & 5/20230317/Raman/Run 17/Raman-DetectData-Avg01-0207.txt,43934,1269,#k Index:	0.00000000E+0
Figure 3 & 5,20230317,17,detect_data,Figure 3 & 5/20230317/Raman/Run 17/Raman-DetectData-Avg01-0208.txt,43880,1269,#k Index:	1.00000000E+0
Figure 3 & 5,20230317,17,detect_data,Figure 3 & 5/20230317/Raman/Run 17/Raman-DetectData-Avg01-0209.txt,43851,1269,#k Index:	0.00000000E+0
Figure 3 & 5,20230317,17,detect_data,Figure 3 & 5/20230317/Raman/Run 17/Raman-DetectData-Avg01-0210.txt,43899,1269,#k Index:	1.00000000E+0
Figure 3 & 5,20230317,17,detect_data,Figure 3 & 5/20230317/Raman/Run 17/Raman-DetectData-Avg01-0211.txt,43878,1269,#k Index:	0.00000000E+0
Figure 3 & 5,20230317,17,detect_data,Figure 3 & 5/20230317/Raman/Run 17/Raman-DetectData-Avg01-0212.txt,43848,1269,#k Index:	1.00000000E+0
Figure 3 & 5,20230317,17,detect_data,Figure 3 & 5/20230317/Raman/Run 17/Raman-DetectData-Avg01-0213.txt,43906,1269,#k Index:	0.00000000E+0
Figure 3 & 5,20230317,17,detect_data,Figure 3 & 5/20230317/Raman/Run 17/Raman-DetectData-Avg01-0214.txt,43893,1269,#k Index:	1.00000000E+0
Figure 3 & 5,20230317,17,detect_data,Figure 3 & 5/20230317/Raman/Run 17/Raman-DetectData-Avg01-0215.txt,43864,1269,#k Index:	0.00000000E+0
Figure 3 & 5,20230317,17,detect_data,Figure 3 & 5/20230317/Raman/Run 17/Raman-DetectData-Avg01-0216.txt,43886,1269,#k Index:	1.00000000E+0
Figure 3 & 5,20230317,17,detect_data,Figure 3 & 5/20230317/Raman/Run 17/Raman-DetectData-Avg01-0217.txt,43907,1269,#k Index:	0.00000000E+0
Figure 3 & 5,20230317,17,detect_data,Figure 3 & 5/20230317/Raman/Run 17/Raman-DetectData-Avg01-0218.txt,43883,1269,#k Index:	1.00000000E+0
Figure 3 & 5,20230317,17,detect_data,Figure 3 & 5/20230317/Raman/Run 17/Raman-DetectData-Avg01-0219.txt,43878,1269,#k Index:	0.00000000E+0
Figure 3 & 5,20230317,17,detect_data,Figure 3 & 5/20230317/Raman/Run 17/Raman-DetectData-Avg01-0220.txt,43899,1269,#k Index:	1.00000000E+0
Figure 3 & 5,20230317,17,detect_data,Figure 3 & 5/20230317/Raman/Run 17/Raman-DetectData-Avg01-0221.txt,43890,1269,#k Index:	0.00000000E+0
Figure 3 & 5,20230317,17,detect_data,Figure 3 & 5/20230317/Raman/Run 17/Raman-DetectData-Avg01-0222.txt,43874,1269,#k Index:	1.00000000E+0
Figure 3 & 5,20230317,17,detect_data,Figure 3 & 5/20230317/Raman/Run 17/Raman-DetectData-Avg01-0223.txt,43876,1269,#k Index:	0.00000000E+0
Figure 3 & 5,20230317,17,detect_data,Figure 3 & 5/20230317/Raman/Run 17/Raman-DetectData-Avg01-0224.txt,43908,1269,#k Index:	1.00000000E+0
Figure 3 & 5,20230317,17,detect_data,Figure 3 & 5/20230317/Raman/Run 17/Raman-DetectData-Avg01-0225.txt,43879,1269,#k Index:	0.00000000E+0
Figure 3 & 5,20230317,17,detect_data,Figure 3 & 5/20230317/Raman/Run 17/Raman-DetectData-Avg01-0226.txt,43861,1269,#k Index:	1.00000000E+0
Figure 3 & 5,20230317,17,detect_data,Figure 3 & 5/20230317/Raman/Run 17/Raman-DetectData-Avg01-0227.txt,43889,1269,#k Index:	0.00000000E+0
Figure 3 & 5,20230317,17,detect_data,Figure 3 & 5/20230317/Raman/Run 17/Raman-DetectData-Avg01-0228.txt,43906,1269,#k Index:	1.00000000E+0
Figure 3 & 5,20230317,17,detect_data,Figure 3 & 5/20230317/Raman/Run 17/Raman-DetectData-Avg01-0229.txt,43861,1269,#k Index:	0.00000000E+0
Figure 3 & 5,20230317,17,detect_data,Figure 3 & 5/20230317/Raman/Run 17/Raman-DetectData-Avg01-0230.txt,43900,1269,#k Index:	1.00000000E+0
Figure 3 & 5,20230317,17,detect_data,Figure 3 & 5/20230317/Raman/Run 17/Raman-DetectData-Avg01-0231.txt,43890,1269,#k Index:	0.00000000E+0
Figure 3 & 5,20230317,17,detect_data,Figure 3 & 5/20230317/Raman/Run 17/Raman-DetectData-Avg01-0232.txt,43865,1269,#k Index:	1.00000000E+0
Figure 3 & 5,20230317,17,detect_data,Figure 3 & 5/20230317/Raman/Run 17/Raman-DetectData-Avg01-0233.txt,43922,1269,#k Index:	0.00000000E+0
Figure 3 & 5,20230317,17,detect_data,Figure 3 & 5/20230317/Raman/Run 17/Raman-DetectData-Avg01-0234.txt,43878,1269,#k Index:	1.00000000E+0
Figure 3 & 5,20230317,17,detect_data,Figure 3 & 5/20230317/Raman/Run 17/Raman-DetectData-Avg01-0235.txt,43879,1269,#k Index:	0.00000000E+0
Figure 3 & 5,20230317,17,detect_data,Figure 3 & 5/20230317/Raman/Run 17/Raman-DetectData-Avg01-0236.txt,43877,1269,#k Index:	1.00000000E+0
Figure 3 & 5,20230317,17,detect_data,Figure 3 & 5/20230317/Raman/Run 17/Raman-DetectData-Avg01-0237.txt,43896,1269,#k Index:	0.00000000E+0
Figure 3 & 5,20230317,17,detect_data,Figure 3 & 5/20230317/Raman/Run 17/Raman-DetectData-Avg01-0238.txt,43868,1269,#k Index:	1.00000000E+0
Figure 3 & 5,20230317,17,detect_data,Figure 3 & 5/20230317/Raman/Run 17/Raman-DetectData-Avg01-0239.txt,43873,1269,#k Index:	0.00000000E+0
Figure 3 & 5,20230317,17,detect_data,Figure 3 & 5/20230317/Raman/Run 17/Raman-DetectData-Avg01-0240.txt,43883,1269,#k Index:	1.00000000E+0
Figure 3 & 5,20230317,17,detect_data,Figure 3 & 5/20230317/Raman/Run 17/Raman-DetectData-Avg01-0241.txt,43872,1269,#k Index:	0.00000000E+0
Figure 3 & 5,20230317,17,detect_data,Figure 3 & 5/20230317/Raman/Run 17/Raman-DetectData-Avg01-0242.txt,43897,1269,#k Index:	1.00000000E+0
Figure 3 & 5,20230317,17,avg01_ratios,Figure 3 & 5/20230317/Raman/Run 17/Raman-Run17-Avg01-Ratios-kD.txt,13867,122,#Iteration	Date	Time	Chirp	Phase	RamanAxis	RTPhase	NFringe	Ratio
Figure 3 & 5,20230317,17,avg01_ratios,Figure 3 & 5/20230317/Raman/Run 17/Raman-Run17-Avg01-Ratios-kU.txt,13744,122,#Iteration	Date	Time	Chirp	Phase	RamanAxis	RTPhase	NFringe	Ratio
Figure 3 & 5,20230317,17,avg_ratios,Figure 3 & 5/20230317/Raman/Run 17/Raman-Run17-AvgRatios-kD.txt,12052,122,#Iteration	Date	Time	Chirp	Phase	RamanAxis	RatioMean	RatioStdDev
Figure 3 & 5,20230317,17,avg_ratios,Figure 3 & 5/20230317/Raman/Run 17/Raman-Run17-AvgRatios-kU.txt,12050,122,#Iteration	Date	Time	Chirp	Phase	RamanAxis	RatioMean	RatioStdDev
Figure 3 & 5,20230317,17,rotations_data,Figure 3 & 5/20230317/Raman/Run 17/Raman-Run17-RotationsData.txt,33907,243,#Iteration	Date	Time	STSX	STSY	RotationRateX	RotationRateY	FrCntX	FrCntY	TiptiltCmd1	TiptiltCmd2	TiptiltMonitor1	TiptiltMonitor2
Figure 3 & 5,20230317,17,rt_data,Figure 3 & 5/20230317/Raman/Run 17/Raman-Run17-RTData.txt,24281,243,#Iteration	Date	Time	RTPhase	NFringe	AccelAxis	AccelMean	AccelTemp
Figure 3 & 5,20230317,18,parameters,Figure 3 & 5/20230317/Raman/Run 18/Parameters.txt,1633,60,Software Version: 3.4
Figure 3 & 5,20230317,18,detect_data,Figure 3 & 5/20230317/Raman/Run 18/Raman-DetectData-Avg01-0001.txt,43871,1269,#k Index:	0.00000000E+0
Figure 3 & 5,20230317,18,detect_data,Figure 3 & 5/20230317/Raman/Run 18/Raman-DetectData-Avg01-0002.txt,43907,1269,#k Index:	1.00000000E+0
Figure 3 & 5,20230317,18,detect_data,Figure 3 & 5/20230317/Raman/Run 18/Raman-DetectData-Avg01-0003.txt,43870,1269,#k Index:	0.00000000E+0
Figure 3 & 5,20230317,18,detect_data,Figure 3 & 5/20230317/Raman/Run 18/Raman-DetectData-Avg01-0004.txt,43880,1269,#k Index:	1.00000000E+0
Figure 3 & 5,20230317,18,detect_data,Figure 3 & 5/20230317/Raman/Run 18/Raman-DetectData-Avg01-0005.txt,43856,1269,#k Index:	0.00000000E+0
Figure 3 & 5,20230317,18,detect_data,Figure 3 & 5/20230317/Raman/Run 18/Raman-DetectData-Avg01-0006.txt,43869,1269,#k Index:	1.00000000E+0
Figure 3 & 5,20230317,18,detect_data,Figure 3 & 5/20230317/Raman/Run 18/Raman-DetectData-Avg01-0007.txt,43884,1269,#k Index:	0.00000000E+0
Figure 3 & 5,20230317,18,detect_data,Figure 3 & 5/20230317/Raman/Run 18/Raman-DetectData-Avg01-0008.txt,43864,1269,#k Index:	1.00000000E+0
Figure 3 & 5,20230317,18,detect_data,Figure 3 & 5/20230317/Raman/Run 18/Raman-DetectData-Avg01-0009.txt,43888,1269,#k Index:	0.00000000E+0
Figure 3 & 5,20230317,18,detect_data,Figure 3 & 5/20230317/Raman/Run 18/Raman-DetectData-Avg01-0010.txt,43902,1269,#k Index:	1.00000000E+0
Figure 3 & 5,20230317,18,detect_data,Figure 3 & 5/20230317/Raman/Run 18/Raman-DetectData-Avg01-0011.txt,43863,1269,#k Index:	0.00000000E+0
Figure 3 & 5,20230317,18,detect_data,Figure 3 & 5/20230317/Raman/Run 18/Raman-DetectData-Avg01-0012.txt,43914,1269,#k Index:	1.00000000E+0
Figure 3 & 5,20230317,18,detect_data,Figure 3 & 5/20230317/Raman/Run 18/Raman-DetectData-Avg01-0013.txt,43932,1269,#k Index:	0.00000000E+0
Figure 3 & 5,20230317,18,detect_data,Figure 3 & 5/20230317/Raman/Run 18/Raman-DetectData-Avg01-0014.txt,43881,1269,#k Index:	1.00000000E+0
Figure 3 & 5,20230317,18,detect_data,Figure 3 & 5/20230317/Raman/Run 18/Raman-DetectData-Avg01-0015.txt,43959,1269,#k Index:	0.00000000E+0
Figure 3 & 5,20230317,18,detect_data,Figure 3 & 5/20230317/Raman/Run 18/Raman-DetectData-Avg01-0016.txt,43913,1269,#k Index:	1.00000000E+0
Figure 3 & 5,20230317,18,detect_data,Figure 3 & 5/20230317/Raman/Run 18/Raman-DetectData-Avg01-0017.txt,43871,1269,#k Index:	0.00000000E+0
Figure 3 & 5,20230317,18,detect_data,Figure 3 & 5/20230317/Raman/Run 18/Raman-DetectData-Avg01-0018.txt,43918,1269,#k Index:	1.00000000E+0
Figure 3 & 5,20230317,18,detect_data,Figure 3 & 5/20230317/Raman/Run 18/Raman-DetectData-Avg01-0019.txt,43912,1269,#k Index:	0.00000000E+0
Figure 3 & 5,20230317,18,detect_data,Figure 3 & 5/20230317/Raman/Run 18/Raman-DetectData-Avg01-0020.txt,43924,1269,#k Index:	1.00000000E+0
Figure 3 & 5,20230317,18,detect_data,Figure 3 & 5/20230317/Raman/Run 18/Raman-DetectData-Avg01-0021.txt,43882,1269,#k Index:	0.00000000E+0
Figure 3 & 5,20230317,18,detect_data,Figure 3 & 5/20230317/Raman/Run 18/Raman-DetectData-Avg01-0022.txt,43892,1269,#k Index:	1.00000000E+0
Figure 3 & 5,20230317,18,detect_data,Figure 3 & 5/20230317/Raman/Run 18/Raman-DetectData-Avg01-0023.txt,43893,1269,#k Index:	0.00000000E+0
Figure 3 & 5,20230317,18,detect_data,Figure 3 & 5/20230317/Raman/Run 18/Raman-DetectData-Avg01-0024.txt,43919,1269,#k Index:	1.00000000E+0
Figure 3 & 5,20230317,18,detect_data,Figure 3 & 5/20230317/Raman/Run 18/Raman-DetectData-Avg01-0025.txt,43893,1269,#k Index:	0.00000000E+0
Figure 3 & 5,20230317,18,detect_data,Figure 3 & 5/20230317/Raman/Run 18/Raman-DetectData-Avg01-0026.txt,43956,1269,#k Index:	1.00000000E+0
Figure 3 & 5,20230317,18,detect_data,Figure 3 & 5/20230317/Raman/Run 18/Raman-DetectData-Avg01-0027.txt,43884,1269,#k Index:	0.00000000E+0
Figure 3 & 5,20230317,18,detect_data,Figure 3 & 5/20230317/Raman/Run 18/Raman-DetectData-Avg01-0028.txt,43899,1269,#k Index:	1.00000000E+0
Figure 3 & 5,20230317,18,detect_data,Figure 3 & 5/20230317/Raman/Run 18/Raman-DetectData-Avg01-0029.txt,43920,1269,#k Index:	0.00000000E+0
Figure 3 & 5,20230317,18,detect_data,Figure 3 & 5/20230317/Raman/Run 18/Raman-DetectData-Avg01-0030.txt,43878,1269,#k Index:	1.00000000E+0
Figure 3 & 5,20230317,18,detect_data,Figure 3 & 5/20230317/Raman/Run 18/Raman-DetectData-Avg01-0031.txt,43904,1269,#k Index:	0.00000000E+0
Figure 3 & 5,20230317,18,detect_data,Figure 3 & 5/20230317/Raman/Run 18/Raman-DetectData-Avg01-0032.txt,43881,1269,#k Index:	1.00000000E+0
Figure 3 & 5,20230317,18,detect_data,Figure 3 & 5/20230317/Raman/Run 18/Raman-DetectData-Avg01-0033.txt,43871,1269,#k Index:	0.00000000E+0
Figure 3 & 5,20230317,18,detect_data,Figure 3 & 5/20230317/Raman/Run 18/Raman-DetectData-Avg01-0034.txt,43921,1269,#k Index:	1.00000000E+0
Figure 3 & 5,20230317,18,detect_data,Figure 3 & 5/20230317/Raman/Run 18/Raman-DetectData-Avg01-0035.txt,43909,1269,#k Index:	0.00000000E+0
Figure 3 & 5,20230317,18,detect_data,Figure 3 & 5/20230317/Raman/Run 18/Raman-DetectData-Avg01-0036.txt,43918,1269,#k Index:	1.00000000E+0
Figure 3 & 5,20230317,18,detect_data,Figure 3 & 5/20230317/Raman/Run 18/Raman-DetectData-Avg01-0037.txt,43901,1269,#k Index:	0.00000000E+0
Figure 3 & 5,20230317,18,detect_data,Figure 3 & 5/20230317/Raman/Run 18/Raman-DetectData-Avg01-0038.txt,43883,1269,#k Index:	1.00000000E+0
Figure 3 & 5,20230317,18,detect_data,Figure 3 & 5/20230317/Raman/Run 18/Raman-DetectData-Avg01-0039.txt,43886,1269,#k Index:	0.00000000E+0
Figure 3 & 5,20230317,18,detect_data,Figure 3 & 5/20230317/Raman/Run 18/Raman-DetectData-Avg01-0040.txt,43884,1269,#k Index:	1.00000000E+0
Figure 3 & 5,20230317,18,detect_data,Figure 3 & 5/20230317/Raman/Run 18/Raman-DetectData-Avg01-0041.txt,43877,1269,#k Index:	0.00000000E+0
Figure 3 & 5,20230317,18,detect_data,Figure 3 & 5/20230317/Raman/Run 18/Raman-DetectData-Avg01-0042.txt,43905,1269,#k Index:	1.00000000E+0
Figure 3 & 5,20230317,18,detect_data,Figure 3 & 5/20230317/Raman/Run 18/Raman-DetectData-Avg01-0043.txt,43862,1269,#k Index:	0.00000000E+0
Figure 3 & 5,20230317,18,detect_data,Figure 3 & 5/20230317/Raman/Run 18/Raman-DetectData-Avg01-0044.txt,43911,1269,#k Index:	1.00000000E+0
Figure 3 & 5,20230317,18,detect_data,Figure 3 & 5/20230317/Raman/Run 18/Raman-DetectData-Avg01-0045.txt,43898,1269,#k Index:	0.00000000E+0
Figure 3 & 5,20230317,18,detect_data,Figure 3 & 5/20230317/Raman/Run 18/Raman-DetectData-Avg01-0046.txt,43905,1269,#k Index:	1.00000000E+0
Figure 3 & 5,20230317,18,detect_data,Figure 3 & 5/20230317/Raman/Run 18/Raman-DetectData-Avg01-0047.txt,43953,1269,#k Index:	0.00000000E+0
Figure 3 & 5,20230317,18,detect_data,Figure 3 & 5/20230317/Raman/Run 18/Raman-DetectData-Avg01-0048.txt,43926,1269,#k Index:	1.00000000E+0
Figure 3 & 5,20230317,18,detect_data,Figure 3 & 5/20230317/Raman/Run 18/Raman-DetectData-Avg01-0049.txt,43917,1269,#k Index:	0.00000000E+0
Figure 3 & 5,20230317,18,detect_data,Figure 3 & 5/20230317/Raman/Run 18/Raman-DetectData-Avg01-0050.txt,43921,1269,#k Index:	1.00000000E+0
Figure 3 & 5,20230317,18,detect_data,Figure 3 & 5/20230317/Raman/Run 18/Raman-DetectData-Avg01-0051.txt,43918,1269,#k Index:	0.00000000E+0
Figure 3 & 5,20230317,18,detect_data,Figure 3 & 5/20230317/Raman/Run 18/Raman-DetectData-Avg01-0052.txt,43969,1269,#k Index:	1.00000000E+0
Figure 3 & 5,20230317,18,detect_data,Figure 3 & 5/20230317/Raman/Run 18/Raman-DetectData-Avg01-0053.txt,43896,1269,#k Index:	0.00000000E+0
Figure 3 & 5,20230317,18,detect_data,Figure 3 & 5/20230317/Raman/Run 18/Raman-DetectData-Avg01-0054.txt,43904,1269,#k Index:	1.00000000E+0
Figure 3 & 5,20230317,18,detect_data,Figure 3 & 5/20230317/Raman/Run 18/Raman-DetectData-Avg01-0055.txt,43884,1269,#k Index:	0.00000000E+0
Figure 3 & 5,20230317,18,detect_data,Figure 3 & 5/20230317/Raman/Run 18/Raman-DetectData-Avg01-0056.txt,43865,1269,#k Index:	1.00000000E+0
Figure 3 & 5,20230317,18,detect_data,Figure 3 & 5/20230317/Raman/Run 18/Raman-DetectData-Avg01-0057.txt,43923,1269,#k Index:	0.00000000E+0
Figure 3 & 5,20230317,18,detect_data,Figure 3 & 5/20230317/Raman/Run 18/Raman-DetectData-Avg01-0058.txt,43892,1269,#k Index:	1.00000000E+0
Figure 3 & 5,20230317,18,detect_data,Figure 3 & 5/20230317/Raman/Run 18/Raman-DetectData-Avg01-0059.txt,43864,1269,#k Index:	0.00000000E+0
Figure 3 & 5,20230317,18,detect_data,Figure 3 & 5/20230317/Raman/Run 18/Raman-DetectData-Avg01-0060.txt,43896,1269,#k Index:	1.00000000E+0
Figure 3 & 5,20230317,18,detect_data,Figure 3 & 5/20230317/Raman/Run 18/Raman-DetectData-Avg01-0061.txt,43866,1269,#k Index:	0.00000000E+0
Figure 3 & 5,20230317,18,detect_data,Figure 3 & 5/20230317/Raman/Run 18/Raman-DetectData-Avg01-0062.txt,43894,1269,#k Index:	1.00000000E+0
Figure 3 & 5,20230317,18,detect_data,Figure 3 & 5/20230317/Raman/Run 18/Raman-DetectData-Avg01-0063.txt,43870,1269,#k Index:	0.00000000E+0
Figure 3 & 5,20230317,18,detect_data,Figure 3 & 5/20230317/Raman/Run 18/Raman-DetectData-Avg01-0064.txt,43906,1269,#k Index:	1.00000000E+0
Figure 3 & 5,20230317,18,detect_data,Figure 3 & 5/20230317/Raman/Run 18/Raman-DetectData-Avg01-0065.txt,43929,1269,#k Index:	0.00000000E+0
Figure 3 & 5,20230317,18,detect_data,Figure 3 & 5/20230317/Raman/Run 18/Raman-DetectData-Avg01-0066.txt,43902,1269,#k Index:	1.00000000E+0
Figure 3 & 5,20230317,18,detect_data,Figure 3 & 5/20230317/Raman/Run 18/Raman-DetectData-Avg01-0067.txt,43860,1269,#k Index:	0.00000000E+0
Figure 3 & 5,20230317,18,detect_data,Figure 3 & 5/20230317/Raman/Run 18/Raman-DetectData-Avg01-0068.txt,43918,1269,#k Index:	1.00000000E+0
Figure 3 & 5,20230317,18,detect_data,Figure 3 & 5/20230317/Raman/Run 18/Raman-DetectData-Avg01-0069.txt,43888,1269,#k Index:	0.00000000E+0
Figure 3 & 5,20230317,18,detect_data,Figure 3 & 5/20230317/Raman/Run 18/Raman-DetectData-Avg01-0070.txt,43924,1269,#k Index:	1.00000000E+0
Figure 3 & 5,20230317,18,detect_data,Figure 3 & 5/20230317/Raman/Run 18/Raman-DetectData-Avg01-0071.txt,43856,1269,#k Index:	0.00000000E+0
Figure 3 & 5,20230317,18,detect_data,Figure 3 & 5/20230317/Raman/Run 18/Raman-DetectData-Avg01-0072.txt,43876,1269,#k Index:	1.00000000E+0
Figure 3 & 5,20230317,18,detect_data,Figure 3 & 5/20230317/Raman/Run 18/Raman-DetectData-Avg01-0073.txt,43938,1269,#k Index:	0.00000000E+0
Figure 3 & 5,20230317,18,detect_data,Figure 3 & 5/20230317/Raman/Run 18/Raman-DetectData-Avg01-0074.txt,43885,1269,#k Index:	1.00000000E+0
Figure 3 & 5,20230317,18,detect_data,Figure 3 & 5/20230317/Raman/Run 18/Raman-DetectData-Avg01-0075.txt,43828,1269,#k Index:	0.00000000E+0
Figure 3 & 5,20230317,18,detect_data,Figure 3 & 5/20230317/Raman/Run 18/Raman-DetectData-Avg01-0076.txt,43868,1269,#k Index:	1.00000000E+0
Figure 3 & 5,20230317,18,detect_data,Figure 3 & 5/20230317/Raman/Run 18/Raman-DetectData-Avg01-0077.txt,43907,1269,#k Index:	0.00000000E+0
Figure 3 & 5,20230317,18,detect_data,Figure 3 & 5/20230317/Raman/Run 18/Raman-DetectData-Avg01-0078.txt,43841,1269,#k Index:	1.00000000E+0
Figure 3 & 5,20230317,18,detect_data,Figure 3 & 5/20230317/Raman/Run 18/Raman-DetectData-Avg01-0079.txt,43894,1269,#k Index:	0.00000000E+0
Figure 3 & 5,20230317,18,detect_data,Figure 3 & 5/20230317/Raman/Run 18/Raman-DetectData-Avg01-0080.txt,43874,1269,#k Index:	1.00000000E+0
Figure 3 & 5,20230317,18,detect_data,Figure 3 & 5/20230317/Raman/Run 18/Raman-DetectData-Avg01-0081.txt,43846,1269,#k Index:	0.00000000E+0
Figure 3 & 5,20230317,18,detect_data,Figure 3 & 5/20230317/Raman/Run 18/Raman-DetectData-Avg01-0082.txt,43896,1269,#k Index:	1.00000000E+0
Figure 3 & 5,20230317,18,detect_data,Figure 3 & 5/20230317/Raman/Run 18/Raman-DetectData-Avg01-0083.txt,43883,1269,#k Index:	0.00000000E+0
Figure 3 & 5,20230317,18,detect_data,Figure 3 & 5/20230317/Raman/Run 18/Raman-DetectData-Avg01-0084.txt,43925,1269,#k Index:	1.00000000E+0
Figure 3 & 5,20230317,18,detect_data,Figure 3 & 5/20230317/Raman/Run 18/Raman-DetectData-Avg01-0085.txt,43868,1269,#k Index:	0.00000000E+0
Figure 3 & 5,20230317,18,detect_data,Figure 3 & 5/20230317/Raman/Run 18/Raman-DetectData-Avg01-0086.txt,43899,1269,#k Index:	1.00000000E+0
Figure 3 & 5,20230317,18,detect_data,Figure 3 & 5/20230317/Raman/Run 18/Raman-DetectData-Avg01-0087.txt,43866,1269,#k Index:	0.00000000E+0
Figure 3 & 5,20230317,18,detect_data,Figure 3 & 5/20230317/Raman/Run 18/Raman-DetectData-Avg01-0088.txt,43900,1269,#k Index:	1.00000000E+0
Figure 3 & 5,20230317,18,detect_data,Figure 3 & 5/20230317/Raman/Run 18/Raman-DetectData-Avg01-0089.txt,43879,1269,#k Index:	0.00000000E+0
Figure 3 & 5,20230317,18,detect_data,Figure 3 & 5/20230317/Raman/Run 18/Raman-DetectData-Avg01-0090.txt,43927,1269,#k Index:	1.00000000E+0
Figure 3 & 5,20230317,18,detect_data,Figure 3 & 5/20230317/Raman/Run 18/Raman-DetectData-Avg01-0091.txt,43881,1269,#k Index:	0.00000000E+0
Figure 3 & 5,20230317,18,detect_data,Figure 3 & 5/20230317/Raman/Run 18/Raman-DetectData-Avg01-0092.txt,43904,1269,#k Index:	1.00000000E+0
Figure 3 & 5,20230317,18,detect_data,Figure 3 & 5/20230317/Raman/Run 18/Raman-DetectData-Avg01-0093.txt,43905,1269,#k Index:	0.00000000E+0
Figure 3 & 5,20230317,18,detect_data,Figure 3 & 5/20230317/Raman/Run 18/Raman-DetectData-Avg01-0094.txt,43895,1269,#k Index:	1.00000000E+0
Figure 3 & 5,20230317,18,detect_data,Figure 3 & 5/20230317/Raman/Run 18/Raman-DetectData-Avg01-0095.txt,43914,1269,#k Index:	0.00000000E+0
Figure 3 & 5,20230317,18,detect_data,Figure 3 & 5/20230317/Raman/Run 18/Raman-DetectData-Avg01-0096.txt,43878,1269,#k Index:	1.00000000E+0
Figure 3 & 5,20230317,18,detect_data,Figure 3 & 5/20230317/Raman/Run 18/Raman-DetectData-Avg01-0097.txt,43915,1269,#k Index:	0.00000000E+0
Figure 3 & 5,20230317,18,detect_data,Figure 3 & 5/20230317/Raman/Run 18/Raman-DetectData-Avg01-0098.txt,43873,1269,#k Index:	1.00000000E+0
Figure 3 & 5,20230317,18,detect_data,Figure 3 & 5/20230317/Raman/Run 18/Raman-DetectData-Avg01-0099.txt,43914,1269,#k Index:	0.00000000E+0
Figure 3 & 5,20230317,18,detect_data,Figure 3 & 5/20230317/Raman/Run 18/Raman-DetectData-Avg01-0100.txt,43926,1269,#k Index:	1.00000000E+0
Figure 3 & 5,20230317,18,detect_data,Figure 3 & 5/20230317/Raman/Run 18/Raman-DetectData-Avg01-0101.txt,43876,1269,#k Index:	0.00000000E+0
Figure 3 & 5,20230317,18,detect_data,Figure 3 & 5/20230317/Raman/Run 18/Raman-DetectData-Avg01-0102.txt,43894,1269,#k Index:	1.00000000E+0
Figure 3 & 5,20230317,18,detect_data,Figure 3 & 5/20230317/Raman/Run 18/Raman-DetectData-Avg01-0103.txt,43899,1269,#k Index:	0.00000000E+0
Figure 3 & 5,20230317,18,detect_data,Figure 3 & 5/20230317/Raman/Run 18/Raman-DetectData-Avg01-0104.txt,43918,1269,#k Index:	1.00000000E+0
Figure 3 & 5,20230317,18,detect_data,Figure 3 & 5/20230317/Raman/Run 18/Raman-DetectData-Avg01-0105.txt,43882,1269,#k Index:	0.00000000E+0
Figure 3 & 5,20230317,18,detect_data,Figure 3 & 5/20230317/Raman/Run 18/Raman-DetectData-Avg01-0106.txt,43875,1269,#k Index:	1.00000000E+0
Figure 3 & 5,20230317,18,detect_data,Figure 3 & 5/20230317/Raman/Run 18/Raman-DetectData-Avg01-0107.txt,43867,1269,#k Index:	0.00000000E+0
Figure 3 & 5,20230317,18,detect_data,Figure 3 & 5/20230317/Raman/Run 18/Raman-DetectData-Avg01-0108.txt,43895,1269,#k Index:	1.00000000E+0
Figure 3 & 5,20230317,18,detect_data,Figure 3 & 5/20230317/Raman/Run 18/Raman-DetectData-Avg01-0109.txt,43912,1269,#k Index:	0.00000000E+0
Figure 3 & 5,20230317,18,detect_data,Figure 3 & 5/20230317/Raman/Run 18/Raman-DetectData-Avg01-0110.txt,43907,1269,#k Index:	1.00000000E+0
Figure 3 & 5,20230317,18,detect_data,Figure 3 & 5/20230317/Raman/Run 18/Raman-DetectData-Avg01-0111.txt,43895,1269,#k Index:	0.00000000E+0
Figure 3 & 5,20230317,18,detect_data,Figure 3 & 5/20230317/Raman/Run 18/Raman-DetectData-Avg01-0112.txt,43932,1269,#k Index:	1.00000000E+0
Figure 3 & 5,20230317,18,detect_data,Figure 3 & 5/20230317/Raman/Run 18/Raman-DetectData-Avg01-0113.txt,43870,1269,#k Index:	0.00000000E+0
Figure 3 & 5,20230317,18,detect_data,Figure 3 & 5/20230317/Raman/Run 18/Raman-DetectData-Avg01-0114.txt,43915,1269,#k Index:	1.00000000E+0
Figure 3 & 5,20230317,18,detect_data,Figure 3 & 5/20230317/Raman/Run 18/Raman-DetectData-Avg01-0115.txt,43842,1269,#k Index:	0.00000000E+0
Figure 3 & 5,20230317,18,detect_data,Figure 3 & 5/20230317/Raman/Run 18/Raman-DetectData-Avg01-0116.txt,43895,1269,#k Index:	1.00000000E+0
Figure 3 & 5,20230317,18,detect_data,Figure 3 & 5/20230317/Raman/Run 18/Raman-DetectData-Avg01-0117.txt,43873,1269,#k Index:	0.00000000E+0
Figure 3 & 5,20230317,18,detect_data,Figure 3 & 5/20230317/Raman/Run 18/Raman-DetectData-Avg01-0118.txt,43870,1269,#k Index:	1.00000000E+0
Figure 3 & 5,20230317,18,detect_data,Figure 3 & 5/20230317/Raman/Run 18/Raman-DetectData-Avg01-0119.txt,43890,1269,#k Index:	0.00000000E+0
Figure 3 & 5,20230317,18,detect_data,Figure 3 & 5/20230317/Raman/Run 18/Raman-DetectData-Avg01-0120.txt,43832,1269,#k Index:	1.00000000E+0
Figure 3 & 5,20230317,18,detect_data,Figure 3 & 5/20230317/Raman/Run 18/Raman-DetectData-Avg01-0121.txt,43892,1269,#k Index:	0.00000000E+0
Figure 3 & 5,20230317,18,detect_data,Figure 3 & 5/20230317/Raman/Run 18/Raman-DetectData-Avg01-0122.txt,43889,1269,#k Index:	1.00000000E+0
Figure 3 & 5,20230317,18,detect_data,Figure 3 & 5/20230317/Raman/Run 18/Raman-DetectData-Avg01-0123.txt,43857,1269,#k Index:	0.00000000E+0
Figure 3 & 5,20230317,18,detect_data,Figure 3 & 5/20230317/Raman/Run 18/Raman-DetectData-Avg01-0124.txt,43905,1269,#k Index:	1.00000000E+0
Figure 3 & 5,20230317,18,detect_data,Figure 3 & 5/20230317/Raman/Run 18/Raman-DetectData-Avg01-0125.txt,43867,1269,#k Index:	0.00000000E+0
Figure 3 & 5,20230317,18,detect_data,Figure 3 & 5/20230317/Raman/Run 18/Raman-DetectData-Avg01-0126.txt,43875,1269,#k Index:	1.00000000E+0
Figure 3 & 5,20230317,18,detect_data,Figure 3 & 5/20230317/Raman/Run 18/Raman-DetectData-Avg01-0127.txt,43866,1269,#k Index:	0.00000000E+0
Figure 3 & 5,20230317,18,detect_data,Figure 3 & 5/20230317/Raman/Run 18/Raman-DetectData-Avg01-0128.txt,43889,1269,#k Index:	1.00000000E+0
Figure 3 & 5,20230317,18,detect_data,Figure 3 & 5/20230317/Raman/Run 18/Raman-DetectData-Avg01-0129.txt,43874,1269,#k Index:	0.00000000E+0
Figure 3 & 5,20230317,18,detect_data,Figure 3 & 5/20230317/Raman/Run 18/Raman-DetectData-Avg01-0130.txt,43915,1269,#k Index:	1.00000000E+0
Figure 3 & 5,20230317,18,detect_data,Figure 3 & 5/20230317/Raman/Run 18/Raman-DetectData-Avg01-0131.txt,43898,1269,#k Index:	0.00000000E+0
Figure 3 & 5,20230317,18,detect_data,Figure 3 & 5/20230317/Raman/Run 18/Raman-DetectData-Avg01-0132.txt,43886,1269,#k Index:	1.00000000E+0
Figure 3 & 5,20230317,18,detect_data,Figure 3 & 5/20230317/Raman/Run 18/Raman-DetectData-Avg01-0133.txt,43903,1269,#k Index:	0.00000000E+0
Figure 3 & 5,20230317,18,detect_data,Figure 3 & 5/20230317/Raman/Run 18/Raman-DetectData-Avg01-0134.txt,43870,1269,#k Index:	1.00000000E+0
Figure 3 & 5,20230317,18,detect_data,Figure 3 & 5/20230317/Raman/Run 18/Raman-DetectData-Avg01-0135.txt,43868,1269,#k Index:	0.00000000E+0
Figure 3 & 5,20230317,18,detect_data,Figure 3 & 5/20230317/Raman/Run 18/Raman-DetectData-Avg01-0136.txt,43889,1269,#k Index:	1.00000000E+0
Figure 3 & 5,20230317,18,detect_data,Figure 3 & 5/20230317/Raman/Run 18/Raman-DetectData-Avg01-0137.txt,43904,1269,#k Index:	0.00000000E+0
Figure 3 & 5,20230317,18,detect_data,Figure 3 & 5/20230317/Raman/Run 18/Raman-DetectData-Avg01-0138.txt,43913,1269,#k Index:	1.00000000E+0
Figure 3 & 5,20230317,18,detect_data,Figure 3 & 5/20230317/Raman/Run 18/Raman-DetectData-Avg01-0139.txt,43890,1269,#k Index:	0.00000000E+0
Figure 3 & 5,20230317,18,detect_data,Figure 3 & 5/20230317/Raman/Run 18/Raman-DetectData-Avg01-0140.txt,43892,1269,#k Index:	1.00000000E+0
Figure 3 & 5,20230317,18,detect_data,Figure 3 & 5/20230317/Raman/Run 18/Raman-DetectData-Avg01-0141.txt,43904,1269,#k Index:	0.00000000E+0
Figure 3 & 5,20230317,18,detect_data,Figure 3 & 5/20230317/Raman/Run 18/Raman-DetectData-Avg01-0142.txt,43907,1269,#k Index:	1.00000000E+0
Figure 3 & 5,20230317,18,detect_data,Figure 3 & 5/20230317/Raman/Run 18/Raman-DetectData-Avg01-0143.txt,43896,1269,#k Index:	0.00000000E+0
Figure 3 & 5,20230317,18,detect_data,Figure 3 & 5/20230317/Raman/Run 18/Raman-DetectData-Avg01-0144.txt,43906,1269,#k Index:	1.00000000E+0
Figure 3 & 5,20230317,18,detect_data,Figure 3 & 5/20230317/Raman/Run 18/Raman-DetectData-Avg01-0145.txt,43869,1269,#k Index:	0.00000000E+0
Figure 3 & 5,20230317,18,detect_data,Figure 3 & 5/20230317/Raman/Run 18/Raman-DetectData-Avg01-0146.txt,43919,1269,#k Index:	1.00000000E+0
Figure 3 & 5,20230317,18,detect_data,Figure 3 & 5/20230317/Raman/Run 18/Raman-DetectData-Avg01-0147.txt,43887,1269,#k Index:	0.00000000E+0
Figure 3 & 5,20230317,18,detect_data,Figure 3 & 5/20230317/Raman/Run 18/Raman-DetectData-Avg01-0148.txt,43903,1269,#k Index:	1.00000000E+0
Figure 3 & 5,20230317,18,detect_data,Figure 3 & 5/20230317/Raman/Run 18/Raman-DetectData-Avg01-0149.txt,43883,1269,#k Index:	0.00000000E+0
Figure 3 & 5,20230317,18,detect_data,Figure 3 & 5/20230317/Raman/Run 18/Raman-DetectData-Avg01-0150.txt,43892,1269,#k Index:	1.00000000E+0
Figure 3 & 5,20230317,18,detect_data,Figure 3 & 5/20230317/Raman/Run 18/Raman-DetectData-Avg01-0151.txt,43860,1269,#k Index:	0.00000000E+0
Figure 3 & 5,20230317,18,detect_data,Figure 3 & 5/20230317/Raman/Run 18/Raman-DetectData-Avg01-0152.txt,43885,1269,#k Index:	1.00000000E+0
Figure 3 & 5,20230317,18,detect_data,Figure 3 & 5/20230317/Raman/Run 18/Raman-DetectData-Avg01-0153.txt,43903,1269,#k Index:	0.00000000E+0
Figure 3 & 5,20230317,18,detect_data,Figure 3 & 5/20230317/Raman/Run 18/Raman-DetectData-Avg01-0154.txt,43906,1269,#k Index:	1.00000000E+0
Figure 3 & 5,20230317,18,detect_data,Figure 3 & 5/20230317/Raman/Run 18/Raman-DetectData-Avg01-0155.txt,43884,1269,#k Index:	0.00000000E+0
Figure 3 & 5,20230317,18,detect_data,Figure 3 & 5/20230317/Raman/Run 18/Raman-DetectData-Avg01-0156.txt,43906,1269,#k Index:	1.00000000E+0
Figure 3 & 5,20230317,18,detect_data,Figure 3 & 5/20230317/Raman/Run 18/Raman-DetectData-Avg01-0157.txt,43889,1269,#k Index:	0.00000000E+0
Figure 3 & 5,20230317,18,detect_data,Figure 3 & 5/20230317/Raman/Run 18/Raman-DetectData-Avg01-0158.txt,43878,1269,#k Index:	1.00000000E+0
Figure 3 & 5,20230317,18,detect_data,Figure 3 & 5/20230317/Raman/Run 18/Raman-DetectData-Avg01-0159.txt,43880,1269,#k Index:	0.00000000E+0
Figure 3 & 5,20230317,18,detect_data,Figure 3 & 5/20230317/Raman/Run 18/Raman-DetectData-Avg01-0160.txt,43867,1269,#k Index:	1.00000000E+0
Figure 3 & 5,20230317,18,detect_data,Figure 3 & 5/20230317/Raman/Run 18/Raman-DetectData-Avg01-0161.txt,43873,1269,#k Index:	0.00000000E+0
Figure 3 & 5,20230317,18,detect_data,Figure 3 & 5/20230317/Raman/Run 18/Raman-DetectData-Avg01-0162.txt,43901,1269,#k Index:	1.00000000E+0
Figure 3 & 5,20230317,18,detect_data,Figure 3 & 5/20230317/Raman/Run 18/Raman-DetectData-Avg01-0163.txt,43899,1269,#k Index:	0.00000000E+0
Figure 3 & 5,20230317,18,detect_data,Figure 3 & 5/20230317/Raman/Run 18/Raman-DetectData-Avg01-0164.txt,43900,1269,#k Index:	1.00000000E+0
Figure 3 & 5,20230317,18,detect_data,Figure 3 & 5/20230317/Raman/Run 18/Raman-DetectData-Avg01-0165.txt,43884,1269,#k Index:	0.00000000E+0
Figure 3 & 5,20230317,18,detect_data,Figure 3 & 5/20230317/Raman/Run 18/Raman-DetectData-Avg01-0166.txt,43895,1269,#k Index:	1.00000000E+0
Figure 3 & 5,20230317,18,detect_data,Figure 3 & 5/20230317/Raman/Run 18/Raman-DetectData-Avg01-0167.txt,43894,1269,#k Index:	0.00000000E+0
Figure 3 & 5,20230317,18,detect_data,Figure 3 & 5/20230317/Raman/Run 18/Raman-DetectData-Avg01-0168.txt,43880,1269,#k Index:	1.00000000E+0
Figure 3 & 5,20230317,18,detect_data,Figure 3 & 5/20230317/Raman/Run 18/Raman-DetectData-Avg01-0169.txt,43887,1269,#k Index:	0.00000000E+0
Figure 3 & 5,20230317,18,detect_data,Figure 3 & 5/20230317/Raman/Run 18/Raman-DetectData-Avg01-0170.txt,43904,1269,#k Index:	1.00000000E+0
Figure 3 & 5,20230317,18,detect_data,Figure 3 & 5/20230317/Raman/Run 18/Raman-DetectData-Avg01-0171.txt,43904,1269,#k Index:	0.00000000E+0
Figure 3 & 5,20230317,18,detect_data,Figure 3 & 5/20230317/Raman/Run 18/Raman-DetectData-Avg01-0172.txt,43865,1269,#k Index:	1.00000000E+0
Figure 3 & 5,20230317,18,detect_data,Figure 3 & 5/20230317/Raman/Run 18/Raman-DetectData-Avg01-0173.txt,43889,1269,#k Index:	0.00000000E+0
Figure 3 & 5,20230317,18,detect_data,Figure 3 & 5/20230317/Raman/Run 18/Raman-DetectData-Avg01-0174.txt,43915,1269,#k Index:	1.00000000E+0
Figure 3 & 5,20230317,18,detect_data,Figure 3 & 5/20230317/Raman/Run 18/Raman-DetectData-Avg01-0175.txt,43925,1269,#k Index:	0.00000000E+0
Figure 3 & 5,20230317,18,detect_data,Figure 3 & 5/20230317/Raman/Run 18/Raman-DetectData-Avg01-0176.txt,43956,1269,#k Index:	1.00000000E+0
Figure 3 & 5,20230317,18,detect_data,Figure 3 & 5/20230317/Raman/Run 18/Raman-DetectData-Avg01-0177.txt,43888,1269,#k Index:	0.00000000E+0
Figure 3 & 5,20230317,18,detect_data,Figure 3 & 5/20230317/Raman/Run 18/Raman-DetectData-Avg01-0178.txt,43886,1269,#k Index:	1.00000000E+0
Figure 3 & 5,20230317,18,detect_data,Figure 3 & 5/20230317/Raman/Run 18/Raman-DetectData-Avg01-0179.txt,43886,1269,#k Index:	0.00000000E+0
Figure 3 & 5,20230317,18,detect_data,Figure 3 & 5/20230317/Raman/Run 18/Raman-DetectData-Avg01-0180.txt,43875,1269,#k Index:	1.00000000E+0
Figure 3 & 5,20230317,18,detect_data,Figure 3 & 5/20230317/Raman/Run 18/Raman-DetectData-Avg01-0181.txt,43920,1269,#k Index:	0.00000000E+0
Figure 3 & 5,20230317,18,detect_data,Figure 3 & 5/20230317/Raman/Run 18/Raman-DetectData-Avg01-0182.txt,43889,1269,#k Index:	1.00000000E+0
Figure 3 & 5,20230317,18,detect_data,Figure 3 & 5/20230317/Raman/Run 18/Raman-DetectData-Avg01-0183.txt,43875,1269,#k Index:	0.00000000E+0
Figure 3 & 5,20230317,18,detect_data,Figure 3 & 5/20230317/Raman/Run 18/Raman-DetectData-Avg01-0184.txt,43911,1269,#k Index:	1.00000000E+0
Figure 3 & 5,20230317,18,detect_data,Figure 3 & 5/20230317/Raman/Run 18/Raman-DetectData-Avg01-0185.txt,43858,1269,#k Index:	0.00000000E+0
Figure 3 & 5,20230317,18,detect_data,Figure 3 & 5/20230317/Raman/Run 18/Raman-DetectData-Avg01-0186.txt,43886,1269,#k Index:	1.00000000E+0
Figure 3 & 5,20230317,18,detect_data,Figure 3 & 5/20230317/Raman/Run 18/Raman-DetectData-Avg01-0187.txt,43885,1269,#k Index:	0.00000000E+0
Figure 3 & 5,20230317,18,detect_data,Figure 3 & 5/20230317/Raman/Run 18/Raman-DetectData-Avg01-0188.txt,43914,1269,#k Index:	1.00000000E+0
Figure 3 & 5,20230317,18,detect_data,Figure 3 & 5/20230317/Raman/Run 18/Raman-DetectData-Avg01-0189.txt,43912,1269,#k Index:	0.00000000E+0
Figure 3 & 5,20230317,18,detect_data,Figure 3 & 5/20230317/Raman/Run 18/Raman-DetectData-Avg01-0190.txt,43908,1269,#k Index:	1.00000000E+0
Figure 3 & 5,20230317,18,detect_data,Figure 3 & 5/20230317/Raman/Run 18/Raman-DetectData-Avg01-0191.txt,43913,1269,#k Index:	0.00000000E+0
Figure 3 & 5,20230317,18,detect_data,Figure 3 & 5/20230317/Raman/Run 18/Raman-DetectData-Avg01-0192.txt,43910,1269,#k Index:	1.00000000E+0
Figure 3 & 5,20230317,18,detect_data,Figure 3 & 5/20230317/Raman/Run 18/Raman-DetectData-Avg01-0193.txt,43912,1269,#k Index:	0.00000000E+0
Figure 3 & 5,20230317,18,detect_data,Figure 3 & 5/20230317/Raman/Run 18/Raman-DetectData-Avg01-0194.txt,43888,1269,#k Index:	1.00000000E+0
Figure 3 & 5,20230317,18,detect_data,Figure 3 & 5/20230317/Raman/Run 18/Raman-DetectData-Avg01-0195.txt,43875,1269,#k Index:	0.00000000E+0
Figure 3 & 5,20230317,18,detect_data,Figure 3 & 5/20230317/Raman/Run 18/Raman-DetectData-Avg01-0196.txt,43862,1269,#k Index:	1.00000000E+0
Figure 3 & 5,20230317,18,detect_data,Figure 3 & 5/20230317/Raman/Run 18/Raman-DetectData-Avg01-0197.txt,43900,1269,#k Index:	0.00000000E+0
Figure 3 & 5,20230317,18,detect_data,Figure 3 & 5/20230317/Raman/Run 18/Raman-DetectData-Avg01-0198.txt,43949,1269,#k Index:	1.00000000E+0
Figure 3 & 5,20230317,18,detect_data,Figure 3 & 5/20230317/Raman/Run 18/Raman-DetectData-Avg01-0199.txt,43900,1269,#k Index:	0.00000000E+0
Figure 3 & 5,20230317,18,detect_data,Figure 3 & 5/20230317/Raman/Run 18/Raman-DetectData-Avg01-0200.txt,43957,1269,#k Index:	1.00000000E+0
Figure 3 & 5,20230317,18,detect_data,Figure 3 & 5/20230317/Raman/Run 18/Raman-DetectData-Avg01-0201.txt,43923,1269,#k Index:	0.00000000E+0
Figure 3 & 5,20230317,18,detect_data,Figure 3 & 5/20230317/Raman/Run 18/Raman-DetectData-Avg01-0202.txt,43895,1269,#k Index:	1.00000000E+0
Figure 3 & 5,20230317,18,detect_data,Figure 3 & 5/20230317/Raman/Run 18/Raman-DetectData-Avg01-0203.txt,43885,1269,#k Index:	0.00000000E+0
Figure 3 & 5,20230317,18,detect_data,Figure 3 & 5/20230317/Raman/Run 18/Raman-DetectData-Avg01-0204.txt,43894,1269,#k Index:	1.00000000E+0
Figure 3 & 5,20230317,18,detect_data,Figure 3 & 5/20230317/Raman/Run 18/Raman-DetectData-Avg01-0205.txt,43869,1269,#k Index:	0.00000000E+0
Figure 3 & 5,20230317,18,detect_data,Figure 3 & 5/20230317/Raman/Run 18/Raman-DetectData-Avg01-0206.txt,43920,1269,#k Index:	1.00000000E+0
Figure 3 & 5,20230317,18,detect_data,Figure 3 & 5/20230317/Raman/Run 18/Raman-DetectData-Avg01-0207.txt,43930,1269,#k Index:	0.00000000E+0
Figure 3 & 5,20230317,18,detect_data,Figure 3 & 5/20230317/Raman/Run 18/Raman-DetectData-Avg01-0208.txt,43903,1269,#k Index:	1.00000000E+0
Figure 3 & 5,20230317,18,detect_data,Figure 3 & 5/20230317/Raman/Run 18/Raman-DetectData-Avg01-0209.txt,43904,1269,#k Index:	0.00000000E+0
Figure 3 & 5,20230317,18,detect_data,Figure 3 & 5/20230317/Raman/Run 18/Raman-DetectData-Avg01-0210.txt,43891,1269,#k Index:	1.00000000E+0
Figure 3 & 5,20230317,18,detect_data,Figure 3 & 5/20230317/Raman/Run 18/Raman-DetectData-Avg01-0211.txt,43897,1269,#k Index:	0.00000000E+0
Figure 3 & 5,20230317,18,detect_data,Figure 3 & 5/20230317/Raman/Run 18/Raman-DetectData-Avg01-0212.txt,43933,1269,#k Index:	1.00000000E+0
Figure 3 & 5,20230317,18,detect_data,Figure 3 & 5/20230317/Raman/Run 18/Raman-DetectData-Avg01-0213.txt,43883,1269,#k Index:	0.00000000E+0
Figure 3 & 5,20230317,18,detect_data,Figure 3 & 5/20230317/Raman/Run 18/Raman-DetectData-Avg01-0214.txt,43903,1269,#k Index:	1.00000000E+0
Figure 3 & 5,20230317,18,detect_data,Figure 3 & 5/20230317/Raman/Run 18/Raman-DetectData-Avg01-0215.txt,43919,1269,#k Index:	0.00000000E+0
Figure 3 & 5,20230317,18,detect_data,Figure 3 & 5/20230317/Raman/Run 18/Raman-DetectData-Avg01-0216.txt,43869,1269,#k Index:	1.00000000E+0
Figure 3 & 5,20230317,18,detect_data,Figure 3 & 5/20230317/Raman/Run 18/Raman-DetectData-Avg01-0217.txt,43913,1269,#k Index:	0.00000000E+0
Figure 3 & 5,20230317,18,detect_data,Figure 3 & 5/20230317/Raman/Run 18/Raman-DetectData-Avg01-0218.txt,43857,1269,#k Index:	1.00000000E+0
Figure 3 & 5,20230317,18,detect_data,Figure 3 & 5/20230317/Raman/Run 18/Raman-DetectData-Avg01-0219.txt,43873,1269,#k Index:	0.00000000E+0
Figure 3 & 5,20230317,18,detect_data,Figure 3 & 5/20230317/Raman/Run 18/Raman-DetectData-Avg01-0220.txt,43879,1269,#k Index:	1.00000000E+0
Figure 3 & 5,20230317,18,detect_data,Figure 3 & 5/20230317/Raman/Run 18/Raman-DetectData-Avg01-0221.txt,43884,1269,#k Index:	0.00000000E+0
Figure 3 & 5,20230317,18,detect_data,Figure 3 & 5/20230317/Raman/Run 18/Raman-DetectData-Avg01-0222.txt,43916,1269,#k Index:	1.00000000E+0
Figure 3 & 5,20230317,18,detect_data,Figure 3 & 5/20230317/Raman/Run 18/Raman-DetectData-Avg01-0223.txt,43932,1269,#k Index:	0.00000000E+0
Figure 3 & 5,20230317,18,detect_data,Figure 3 & 5/20230317/Raman/Run 18/Raman-DetectData-Avg01-0224.txt,43869,1269,#k Index:	1.00000000E+0
Figure 3 & 5,20230317,18,detect_data,Figure 3 & 5/20230317/Raman/Run 18/Raman-DetectData-Avg01-0225.txt,43947,1269,#k Index:	0.00000000E+0
Figure 3 & 5,20230317,18,detect_data,Figure 3 & 5/20230317/Raman/Run 18/Raman-DetectData-Avg01-0226.txt,43859,1269,#k Index:	1.00000000E+0
Figure 3 & 5,20230317,18,detect_data,Figure 3 & 5/20230317/Raman/Run 18/Raman-DetectData-Avg01-0227.txt,43910,1269,#k Index:	0.00000000E+0
Figure 3 & 5,20230317,18,detect_data,Figure 3 & 5/20230317/Raman/Run 18/Raman-DetectData-Avg01-0228.txt,43900,1269,#k Index:	1.00000000E+0
Figure 3 & 5,20230317,18,detect_data,Figure 3 & 5/20230317/Raman/Run 18/Raman-DetectData-Avg01-0229.txt,43899,1269,#k Index:	0.00000000E+0
Figure 3 & 5,20230317,18,detect_data,Figure 3 & 5/20230317/Raman/Run 18/Raman-DetectData-Avg01-0230.txt,43895,1269,#k Index:	1.00000000E+0
Figure 3 & 5,20230317,18,detect_data,Figure 3 & 5/20230317/Raman/Run 18/Raman-DetectData-Avg01-0231.txt,43881,1269,#k Index:	0.00000000E+0
Figure 3 & 5,20230317,18,detect_data,Figure 3 & 5/20230317/Raman/Run 18/Raman-DetectData-Avg01-0232.txt,43878,1269,#k Index:	1.00000000E+0
Figure 3 & 5,20230317,18,detect_data,Figure 3 & 5/20230317/Raman/Run 18/Raman-DetectData-Avg01-0233.txt,43948,1269,#k Index:	0.00000000E+0
Figure 3 & 5,20230317,18,detect_data,Figure 3 & 5/20230317/Raman/Run 18/Raman-DetectData-Avg01-0234.txt,43865,1269,#k Index:	1.00000000E+0
Figure 3 & 5,20230317,18,detect_data,Figure 3 & 5/20230317/Raman/Run 18/Raman-DetectData-Avg01-0235.txt,43899,1269,#k Index:	0.00000000E+0
Figure 3 & 5,20230317,18,detect_data,Figure 3 & 5/20230317/Raman/Run 18/Raman-DetectData-Avg01-0236.txt,43887,1269,#k Index:	1.00000000E+0
Figure 3 & 5,20230317,18,detect_data,Figure 3 & 5/20230317/Raman/Run 18/Raman-DetectData-Avg01-0237.txt,43867,1269,#k Index:	0.00000000E+0
Figure 3 & 5,20230317,18,detect_data,Figure 3 & 5/20230317/Raman/Run 18/Raman-DetectData-Avg01-0238.txt,43884,1269,#k Index:	1.00000000E+0
Figure 3 & 5,20230317,18,detect_data,Figure 3 & 5/20230317/Raman/Run 18/Raman-DetectData-Avg01-0239.txt,43895,1269,#k Index:	0.00000000E+0
Figure 3 & 5,20230317,18,detect_data,Figure 3 & 5/20230317/Raman/Run 18/Raman-DetectData-Avg01-0240.txt,43876,1269,#k Index:	1.00000000E+0
Figure 3 & 5,20230317,18,detect_data,Figure 3 & 5/20230317/Raman/Run 18/Raman-DetectData-Avg01-0241.txt,43921,1269,#k Index:	0.00000000E+0
Figure 3 & 5,20230317,18,detect_data,Figure 3 & 5/20230317/Raman/Run 18/Raman-DetectData-Avg01-0242.txt,43921,1269,#k Index:	1.00000000E+0
Figure 3 & 5,20230317,18,avg01_ratios,Figure 3 & 5/20230317/Raman/Run 18/Raman-Run18-Avg01-Ratios-kD.txt,13867,122,#Iteration	Date	Time	Chirp	Phase	RamanAxis	RTPhase	NFringe	Ratio
Figure 3 & 5,20230317,18,avg01_ratios,Figure 3 & 5/20230317/Raman/Run 18/Raman-Run18-Avg01-Ratios-kU.txt,13744,122,#Iteration	Date	Time	Chirp	Phase	RamanAxis	RTPhase	NFringe	Ratio
Figure 3 & 5,20230317,18,avg_ratios,Figure 3 & 5/20230317/Raman/Run 18/Raman-Run18-AvgRatios-kD.txt,12052,122,#Iteration	Date	Time	Chirp	Phase	RamanAxis	RatioMean	RatioStdDev
Figure 3 & 5,20230317,18,avg_ratios,Figure 3 & 5/20230317/Raman/Run 18/Raman-Run18-AvgRatios-kU.txt,12050,122,#Iteration	Date	Time	Chirp	Phase	RamanAxis	RatioMean	RatioStdDev
Figure 3 & 5,20230317,18,rotations_data,Figure 3 & 5/20230317/Raman/Run 18/Raman-Run18-RotationsData.txt,33895,243,#Iteration	Date	Time	STSX	STSY	RotationRateX	RotationRateY	FrCntX	FrCntY	TiptiltCmd1	TiptiltCmd2	TiptiltMonitor1	TiptiltMonitor2
Figure 3 & 5,20230317,18,rt_data,Figure 3 & 5/20230317/Raman/Run 18/Raman-Run18-RTData.txt,24281,243,#Iteration	Date	Time	RTPhase	NFringe	AccelAxis	AccelMean	AccelTemp
Figure 3 & 5,20230317,19,parameters,Figure 3 & 5/20230317/Raman/Run 19/Parameters.txt,1633,60,Software Version: 3.4
Figure 3 & 5,20230317,19,detect_data,Figure 3 & 5/20230317/Raman/Run 19/Raman-DetectData-Avg01-0001.txt,43814,1269,#k Index:	0.00000000E+0
Figure 3 & 5,20230317,19,detect_data,Figure 3 & 5/20230317/Raman/Run 19/Raman-DetectData-Avg01-0002.txt,43886,1269,#k Index:	1.00000000E+0
Figure 3 & 5,20230317,19,detect_data,Figure 3 & 5/20230317/Raman/Run 19/Raman-DetectData-Avg01-0003.txt,43874,1269,#k Index:	0.00000000E+0
Figure 3 & 5,20230317,19,detect_data,Figure 3 & 5/20230317/Raman/Run 19/Raman-DetectData-Avg01-0004.txt,43814,1269,#k Index:	1.00000000E+0
Figure 3 & 5,20230317,19,detect_data,Figure 3 & 5/20230317/Raman/Run 19/Raman-DetectData-Avg01-0005.txt,43881,1269,#k Index:	0.00000000E+0
Figure 3 & 5,20230317,19,detect_data,Figure 3 & 5/20230317/Raman/Run 19/Raman-DetectData-Avg01-0006.txt,43871,1269,#k Index:	1.00000000E+0
Figure 3 & 5,20230317,19,detect_data,Figure 3 & 5/20230317/Raman/Run 19/Raman-DetectData-Avg01-0007.txt,43813,1269,#k Index:	0.00000000E+0
Figure 3 & 5,20230317,19,detect_data,Figure 3 & 5/20230317/Raman/Run 19/Raman-DetectData-Avg01-0008.txt,43898,1269,#k Index:	1.00000000E+0
Figure 3 & 5,20230317,19,detect_data,Figure 3 & 5/20230317/Raman/Run 19/Raman-DetectData-Avg01-0009.txt,43866,1269,#k Index:	0.00000000E+0
Figure 3 & 5,20230317,19,detect_data,Figure 3 & 5/20230317/Raman/Run 19/Raman-DetectData-Avg01-0010.txt,43823,1269,#k Index:	1.00000000E+0
Figure 3 & 5,20230317,19,detect_data,Figure 3 & 5/20230317/Raman/Run 19/Raman-DetectData-Avg01-0011.txt,43840,1269,#k Index:	0.00000000E+0
Figure 3 & 5,20230317,19,detect_data,Figure 3 & 5/20230317/Raman/Run 19/Raman-DetectData-Avg01-0012.txt,43840,1269,#k Index:	1.00000000E+0
Figure 3 & 5,20230317,19,detect_data,Figure 3 & 5/20230317/Raman/Run 19/Raman-DetectData-Avg01-0013.txt,43868,1269,#k Index:	0.00000000E+0
Figure 3 & 5,20230317,19,detect_data,Figure 3 & 5/20230317/Raman/Run 19/Raman-DetectData-Avg01-0014.txt,43821,1269,#k Index:	1.00000000E+0
Figure 3 & 5,20230317,19,detect_data,Figure 3 & 5/20230317/Raman/Run 19/Raman-DetectData-Avg01-0015.txt,43865,1269,#k Index:	0.00000000E+0
Figure 3 & 5,20230317,19,detect_data,Figure 3 & 5/20230317/Raman/Run 19/Raman-DetectData-Avg01-0016.txt,43870,1269,#k Index:	1.00000000E+0
Figure 3 & 5,20230317,19,detect_data,Figure 3 & 5/20230317/Raman/Run 19/Raman-DetectData-Avg01-0017.txt,43838,1269,#k Index:	0.00000000E+0
Figure 3 & 5,20230317,19,detect_data,Figure 3 & 5/20230317/Raman/Run 19/Raman-DetectData-Avg01-0018.txt,43837,1269,#k Index:	1.00000000E+0
Figure 3 & 5,20230317,19,detect_data,Figure 3 & 5/20230317/Raman/Run 19/Raman-DetectData-Avg01-0019.txt,43827,1269,#k Index:	0.00000000E+0
Figure 3 & 5,20230317,19,detect_data,Figure 3 & 5/20230317/Raman/Run 19/Raman-DetectData-Avg01-0020.txt,43881,1269,#k Index:	1.00000000E+0
Figure 3 & 5,20230317,19,detect_data,Figure 3 & 5/20230317/Raman/Run 19/Raman-DetectData-Avg01-0021.txt,43838,1269,#k Index:	0.00000000E+0
Figure 3 & 5,20230317,19,detect_data,Figure 3 & 5/20230317/Raman/Run 19/Raman-DetectData-Avg01-0022.txt,43886,1269,#k Index:	1.00000000E+0
Figure 3 & 5,20230317,19,detect_data,Figure 3 & 5/20230317/Raman/Run 19/Raman-DetectData-Avg01-0023.txt,43851,1269,#k Index:	0.00000000E+0
Figure 3 & 5,20230317,19,detect_data,Figure 3 & 5/20230317/Raman/Run 19/Raman-DetectData-Avg01-0024.txt,43838,1269,#k Index:	1.00000000E+0
Figure 3 & 5,20230317,19,detect_data,Figure 3 & 5/20230317/Raman/Run 19/Raman-DetectData-Avg01-0025.txt,43819,1269,#k Index:	0.00000000E+0
Figure 3 & 5,20230317,19,detect_data,Figure 3 & 5/20230317/Raman/Run 19/Raman-DetectData-Avg01-0026.txt,43873,1269,#k Index:	1.00000000E+0
Figure 3 & 5,20230317,19,detect_data,Figure 3 & 5/20230317/Raman/Run 19/Raman-DetectData-Avg01-0027.txt,43828,1269,#k Index:	0.00000000E+0
Figure 3 & 5,20230317,19,detect_data,Figure 3 & 5/20230317/Raman/Run 19/Raman-DetectData-Avg01-0028.txt,43845,1269,#k Index:	1.00000000E+0
Figure 3 & 5,20230317,19,detect_data,Figure 3 & 5/20230317/Raman/Run 19/Raman-DetectData-Avg01-0029.txt,43837,1269,#k Index:	0.00000000E+0
Figure 3 & 5,20230317,19,detect_data,Figure 3 & 5/20230317/Raman/Run 19/Raman-DetectData-Avg01-0030.txt,43844,1269,#k Index:	1.00000000E+0
Figure 3 & 5,20230317,19,detect_data,Figure 3 & 5/20230317/Raman/Run 19/Raman-DetectData-Avg01-0031.txt,43832,1269,#k Index:	0.00000000E+0
Figure 3 & 5,20230317,19,detect_data,Figure 3 & 5/20230317/Raman/Run 19/Raman-DetectData-Avg01-0032.txt,43861,1269,#k Index:	1.00000000E+0
Figure 3 & 5,20230317,19,detect_data,Figure 3 & 5/20230317/Raman/Run 19/Raman-DetectData-Avg01-0033.txt,43878,1269,#k Index:	0.00000000E+0
Figure 3 & 5,20230317,19,detect_data,Figure 3 & 5/20230317/Raman/Run 19/Raman-DetectData-Avg01-0034.txt,43839,1269,#k Index:	1.00000000E+0
Figure 3 & 5,20230317,19,detect_data,Figure 3 & 5/20230317/Raman/Run 19/Raman-DetectData-Avg01-0035.txt,43908,1269,#k Index:	0.00000000E+0
Figure 3 & 5,20230317,19,detect_data,Figure 3 & 5/20230317/Raman/Run 19/Raman-DetectData-Avg01-0036.txt,43863,1269,#k Index:	1.00000000E+0
Figure 3 & 5,20230317,19,detect_data,Figure 3 & 5/20230317/Raman/Run 19/Raman-DetectData-Avg01-0037.txt,43863,1269,#k Index:	0.00000000E+0
Figure 3 & 5,20230317,19,detect_data,Figure 3 & 5/20230317/Raman/Run 19/Raman-DetectData-Avg01-0038.txt,43871,1269,#k Index:	1.00000000E+0
Figure 3 & 5,20230317,19,detect_data,Figure 3 & 5/20230317/Raman/Run 19/Raman-DetectData-Avg01-0039.txt,43884,1269,#k Index:	0.00000000E+0
Figure 3 & 5,20230317,19,detect_data,Figure 3 & 5/20230317/Raman/Run 19/Raman-DetectData-Avg01-0040.txt,43851,1269,#k Index:	1.00000000E+0
Figure 3 & 5,20230317,19,detect_data,Figure 3 & 5/20230317/Raman/Run 19/Raman-DetectData-Avg01-0041.txt,43870,1269,#k Index:	0.00000000E+0
Figure 3 & 5,20230317,19,detect_data,Figure 3 & 5/20230317/Raman/Run 19/Raman-DetectData-Avg01-0042.txt,43915,1269,#k Index:	1.00000000E+0
Figure 3 & 5,20230317,19,detect_data,Figure 3 & 5/20230317/Raman/Run 19/Raman-DetectData-Avg01-0043.txt,43852,1269,#k Index:	0.00000000E+0
Figure 3 & 5,20230317,19,detect_data,Figure 3 & 5/20230317/Raman/Run 19/Raman-DetectData-Avg01-0044.txt,43857,1269,#k Index:	1.00000000E+0
Figure 3 & 5,20230317,19,detect_data,Figure 3 & 5/20230317/Raman/Run 19/Raman-DetectData-Avg01-0045.txt,43873,1269,#k Index:	0.00000000E+0
Figure 3 & 5,20230317,19,detect_data,Figure 3 & 5/20230317/Raman/Run 19/Raman-DetectData-Avg01-0046.txt,43884,1269,#k Index:	1.00000000E+0
Figure 3 & 5,20230317,19,detect_data,Figure 3 & 5/20230317/Raman/Run 19/Raman-DetectData-Avg01-0047.txt,43826,1269,#k Index:	0.00000000E+0
Figure 3 & 5,20230317,19,detect_data,Figure 3 & 5/20230317/Raman/Run 19/Raman-DetectData-Avg01-0048.txt,43844,1269,#k Index:	1.00000000E+0
Figure 3 & 5,20230317,19,detect_data,Figure 3 & 5/20230317/Raman/Run 19/Raman-DetectData-Avg01-0049.txt,43882,1269,#k Index:	0.00000000E+0
Figure 3 & 5,20230317,19,detect_data,Figure 3 & 5/20230317/Raman/Run 19/Raman-DetectData-Avg01-0050.txt,43830,1269,#k Index:	1.00000000E+0
Figure 3 & 5,20230317,19,detect_data,Figure 3 & 5/20230317/Raman/Run 19/Raman-DetectData-Avg01-0051.txt,43869,1269,#k Index:	0.00000000E+0
Figure 3 & 5,20230317,19,detect_data,Figure 3 & 5/20230317/Raman/Run 19/Raman-DetectData-Avg01-0052.txt,43876,1269,#k Index:	1.00000000E+0
Figure 3 & 5,20230317,19,detect_data,Figure 3 & 5/20230317/Raman/Run 19/Raman-DetectData-Avg01-0053.txt,43851,1269,#k Index:	0.00000000E+0
Figure 3 & 5,20230317,19,detect_data,Figure 3 & 5/20230317/Raman/Run 19/Raman-DetectData-Avg01-0054.txt,43852,1269,#k Index:	1.00000000E+0
Figure 3 & 5,20230317,19,detect_data,Figure 3 & 5/20230317/Raman/Run 19/Raman-DetectData-Avg01-0055.txt,43853,1269,#k Index:	0.00000000E+0
Figure 3 & 5,20230317,19,detect_data,Figure 3 & 5/20230317/Raman/Run 19/Raman-DetectData-Avg01-0056.txt,43856,1269,#k Index:	1.00000000E+0
Figure 3 & 5,20230317,19,detect_data,Figure 3 & 5/20230317/Raman/Run 19/Raman-DetectData-Avg01-0057.txt,43853,1269,#k Index:	0.00000000E+0
Figure 3 & 5,20230317,19,detect_data,Figure 3 & 5/20230317/Raman/Run 19/Raman-DetectData-Avg01-0058.txt,43827,1269,#k Index:	1.00000000E+0
Figure 3 & 5,20230317,19,detect_data,Figure 3 & 5/20230317/Raman/Run 19/Raman-DetectData-Avg01-0059.txt,43867,1269,#k Index:	0.00000000E+0
Figure 3 & 5,20230317,19,detect_data,Figure 3 & 5/20230317/Raman/Run 19/Raman-DetectData-Avg01-0060.txt,43905,1269,#k Index:	1.00000000E+0
Figure 3 & 5,20230317,19,detect_data,Figure 3 & 5/20230317/Raman/Run 19/Raman-DetectData-Avg01-0061.txt,43873,1269,#k Index:	0.00000000E+0
Figure 3 & 5,20230317,19,detect_data,Figure 3 & 5/20230317/Raman/Run 19/Raman-DetectData-Avg01-0062.txt,43882,1269,#k Index:	1.00000000E+0
Figure 3 & 5,20230317,19,detect_data,Figure 3 & 5/20230317/Raman/Run 19/Raman-DetectData-Avg01-0063.txt,43859,1269,#k Index:	0.00000000E+0
Figure 3 & 5,20230317,19,detect_data,Figure 3 & 5/20230317/Raman/Run 19/Raman-DetectData-Avg01-0064.txt,43851,1269,#k Index:	1.00000000E+0
Figure 3 & 5,20230317,19,detect_data,Figure 3 & 5/20230317/Raman/Run 19/Raman-DetectData-Avg01-0065.txt,43876,1269,#k Index:	0.00000000E+0
Figure 3 & 5,20230317,19,detect_data,Figure 3 & 5/20230317/Raman/Run 19/Raman-DetectData-Avg01-0066.txt,43826,1269,#k Index:	1.00000000E+0
Figure 3 & 5,20230317,19,detect_data,Figure 3 & 5/20230317/Raman/Run 19/Raman-DetectData-Avg01-0067.txt,43836,1269,#k Index:	0.00000000E+0
Figure 3 & 5,20230317,19,detect_data,Figure 3 & 5/20230317/Raman/Run 19/Raman-DetectData-Avg01-0068.txt,43868,1269,#k Index:	1.00000000E+0
Figure 3 & 5,20230317,19,detect_data,Figure 3 & 5/20230317/Raman/Run 19/Raman-DetectData-Avg01-0069.txt,43886,1269,#k Index:	0.00000000E+0
Figure 3 & 5,20230317,19,detect_data,Figure 3 & 5/20230317/Raman/Run 19/Raman-DetectData-Avg01-0070.txt,43868,1269,#k Index:	1.00000000E+0
Figure 3 & 5,20230317,19,detect_data,Figure 3 & 5/20230317/Raman/Run 19/Raman-DetectData-Avg01-0071.txt,43850,1269,#k Index:	0.00000000E+0
Figure 3 & 5,20230317,19,detect_data,Figure 3 & 5/20230317/Raman/Run 19/Raman-DetectData-Avg01-0072.txt,43865,1269,#k Index:	1.00000000E+0
Figure 3 & 5,20230317,19,detect_data,Figure 3 & 5/20230317/Raman/Run 19/Raman-DetectData-Avg01-0073.txt,43891,1269,#k Index:	0.00000000E+0
Figure 3 & 5,20230317,19,detect_data,Figure 3 & 5/20230317/Raman/Run 19/Raman-DetectData-Avg01-0074.txt,43828,1269,#k Index:	1.00000000E+0
Figure 3 & 5,20230317,19,detect_data,Figure 3 & 5/20230317/Raman/Run 19/Raman-DetectData-Avg01-0075.txt,43871,1269,#k Index:	0.00000000E+0
Figure 3 & 5,20230317,19,detect_data,Figure 3 & 5/20230317/Raman/Run 19/Raman-DetectData-Avg01-0076.txt,43867,1269,#k Index:	1.00000000E+0
Figure 3 & 5,20230317,19,detect_data,Figure 3 & 5/20230317/Raman/Run 19/Raman-DetectData-Avg01-0077.txt,43833,1269,#k Index:	0.00000000E+0
Figure 3 & 5,20230317,19,detect_data,Figure 3 & 5/20230317/Raman/Run 19/Raman-DetectData-Avg01-0078.txt,43903,1269,#k Index:	1.00000000E+0
Figure 3 & 5,20230317,19,detect_data,Figure 3 & 5/20230317/Raman/Run 19/Raman-DetectData-Avg01-0079.txt,43851,1269,#k Index:	0.00000000E+0
Figure 3 & 5,20230317,19,detect_data,Figure 3 & 5/20230317/Raman/Run 19/Raman-DetectData-Avg01-0080.txt,43836,1269,#k Index:	1.00000000E+0
Figure 3 & 5,20230317,19,detect_data,Figure 3 & 5/20230317/Raman/Run 19/Raman-DetectData-Avg01-0081.txt,43844,1269,#k Index:	0.00000000E+0
Figure 3 & 5,20230317,19,detect_data,Figure 3 & 5/20230317/Raman/Run 19/Raman-DetectData-Avg01-0082.txt,43860,1269,#k Index:	1.00000000E+0
Figure 3 & 5,20230317,19,detect_data,Figure 3 & 5/20230317/Raman/Run 19/Raman-DetectData-Avg01-0083.txt,43874,1269,#k Index:	0.00000000E+0
Figure 3 & 5,20230317,19,detect_data,Figure 3 & 5/20230317/Raman/Run 19/Raman-DetectData-Avg01-0084.txt,43856,1269,#k Index:	1.00000000E+0
Figure 3 & 5,20230317,19,detect_data,Figure 3 & 5/20230317/Raman/Run 19/Raman-DetectData-Avg01-0085.txt,43858,1269,#k Index:	0.00000000E+0
Figure 3 & 5,20230317,19,detect_data,Figure 3 & 5/20230317/Raman/Run 19/Raman-DetectData-Avg01-0086.txt,43831,1269,#k Index:	1.00000000E+0
Figure 3 & 5,20230317,19,detect_data,Figure 3 & 5/20230317/Raman/Run 19/Raman-DetectData-Avg01-0087.txt,43849,1269,#k Index:	0.00000000E+0
Figure 3 & 5,20230317,19,detect_data,Figure 3 & 5/20230317/Raman/Run 19/Raman-DetectData-Avg01-0088.txt,43853,1269,#k Index:	1.00000000E+0
Figure 3 & 5,20230317,19,detect_data,Figure 3 & 5/20230317/Raman/Run 19/Raman-DetectData-Avg01-0089.txt,43847,1269,#k Index:	0.00000000E+0
Figure 3 & 5,20230317,19,detect_data,Figure 3 & 5/20230317/Raman/Run 19/Raman-DetectData-Avg01-0090.txt,43865,1269,#k Index:	1.00000000E+0
Figure 3 & 5,20230317,19,detect_data,Figure 3 & 5/20230317/Raman/Run 19/Raman-DetectData-Avg01-0091.txt,43849,1269,#k Index:	0.00000000E+0
Figure 3 & 5,20230317,19,detect_data,Figure 3 & 5/20230317/Raman/Run 19/Raman-DetectData-Avg01-0092.txt,43904,1269,#k Index:	1.00000000E+0
Figure 3 & 5,20230317,19,detect_data,Figure 3 & 5/20230317/Raman/Run 19/Raman-DetectData-Avg01-0093.txt,43846,1269,#k Index:	0.00000000E+0
Figure 3 & 5,20230317,19,detect_data,Figure 3 & 5/20230317/Raman/Run 19/Raman-DetectData-Avg01-0094.txt,43863,1269,#k Index:	1.00000000E+0
Figure 3 & 5,20230317,19,detect_data,Figure 3 & 5/20230317/Raman/Run 19/Raman-DetectData-Avg01-0095.txt,43857,1269,#k Index:	0.00000000E+0
Figure 3 & 5,20230317,19,detect_data,Figure 3 & 5/20230317/Raman/Run 19/Raman-DetectData-Avg01-0096.txt,43893,1269,#k Index:	1.00000000E+0
Figure 3 & 5,20230317,19,detect_data,Figure 3 & 5/20230317/Raman/Run 19/Raman-DetectData-Avg01-0097.txt,43842,1269,#k Index:	0.00000000E+0
Figure 3 & 5,20230317,19,detect_data,Figure 3 & 5/20230317/Raman/Run 19/Raman-DetectData-Avg01-0098.txt,43852,1269,#k Index:	1.00000000E+0
Figure 3 & 5,20230317,19,detect_data,Figure 3 & 5/20230317/Raman/Run 19/Raman-DetectData-Avg01-0099.txt,43852,1269,#k Index:	0.00000000E+0
Figure 3 & 5,20230317,19,detect_data,Figure 3 & 5/20230317/Raman/Run 19/Raman-DetectData-Avg01-0100.txt,43859,1269,#k Index:	1.00000000E+0
Figure 3 & 5,20230317,19,detect_data,Figure 3 & 5/20230317/Raman/Run 19/Raman-DetectData-Avg01-0101.txt,43880,1269,#k Index:	0.00000000E+0
Figure 3 & 5,20230317,19,detect_data,Figure 3 & 5/20230317/Raman/Run 19/Raman-DetectData-Avg01-0102.txt,43904,1269,#k Index:	1.00000000E+0
Figure 3 & 5,20230317,19,detect_data,Figure 3 & 5/20230317/Raman/Run 19/Raman-DetectData-Avg01-0103.txt,43833,1269,#k Index:	0.00000000E+0
Figure 3 & 5,20230317,19,detect_data,Figure 3 & 5/20230317/Raman/Run 19/Raman-DetectData-Avg01-0104.txt,43914,1269,#k Index:	1.00000000E+0
Figure 3 & 5,20230317,19,detect_data,Figure 3 & 5/20230317/Raman/Run 19/Raman-DetectData-Avg01-0105.txt,43850,1269,#k Index:	0.00000000E+0
Figure 3 & 5,20230317,19,detect_data,Figure 3 & 5/20230317/Raman/Run 19/Raman-DetectData-Avg01-0106.txt,43887,1269,#k Index:	1.00000000E+0
Figure 3 & 5,20230317,19,detect_data,Figure 3 & 5/20230317/Raman/Run 19/Raman-DetectData-Avg01-0107.txt,43841,1269,#k Index:	0.00000000E+0
Figure 3 & 5,20230317,19,detect_data,Figure 3 & 5/20230317/Raman/Run 19/Raman-DetectData-Avg01-0108.txt,43874,1269,#k Index:	1.00000000E+0
Figure 3 & 5,20230317,19,detect_data,Figure 3 & 5/20230317/Raman/Run 19/Raman-DetectData-Avg01-0109.txt,43838,1269,#k Index:	0.00000000E+0
Figure 3 & 5,20230317,19,detect_data,Figure 3 & 5/20230317/Raman/Run 19/Raman-DetectData-Avg01-0110.txt,43895,1269,#k Index:	1.00000000E+0
Figure 3 & 5,20230317,19,detect_data,Figure 3 & 5/20230317/Raman/Run 19/Raman-DetectData-Avg01-0111.txt,43868,1269,#k Index:	0.00000000E+0
Figure 3 & 5,20230317,19,detect_data,Figure 3 & 5/20230317/Raman/Run 19/Raman-DetectData-Avg01-0112.txt,43872,1269,#k Index:	1.00000000E+0
Figure 3 & 5,20230317,19,detect_data,Figure 3 & 5/20230317/Raman/Run 19/Raman-DetectData-Avg01-0113.txt,43848,1269,#k Index:	0.00000000E+0
Figure 3 & 5,20230317,19,detect_data,Figure 3 & 5/20230317/Raman/Run 19/Raman-DetectData-Avg01-0114.txt,43859,1269,#k Index:	1.00000000E+0
Figure 3 & 5,20230317,19,detect_data,Figure 3 & 5/20230317/Raman/Run 19/Raman-DetectData-Avg01-0115.txt,43867,1269,#k Index:	0.00000000E+0
Figure 3 & 5,20230317,19,detect_data,Figure 3 & 5/20230317/Raman/Run 19/Raman-DetectData-Avg01-0116.txt,43867,1269,#k Index:	1.00000000E+0
Figure 3 & 5,20230317,19,detect_data,Figure 3 & 5/20230317/Raman/Run 19/Raman-DetectData-Avg01-0117.txt,43892,1269,#k Index:	0.00000000E+0
Figure 3 & 5,20230317,19,detect_data,Figure 3 & 5/20230317/Raman/Run 19/Raman-DetectData-Avg01-0118.txt,43895,1269,#k Index:	1.00000000E+0
Figure 3 & 5,20230317,19,detect_data,Figure 3 & 5/20230317/Raman/Run 19/Raman-DetectData-Avg01-0119.txt,43823,1269,#k Index:	0.00000000E+0
Figure 3 & 5,20230317,19,detect_data,Figure 3 & 5/20230317/Raman/Run 19/Raman-DetectData-Avg01-0120.txt,43857,1269,#k Index:	1.00000000E+0
Figure 3 & 5,20230317,19,detect_data,Figure 3 & 5/20230317/Raman/Run 19/Raman-DetectData-Avg01-0121.txt,43860,1269,#k Index:	0.00000000E+0
Figure 3 & 5,20230317,19,detect_data,Figure 3 & 5/20230317/Raman/Run 19/Raman-DetectData-Avg01-0122.txt,43895,1269,#k Index:	1.00000000E+0
Figure 3 & 5,20230317,19,detect_data,Figure 3 & 5/20230317/Raman/Run 19/Raman-DetectData-Avg01-0123.txt,43872,1269,#k Index:	0.00000000E+0
Figure 3 & 5,20230317,19,detect_data,Figure 3 & 5/20230317/Raman/Run 19/Raman-DetectData-Avg01-0124.txt,43870,1269,#k Index:	1.00000000E+0
Figure 3 & 5,20230317,19,detect_data,Figure 3 & 5/20230317/Raman/Run 19/Raman-DetectData-Avg01-0125.txt,43850,1269,#k Index:	0.00000000E+0
Figure 3 & 5,20230317,19,detect_data,Figure 3 & 5/20230317/Raman/Run 19/Raman-DetectData-Avg01-0126.txt,43823,1269,#k Index:	1.00000000E+0
Figure 3 & 5,20230317,19,detect_data,Figure 3 & 5/20230317/Raman/Run 19/Raman-DetectData-Avg01-0127.txt,43863,1269,#k Index:	0.00000000E+0
Figure 3 & 5,20230317,19,detect_data,Figure 3 & 5/20230317/Raman/Run 19/Raman-DetectData-Avg01-0128.txt,43845,1269,#k Index:	1.00000000E+0
Figure 3 & 5,20230317,19,detect_data,Figure 3 & 5/20230317/Raman/Run 19/Raman-DetectData-Avg01-0129.txt,43858,1269,#k Index:	0.00000000E+0
Figure 3 & 5,20230317,19,detect_data,Figure 3 & 5/20230317/Raman/Run 19/Raman-DetectData-Avg01-0130.txt,43852,1269,#k Index:	1.00000000E+0
Figure 3 & 5,20230317,19,detect_data,Figure 3 & 5/20230317/Raman/Run 19/Raman-DetectData-Avg01-0131.txt,43891,1269,#k Index:	0.00000000E+0
Figure 3 & 5,20230317,19,detect_data,Figure 3 & 5/20230317/Raman/Run 19/Raman-DetectData-Avg01-0132.txt,43868,1269,#k Index:	1.00000000E+0
Figure 3 & 5,20230317,19,detect_data,Figure 3 & 5/20230317/Raman/Run 19/Raman-DetectData-Avg01-0133.txt,43866,1269,#k Index:	0.00000000E+0
Figure 3 & 5,20230317,19,detect_data,Figure 3 & 5/20230317/Raman/Run 19/Raman-DetectData-Avg01-0134.txt,43865,1269,#k Index:	1.00000000E+0
Figure 3 & 5,20230317,19,detect_data,Figure 3 & 5/20230317/Raman/Run 19/Raman-DetectData-Avg01-0135.txt,43854,1269,#k Index:	0.00000000E+0
Figure 3 & 5,20230317,19,detect_data,Figure 3 & 5/20230317/Raman/Run 19/Raman-DetectData-Avg01-0136.txt,43915,1269,#k Index:	1.00000000E+0
Figure 3 & 5,20230317,19,detect_data,Figure 3 & 5/20230317/Raman/Run 19/Raman-DetectData-Avg01-0137.txt,43864,1269,#k Index:	0.00000000E+0
Figure 3 & 5,20230317,19,detect_data,Figure 3 & 5/20230317/Raman/Run 19/Raman-DetectData-Avg01-0138.txt,43874,1269,#k Index:	1.00000000E+0
Figure 3 & 5,20230317,19,detect_data,Figure 3 & 5/20230317/Raman/Run 19/Raman-DetectData-Avg01-0139.txt,43849,1269,#k Index:	0.00000000E+0
Figure 3 & 5,20230317,19,detect_data,Figure 3 & 5/20230317/Raman/Run 19/Raman-DetectData-Avg01-0140.txt,43857,1269,#k Index:	1.00000000E+0
Figure 3 & 5,20230317,19,detect_data,Figure 3 & 5/20230317/Raman/Run 19/Raman-DetectData-Avg01-0141.txt,43848,1269,#k Index:	0.00000000E+0
Figure 3 & 5,20230317,19,detect_data,Figure 3 & 5/20230317/Raman/Run 19/Raman-DetectData-Avg01-0142.txt,43867,1269,#k Index:	1.00000000E+0
Figure 3 & 5,20230317,19,detect_data,Figure 3 & 5/20230317/Raman/Run 19/Raman-DetectData-Avg01-0143.txt,43920,1269,#k Index:	0.00000000E+0
Figure 3 & 5,20230317,19,detect_data,Figure 3 & 5/20230317/Raman/Run 19/Raman-DetectData-Avg01-0144.txt,43825,1269,#k Index:	1.00000000E+0
Figure 3 & 5,20230317,19,detect_data,Figure 3 & 5/20230317/Raman/Run 19/Raman-DetectData-Avg01-0145.txt,43848,1269,#k Index:	0.00000000E+0
Figure 3 & 5,20230317,19,detect_data,Figure 3 & 5/20230317/Raman/Run 19/Raman-DetectData-Avg01-0146.txt,43860,1269,#k Index:	1.00000000E+0
Figure 3 & 5,20230317,19,detect_data,Figure 3 & 5/20230317/Raman/Run 19/Raman-DetectData-Avg01-0147.txt,43878,1269,#k Index:	0.00000000E+0
Figure 3 & 5,20230317,19,detect_data,Figure 3 & 5/20230317/Raman/Run 19/Raman-DetectData-Avg01-0148.txt,43881,1269,#k Index:	1.00000000E+0
Figure 3 & 5,20230317,19,detect_data,Figure 3 & 5/20230317/Raman/Run 19/Raman-DetectData-Avg01-0149.txt,43862,1269,#k Index:	0.00000000E+0
Figure 3 & 5,20230317,19,detect_data,Figure 3 & 5/20230317/Raman/Run 19/Raman-DetectData-Avg01-0150.txt,43903,1269,#k Index:	1.00000000E+0
Figure 3 & 5,20230317,19,detect_data,Figure 3 & 5/20230317/Raman/Run 19/Raman-DetectData-Avg01-0151.txt,43863,1269,#k Index:	0.00000000E+0
Figure 3 & 5,20230317,19,detect_data,Figure 3 & 5/20230317/Raman/Run 19/Raman-DetectData-Avg01-0152.txt,43884,1269,#k Index:	1.00000000E+0
Figure 3 & 5,20230317,19,detect_data,Figure 3 & 5/20230317/Raman/Run 19/Raman-DetectData-Avg01-0153.txt,43882,1269,#k Index:	0.00000000E+0
Figure 3 & 5,20230317,19,detect_data,Figure 3 & 5/20230317/Raman/Run 19/Raman-DetectData-Avg01-0154.txt,43848,1269,#k Index:	1.00000000E+0
Figure 3 & 5,20230317,19,detect_data,Figure 3 & 5/20230317/Raman/Run 19/Raman-DetectData-Avg01-0155.txt,43871,1269,#k Index:	0.00000000E+0
Figure 3 & 5,20230317,19,detect_data,Figure 3 & 5/20230317/Raman/Run 19/Raman-DetectData-Avg01-0156.txt,43893,1269,#k Index:	1.00000000E+0
Figure 3 & 5,20230317,19,detect_data,Figure 3 & 5/20230317/Raman/Run 19/Raman-DetectData-Avg01-0157.txt,43894,1269,#k Index:	0.00000000E+0
Figure 3 & 5,20230317,19,detect_data,Figure 3 & 5/20230317/Raman/Run 19/Raman-DetectData-Avg01-0158.txt,43883,1269,#k Index:	1.00000000E+0
Figure 3 & 5,20230317,19,detect_data,Figure 3 & 5/20230317/Raman/Run 19/Raman-DetectData-Avg01-0159.txt,43871,1269,#k Index:	0.00000000E+0
Figure 3 & 5,20230317,19,detect_data,Figure 3 & 5/20230317/Raman/Run 19/Raman-DetectData-Avg01-0160.txt,43855,1269,#k Index:	1.00000000E+0
Figure 3 & 5,20230317,19,detect_data,Figure 3 & 5/20230317/Raman/Run 19/Raman-DetectData-Avg01-0161.txt,43845,1269,#k Index:	0.00000000E+0
Figure 3 & 5,20230317,19,detect_data,Figure 3 & 5/20230317/Raman/Run 19/Raman-DetectData-Avg01-0162.txt,43856,1269,#k Index:	1.00000000E+0
Figure 3 & 5,20230317,19,detect_data,Figure 3 & 5/20230317/Raman/Run 19/Raman-DetectData-Avg01-0163.txt,43868,1269,#k Index:	0.00000000E+0
Figure 3 & 5,20230317,19,detect_data,Figure 3 & 5/20230317/Raman/Run 19/Raman-DetectData-Avg01-0164.txt,43836,1269,#k Index:	1.00000000E+0
Figure 3 & 5,20230317,19,detect_data,Figure 3 & 5/20230317/Raman/Run 19/Raman-DetectData-Avg01-0165.txt,43853,1269,#k Index:	0.00000000E+0
Figure 3 & 5,20230317,19,detect_data,Figure 3 & 5/20230317/Raman/Run 19/Raman-DetectData-Avg01-0166.txt,43875,1269,#k Index:	1.00000000E+0
Figure 3 & 5,20230317,19,detect_data,Figure 3 & 5/20230317/Raman/Run 19/Raman-DetectData-Avg01-0167.txt,43882,1269,#k Index:	0.00000000E+0
Figure 3 & 5,20230317,19,detect_data,Figure 3 & 5/20230317/Raman/Run 19/Raman-DetectData-Avg01-0168.txt,43842,1269,#k Index:	1.00000000E+0
Figure 3 & 5,20230317,19,detect_data,Figure 3 & 5/20230317/Raman/Run 19/Raman-DetectData-Avg01-0169.txt,43839,1269,#k Index:	0.00000000E+0
Figure 3 & 5,20230317,19,detect_data,Figure 3 & 5/20230317/Raman/Run 19/Raman-DetectData-Avg01-0170.txt,43883,1269,#k Index:	1.00000000E+0
Figure 3 & 5,20230317,19,detect_data,Figure 3 & 5/20230317/Raman/Run 19/Raman-DetectData-Avg01-0171.txt,43846,1269,#k Index:	0.00000000E+0
Figure 3 & 5,20230317,19,detect_data,Figure 3 & 5/20230317/Raman/Run 19/Raman-DetectData-Avg01-0172.txt,43844,1269,#k Index:	1.00000000E+0
Figure 3 & 5,20230317,19,detect_data,Figure 3 & 5/20230317/Raman/Run 19/Raman-DetectData-Avg01-0173.txt,43841,1269,#k Index:	0.00000000E+0
Figure 3 & 5,20230317,19,detect_data,Figure 3 & 5/20230317/Raman/Run 19/Raman-DetectData-Avg01-0174.txt,43850,1269,#k Index:	1.00000000E+0
Figure 3 & 5,20230317,19,detect_data,Figure 3 & 5/20230317/Raman/Run 19/Raman-DetectData-Avg01-0175.txt,43856,1269,#k Index:	0.00000000E+0
Figure 3 & 5,20230317,19,detect_data,Figure 3 & 5/20230317/Raman/Run 19/Raman-DetectData-Avg01-0176.txt,43865,1269,#k Index:	1.00000000E+0
Figure 3 & 5,20230317,19,detect_data,Figure 3 & 5/20230317/Raman/Run 19/Raman-DetectData-Avg01-0177.txt,43888,1269,#k Index:	0.00000000E+0
Figure 3 & 5,20230317,19,detect_data,Figure 3 & 5/20230317/Raman/Run 19/Raman-DetectData-Avg01-0178.txt,43879,1269,#k Index:	1.00000000E+0
Figure 3 & 5,20230317,19,detect_data,Figure 3 & 5/20230317/Raman/Run 19/Raman-DetectData-Avg01-0179.txt,43890,1269,#k Index:	0.00000000E+0
Figure 3 & 5,20230317,19,detect_data,Figure 3 & 5/20230317/Raman/Run 19/Raman-DetectData-Avg01-0180.txt,43868,1269,#k Index:	1.00000000E+0
Figure 3 & 5,20230317,19,detect_data,Figure 3 & 5/20230317/Raman/Run 19/Raman-DetectData-Avg01-0181.txt,43861,1269,#k Index:	0.00000000E+0
Figure 3 & 5,20230317,19,detect_data,Figure 3 & 5/20230317/Raman/Run 19/Raman-DetectData-Avg01-0182.txt,43897,1269,#k Index:	1.00000000E+0
Figure 3 & 5,20230317,19,detect_data,Figure 3 & 5/20230317/Raman/Run 19/Raman-DetectData-Avg01-0183.txt,43876,1269,#k Index:	0.00000000E+0
Figure 3 & 5,20230317,19,detect_data,Figure 3 & 5/20230317/Raman/Run 19/Raman-DetectData-Avg01-0184.txt,43840,1269,#k Index:	1.00000000E+0
Figure 3 & 5,20230317,19,detect_data,Figure 3 & 5/20230317/Raman/Run 19/Raman-DetectData-Avg01-0185.txt,43855,1269,#k Index:	0.00000000E+0
Figure 3 & 5,20230317,19,detect_data,Figure 3 & 5/20230317/Raman/Run 19/Raman-DetectData-Avg01-0186.txt,43848,1269,#k Index:	1.00000000E+0
Figure 3 & 5,20230317,19,detect_data,Figure 3 & 5/20230317/Raman/Run 19/Raman-DetectData-Avg01-0187.txt,43822,1269,#k Index:	0.00000000E+0
Figure 3 & 5,20230317,19,detect_data,Figure 3 & 5/20230317/Raman/Run 19/Raman-DetectData-Avg01-0188.txt,43827,1269,#k Index:	1.00000000E+0
Figure 3 & 5,20230317,19,detect_data,Figure 3 & 5/20230317/Raman/Run 19/Raman-DetectData-Avg01-0189.txt,43859,1269,#k Index:	0.00000000E+0
Figure 3 & 5,20230317,19,detect_data,Figure 3 & 5/20230317/Raman/Run 19/Raman-DetectData-Avg01-0190.txt,43835,1269,#k Index:	1.00000000E+0
Figure 3 & 5,20230317,19,detect_data,Figure 3 & 5/20230317/Raman/Run 19/Raman-DetectData-Avg01-0191.txt,43818,1269,#k Index:	0.00000000E+0
Figure 3 & 5,20230317,19,detect_data,Figure 3 & 5/20230317/Raman/Run 19/Raman-DetectData-Avg01-0192.txt,43860,1269,#k Index:	1.00000000E+0
Figure 3 & 5,20230317,19,detect_data,Figure 3 & 5/20230317/Raman/Run 19/Raman-DetectData-Avg01-0193.txt,43906,1269,#k Index:	0.00000000E+0
Figure 3 & 5,20230317,19,detect_data,Figure 3 & 5/20230317/Raman/Run 19/Raman-DetectData-Avg01-0194.txt,43828,1269,#k Index:	1.00000000E+0
Figure 3 & 5,20230317,19,detect_data,Figure 3 & 5/20230317/Raman/Run 19/Raman-DetectData-Avg01-0195.txt,43855,1269,#k Index:	0.00000000E+0
Figure 3 & 5,20230317,19,detect_data,Figure 3 & 5/20230317/Raman/Run 19/Raman-DetectData-Avg01-0196.txt,43862,1269,#k Index:	1.00000000E+0
Figure 3 & 5,20230317,19,detect_data,Figure 3 & 5/20230317/Raman/Run 19/Raman-DetectData-Avg01-0197.txt,43859,1269,#k Index:	0.00000000E+0
Figure 3 & 5,20230317,19,detect_data,Figure 3 & 5/20230317/Raman/Run 19/Raman-DetectData-Avg01-0198.txt,43879,1269,#k Index:	1.00000000E+0
Figure 3 & 5,20230317,19,detect_data,Figure 3 & 5/20230317/Raman/Run 19/Raman-DetectData-Avg01-0199.txt,43880,1269,#k Index:	0.00000000E+0
Figure 3 & 5,20230317,19,detect_data,Figure 3 & 5/20230317/Raman/Run 19/Raman-DetectData-Avg01-0200.txt,43846,1269,#k Index:	1.00000000E+0
Figure 3 & 5,20230317,19,detect_data,Figure 3 & 5/20230317/Raman/Run 19/Raman-DetectData-Avg01-0201.txt,43871,1269,#k Index:	0.00000000E+0
Figure 3 & 5,20230317,19,detect_data,Figure 3 & 5/20230317/Raman/Run 19/Raman-DetectData-Avg01-0202.txt,43907,1269,#k Index:	1.00000000E+0
Figure 3 & 5,20230317,19,detect_data,Figure 3 & 5/20230317/Raman/Run 19/Raman-DetectData-Avg01-0203.txt,43857,1269,#k Index:	0.00000000E+0
Figure 3 & 5,20230317,19,detect_data,Figure 3 & 5/20230317/Raman/Run 19/Raman-DetectData-Avg01-0204.txt,43865,1269,#k Index:	1.00000000E+0
Figure 3 & 5,20230317,19,detect_data,Figure 3 & 5/20230317/Raman/Run 19/Raman-DetectData-Avg01-0205.txt,43864,1269,#k Index:	0.00000000E+0
Figure 3 & 5,20230317,19,detect_data,Figure 3 & 5/20230317/Raman/Run 19/Raman-DetectData-Avg01-0206.txt,43839,1269,#k Index:	1.00000000E+0
Figure 3 & 5,20230317,19,detect_data,Figure 3 & 5/20230317/Raman/Run 19/Raman-DetectData-Avg01-0207.txt,43852,1269,#k Index:	0.00000000E+0
Figure 3 & 5,20230317,19,detect_data,Figure 3 & 5/20230317/Raman/Run 19/Raman-DetectData-Avg01-0208.txt,43875,1269,#k Index:	1.00000000E+0
Figure 3 & 5,20230317,19,detect_data,Figure 3 & 5/20230317/Raman/Run 19/Raman-DetectData-Avg01-0209.txt,43837,1269,#k Index:	0.00000000E+0
Figure 3 & 5,20230317,19,detect_data,Figure 3 & 5/20230317/Raman/Run 19/Raman-DetectData-Avg01-0210.txt,43863,1269,#k Index:	1.00000000E+0
Figure 3 & 5,20230317,19,detect_data,Figure 3 & 5/20230317/Raman/Run 19/Raman-DetectData-Avg01-0211.txt,43834,1269,#k Index:	0.00000000E+0
Figure 3 & 5,20230317,19,detect_data,Figure 3 & 5/20230317/Raman/Run 19/Raman-DetectData-Avg01-0212.txt,43871,1269,#k Index:	1.00000000E+0
Figure 3 & 5,20230317,19,detect_data,Figure 3 & 5/20230317/Raman/Run 19/Raman-DetectData-Avg01-0213.txt,43872,1269,#k Index:	0.00000000E+0
Figure 3 & 5,20230317,19,detect_data,Figure 3 & 5/20230317/Raman/Run 19/Raman-DetectData-Avg01-0214.txt,43870,1269,#k Index:	1.00000000E+0
Figure 3 & 5,20230317,19,detect_data,Figure 3 & 5/20230317/Raman/Run 19/Raman-DetectData-Avg01-0215.txt,43836,1269,#k Index:	0.00000000E+0
Figure 3 & 5,20230317,19,detect_data,Figure 3 & 5/20230317/Raman/Run 19/Raman-DetectData-Avg01-0216.txt,43915,1269,#k Index:	1.00000000E+0
Figure 3 & 5,20230317,19,detect_data,Figure 3 & 5/20230317/Raman/Run 19/Raman-DetectData-Avg01-0217.txt,43868,1269,#k Index:	0.00000000E+0
Figure 3 & 5,20230317,19,detect_data,Figure 3 & 5/20230317/Raman/Run 19/Raman-DetectData-Avg01-0218.txt,43842,1269,#k Index:	1.00000000E+0
Figure 3 & 5,20230317,19,detect_data,Figure 3 & 5/20230317/Raman/Run 19/Raman-DetectData-Avg01-0219.txt,43859,1269,#k Index:	0.00000000E+0
Figure 3 & 5,20230317,19,detect_data,Figure 3 & 5/20230317/Raman/Run 19/Raman-DetectData-Avg01-0220.txt,43851,1269,#k Index:	1.00000000E+0
Figure 3 & 5,20230317,19,detect_data,Figure 3 & 5/20230317/Raman/Run 19/Raman-DetectData-Avg01-0221.txt,43819,1269,#k Index:	0.00000000E+0
Figure 3 & 5,20230317,19,detect_data,Figure 3 & 5/20230317/Raman/Run 19/Raman-DetectData-Avg01-0222.txt,43875,1269,#k Index:	1.00000000E+0
Figure 3 & 5,20230317,19,detect_data,Figure 3 & 5/20230317/Raman/Run 19/Raman-DetectData-Avg01-0223.txt,43891,1269,#k Index:	0.00000000E+0
Figure 3 & 5,20230317,19,detect_data,Figure 3 & 5/20230317/Raman/Run 19/Raman-DetectData-Avg01-0224.txt,43840,1269,#k Index:	1.00000000E+0
Figure 3 & 5,20230317,19,detect_data,Figure 3 & 5/20230317/Raman/Run 19/Raman-DetectData-Avg01-0225.txt,43847,1269,#k Index:	0.00000000E+0
Figure 3 & 5,20230317,19,detect_data,Figure 3 & 5/20230317/Raman/Run 19/Raman-DetectData-Avg01-0226.txt,43915,1269,#k Index:	1.00000000E+0
Figure 3 & 5,20230317,19,detect_data,Figure 3 & 5/20230317/Raman/Run 19/Raman-DetectData-Avg01-0227.txt,43857,1269,#k Index:	0.00000000E+0
Figure 3 & 5,20230317,19,detect_data,Figure 3 & 5/20230317/Raman/Run 19/Raman-DetectData-Avg01-0228.txt,43856,1269,#k Index:	1.00000000E+0
Figure 3 & 5,20230317,19,detect_data,Figure 3 & 5/20230317/Raman/Run 19/Raman-DetectData-Avg01-0229.txt,43860,1269,#k Index:	0.00000000E+0
Figure 3 & 5,20230317,19,detect_data,Figure 3 & 5/20230317/Raman/Run 19/Raman-DetectData-Avg01-0230.txt,43837,1269,#k Index:	1.00000000E+0
Figure 3 & 5,20230317,19,detect_data,Figure 3 & 5/20230317/Raman/Run 19/Raman-DetectData-Avg01-0231.txt,43854,1269,#k Index:	0.00000000E+0
Figure 3 & 5,20230317,19,detect_data,Figure 3 & 5/20230317/Raman/Run 19/Raman-DetectData-Avg01-0232.txt,43869,1269,#k Index:	1.00000000E+0
Figure 3 & 5,20230317,19,detect_data,Figure 3 & 5/20230317/Raman/Run 19/Raman-DetectData-Avg01-0233.txt,43847,1269,#k Index:	0.00000000E+0
Figure 3 & 5,20230317,19,detect_data,Figure 3 & 5/20230317/Raman/Run 19/Raman-DetectData-Avg01-0234.txt,43852,1269,#k Index:	1.00000000E+0
Figure 3 & 5,20230317,19,detect_data,Figure 3 & 5/20230317/Raman/Run 19/Raman-DetectData-Avg01-0235.txt,43814,1269,#k Index:	0.00000000E+0
Figure 3 & 5,20230317,19,detect_data,Figure 3 & 5/20230317/Raman/Run 19/Raman-DetectData-Avg01-0236.txt,43847,1269,#k Index:	1.00000000E+0
Figure 3 & 5,20230317,19,detect_data,Figure 3 & 5/20230317/Raman/Run 19/Raman-DetectData-Avg01-0237.txt,43860,1269,#k Index:	0.00000000E+0
Figure 3 & 5,20230317,19,detect_data,Figure 3 & 5/20230317/Raman/Run 19/Raman-DetectData-Avg01-0238.txt,43832,1269,#k Index:	1.00000000E+0
Figure 3 & 5,20230317,19,detect_data,Figure 3 & 5/20230317/Raman/Run 19/Raman-DetectData-Avg01-0239.txt,43819,1269,#k Index:	0.00000000E+0
Figure 3 & 5,20230317,19,detect_data,Figure 3 & 5/20230317/Raman/Run 19/Raman-DetectData-Avg01-0240.txt,43859,1269,#k Index:	1.00000000E+0
Figure 3 & 5,20230317,19,detect_data,Figure 3 & 5/20230317/Raman/Run 19/Raman-DetectData-Avg01-0241.txt,43843,1269,#k Index:	0.00000000E+0
Figure 3 & 5,20230317,19,detect_data,Figure 3 & 5/20230317/Raman/Run 19/Raman-DetectData-Avg01-0242.txt,43856,1269,#k Index:	1.00000000E+0
Figure 3 & 5,20230317,19,avg01_ratios,Figure 3 & 5/20230317/Raman/Run 19/Raman-Run19-Avg01-Ratios-kD.txt,13867,122,#Iteration	Date	Time	Chirp	Phase	RamanAxis	RTPhase	NFringe	Ratio
Figure 3 & 5,20230317,19,avg01_ratios,Figure 3 & 5/20230317/Raman/Run 19/Raman-Run19-Avg01-Ratios-kU.txt,13744,122,#Iteration	Date	Time	Chirp	Phase	RamanAxis	RTPhase	NFringe	Ratio
Figure 3 & 5,20230317,19,avg_ratios,Figure 3 & 5/20230317/Raman/Run 19/Raman-Run19-AvgRatios-kD.txt,12052,122,#Iteration	Date	Time	Chirp	Phase	RamanAxis	RatioMean	RatioStdDev
Figure 3 & 5,20230317,19,avg_ratios,Figure 3 & 5/20230317/Raman/Run 19/Raman-Run19-AvgRatios-kU.txt,12050,122,#Iteration	Date	Time	Chirp	Phase	RamanAxis	RatioMean	RatioStdDev
Figure 3 & 5,20230317,19,rotations_data,Figure 3 & 5/20230317/Raman/Run 19/Raman-Run19-RotationsData.txt,33913,243,#Iteration	Date	Time	STSX	STSY	RotationRateX	RotationRateY	FrCntX	FrCntY	TiptiltCmd1	TiptiltCmd2	TiptiltMonitor1	TiptiltMonitor2
Figure 3 & 5,20230317,19,rt_data,Figure 3 & 5/20230317/Raman/Run 19/Raman-Run19-RTData.txt,24281,243,#Iteration	Date	Time	RTPhase	NFringe	AccelAxis	AccelMean	AccelTemp
Figure 3 & 5,20230317,20,parameters,Figure 3 & 5/20230317/Raman/Run 20/Parameters.txt,1633,60,Software Version: 3.4
Figure 3 & 5,20230317,20,detect_data,Figure 3 & 5/20230317/Raman/Run 20/Raman-DetectData-Avg01-0001.txt,43826,1269,#k Index:	0.00000000E+0
Figure 3 & 5,20230317,20,detect_data,Figure 3 & 5/20230317/Raman/Run 20/Raman-DetectData-Avg01-0002.txt,43810,1269,#k Index:	1.00000000E+0
Figure 3 & 5,20230317,20,detect_data,Figure 3 & 5/20230317/Raman/Run 20/Raman-DetectData-Avg01-0003.txt,43833,1269,#k Index:	0.00000000E+0
Figure 3 & 5,20230317,20,detect_data,Figure 3 & 5/20230317/Raman/Run 20/Raman-DetectData-Avg01-0004.txt,43818,1269,#k Index:	1.00000000E+0
Figure 3 & 5,20230317,20,detect_data,Figure 3 & 5/20230317/Raman/Run 20/Raman-DetectData-Avg01-0005.txt,43828,1269,#k Index:	0.00000000E+0
Figure 3 & 5,20230317,20,detect_data,Figure 3 & 5/20230317/Raman/Run 20/Raman-DetectData-Avg01-0006.txt,43896,1269,#k Index:	1.00000000E+0
Figure 3 & 5,20230317,20,detect_data,Figure 3 & 5/20230317/Raman/Run 20/Raman-DetectData-Avg01-0007.txt,43895,1269,#k Index:	0.00000000E+0
Figure 3 & 5,20230317,20,detect_data,Figure 3 & 5/20230317/Raman/Run 20/Raman-DetectData-Avg01-0008.txt,43816,1269,#k Index:	1.00000000E+0
Figure 3 & 5,20230317,20,detect_data,Figure 3 & 5/20230317/Raman/Run 20/Raman-DetectData-Avg01-0009.txt,43844,1269,#k Index:	0.00000000E+0
Figure 3 & 5,20230317,20,detect_data,Figure 3 & 5/20230317/Raman/Run 20/Raman-DetectData-Avg01-0010.txt,43848,1269,#k Index:	1.00000000E+0
Figure 3 & 5,20230317,20,detect_data,Figure 3 & 5/20230317/Raman/Run 20/Raman-DetectData-Avg01-0011.txt,43836,1269,#k Index:	0.00000000E+0
Figure 3 & 5,20230317,20,detect_data,Figure 3 & 5/20230317/Raman/Run 20/Raman-DetectData-Avg01-0012.txt,43877,1269,#k Index:	1.00000000E+0
Figure 3 & 5,20230317,20,detect_data,Figure 3 & 5/20230317/Raman/Run 20/Raman-DetectData-Avg01-0013.txt,43829,1269,#k Index:	0.00000000E+0
Figure 3 & 5,20230317,20,detect_data,Figure 3 & 5/20230317/Raman/Run 20/Raman-DetectData-Avg01-0014.txt,43864,1269,#k Index:	1.00000000E+0
Figure 3 & 5,20230317,20,detect_data,Figure 3 & 5/20230317/Raman/Run 20/Raman-DetectData-Avg01-0015.txt,43837,1269,#k Index:	0.00000000E+0
Figure 3 & 5,20230317,20,detect_data,Figure 3 & 5/20230317/Raman/Run 20/Raman-DetectData-Avg01-0016.txt,43860,1269,#k Index:	1.00000000E+0
Figure 3 & 5,20230317,20,detect_data,Figure 3 & 5/20230317/Raman/Run 20/Raman-DetectData-Avg01-0017.txt,43843,1269,#k Index:	0.00000000E+0
Figure 3 & 5,20230317,20,detect_data,Figure 3 & 5/20230317/Raman/Run 20/Raman-DetectData-Avg01-0018.txt,43865,1269,#k Index:	1.00000000E+0
Figure 3 & 5,20230317,20,detect_data,Figure 3 & 5/20230317/Raman/Run 20/Raman-DetectData-Avg01-0019.txt,43839,1269,#k Index:	0.00000000E+0
Figure 3 & 5,20230317,20,detect_data,Figure 3 & 5/20230317/Raman/Run 20/Raman-DetectData-Avg01-0020.txt,43885,1269,#k Index:	1.00000000E+0
Figure 3 & 5,20230317,20,detect_data,Figure 3 & 5/20230317/Raman/Run 20/Raman-DetectData-Avg01-0021.txt,43931,1269,#k Index:	0.00000000E+0
Figure 3 & 5,20230317,20,detect_data,Figure 3 & 5/20230317/Raman/Run 20/Raman-DetectData-Avg01-0022.txt,43865,1269,#k Index:	1.00000000E+0
Figure 3 & 5,20230317,20,detect_data,Figure 3 & 5/20230317/Raman/Run 20/Raman-DetectData-Avg01-0023.txt,43920,1269,#k Index:	0.00000000E+0
Figure 3 & 5,20230317,20,detect_data,Figure 3 & 5/20230317/Raman/Run 20/Raman-DetectData-Avg01-0024.txt,43873,1269,#k Index:	1.00000000E+0
Figure 3 & 5,20230317,20,detect_data,Figure 3 & 5/20230317/Raman/Run 20/Raman-DetectData-Avg01-0025.txt,43819,1269,#k Index:	0.00000000E+0
Figure 3 & 5,20230317,20,detect_data,Figure 3 & 5/20230317/Raman/Run 20/Raman-DetectData-Avg01-0026.txt,43878,1269,#k Index:	1.00000000E+0
Figure 3 & 5,20230317,20,detect_data,Figure 3 & 5/20230317/Raman/Run 20/Raman-DetectData-Avg01-0027.txt,43841,1269,#k Index:	0.00000000E+0
Figure 3 & 5,20230317,20,detect_data,Figure 3 & 5/20230317/Raman/Run 20/Raman-DetectData-Avg01-0028.txt,43874,1269,#k Index:	1.00000000E+0
Figure 3 & 5,20230317,20,detect_data,Figure 3 & 5/20230317/Raman/Run 20/Raman-DetectData-Avg01-0029.txt,43850,1269,#k Index:	0.00000000E+0
Figure 3 & 5,20230317,20,detect_data,Figure 3 & 5/20230317/Raman/Run 20/Raman-DetectData-Avg01-0030.txt,43845,1269,#k Index:	1.00000000E+0
Figure 3 & 5,20230317,20,detect_data,Figure 3 & 5/20230317/Raman/Run 20/Raman-DetectData-Avg01-0031.txt,43854,1269,#k Index:	0.00000000E+0
Figure 3 & 5,20230317,20,detect_data,Figure 3 & 5/20230317/Raman/Run 20/Raman-DetectData-Avg01-0032.txt,43933,1269,#k Index:	1.00000000E+0
Figure 3 & 5,20230317,20,detect_data,Figure 3 & 5/20230317/Raman/Run 20/Raman-DetectData-Avg01-0033.txt,43855,1269,#k Index:	0.00000000E+0
Figure 3 & 5,20230317,20,detect_data,Figure 3 & 5/20230317/Raman/Run 20/Raman-DetectData-Avg01-0034.txt,43844,1269,#k Index:	1.00000000E+0
Figure 3 & 5,20230317,20,detect_data,Figure 3 & 5/20230317/Raman/Run 20/Raman-DetectData-Avg01-0035.txt,43866,1269,#k Index:	0.00000000E+0
Figure 3 & 5,20230317,20,detect_data,Figure 3 & 5/20230317/Raman/Run 20/Raman-DetectData-Avg01-0036.txt,43919,1269,#k Index:	1.00000000E+0
Figure 3 & 5,20230317,20,detect_data,Figure 3 & 5/20230317/Raman/Run 20/Raman-DetectData-Avg01-0037.txt,43866,1269,#k Index:	0.00000000E+0
Figure 3 & 5,20230317,20,detect_data,Figure 3 & 5/20230317/Raman/Run 20/Raman-DetectData-Avg01-0038.txt,43984,1269,#k Index:	1.00000000E+0
Figure 3 & 5,20230317,20,detect_data,Figure 3 & 5/20230317/Raman/Run 20/Raman-DetectData-Avg01-0039.txt,43908,1269,#k Index:	0.00000000E+0
Figure 3 & 5,20230317,20,detect_data,Figure 3 & 5/20230317/Raman/Run 20/Raman-DetectData-Avg01-0040.txt,43889,1269,#k Index:	1.00000000E+0
Figure 3 & 5,20230317,20,detect_data,Figure 3 & 5/20230317/Raman/Run 20/Raman-DetectData-Avg01-0041.txt,43938,1269,#k Index:	0.00000000E+0
Figure 3 & 5,20230317,20,detect_data,Figure 3 & 5/20230317/Raman/Run 20/Raman-DetectData-Avg01-0042.txt,43881,1269,#k Index:	1.00000000E+0
Figure 3 & 5,20230317,20,detect_data,Figure 3 & 5/20230317/Raman/Run 20/Raman-DetectData-Avg01-0043.txt,43888,1269,#k Index:	0.00000000E+0
Figure 3 & 5,20230317,20,detect_data,Figure 3 & 5/20230317/Raman/Run 20/Raman-DetectData-Avg01-0044.txt,43924,1269,#k Index:	1.00000000E+0
Figure 3 & 5,20230317,20,detect_data,Figure 3 & 5/20230317/Raman/Run 20/Raman-DetectData-Avg01-0045.txt,43906,1269,#k Index:	0.00000000E+0
Figure 3 & 5,20230317,20,detect_data,Figure 3 & 5/20230317/Raman/Run 20/Raman-DetectData-Avg01-0046.txt,43890,1269,#k Index:	1.00000000E+0
Figure 3 & 5,20230317,20,detect_data,Figure 3 & 5/20230317/Raman/Run 20/Raman-DetectData-Avg01-0047.txt,43873,1269,#k Index:	0.00000000E+0
Figure 3 & 5,20230317,20,detect_data,Figure 3 & 5/20230317/Raman/Run 20/Raman-DetectData-Avg01-0048.txt,43936,1269,#k Index:	1.00000000E+0
Figure 3 & 5,20230317,20,detect_data,Figure 3 & 5/20230317/Raman/Run 20/Raman-DetectData-Avg01-0049.txt,43867,1269,#k Index:	0.00000000E+0
Figure 3 & 5,20230317,20,detect_data,Figure 3 & 5/20230317/Raman/Run 20/Raman-DetectData-Avg01-0050.txt,43865,1269,#k Index:	1.00000000E+0
Figure 3 & 5,20230317,20,detect_data,Figure 3 & 5/20230317/Raman/Run 20/Raman-DetectData-Avg01-0051.txt,43943,1269,#k Index:	0.00000000E+0
Figure 3 & 5,20230317,20,detect_data,Figure 3 & 5/20230317/Raman/Run 20/Raman-DetectData-Avg01-0052.txt,43907,1269,#k Index:	1.00000000E+0
Figure 3 & 5,20230317,20,detect_data,Figure 3 & 5/20230317/Raman/Run 20/Raman-DetectData-Avg01-0053.txt,43844,1269,#k Index:	0.00000000E+0
Figure 3 & 5,20230317,20,detect_data,Figure 3 & 5/20230317/Raman/Run 20/Raman-DetectData-Avg01-0054.txt,43918,1269,#k Index:	1.00000000E+0
Figure 3 & 5,20230317,20,detect_data,Figure 3 & 5/20230317/Raman/Run 20/Raman-DetectData-Avg01-0055.txt,43872,1269,#k Index:	0.00000000E+0
Figure 3 & 5,20230317,20,detect_data,Figure 3 & 5/20230317/Raman/Run 20/Raman-DetectData-Avg01-0056.txt,43907,1269,#k Index:	1.00000000E+0
Figure 3 & 5,20230317,20,detect_data,Figure 3 & 5/20230317/Raman/Run 20/Raman-DetectData-Avg01-0057.txt,43884,1269,#k Index:	0.00000000E+0
Figure 3 & 5,20230317,20,detect_data,Figure 3 & 5/20230317/Raman/Run 20/Raman-DetectData-Avg01-0058.txt,43894,1269,#k Index:	1.00000000E+0
Figure 3 & 5,20230317,20,detect_data,Figure 3 & 5/20230317/Raman/Run 20/Raman-DetectData-Avg01-0059.txt,43950,1269,#k Index:	0.00000000E+0
Figure 3 & 5,20230317,20,detect_data,Figure 3 & 5/20230317/Raman/Run 20/Raman-DetectData-Avg01-0060.txt,43916,1269,#k Index:	1.00000000E+0
Figure 3 & 5,20230317,20,detect_data,Figure 3 & 5/20230317/Raman/Run 20/Raman-DetectData-Avg01-0061.txt,43890,1269,#k Index:	0.00000000E+0
Figure 3 & 5,20230317,20,detect_data,Figure 3 & 5/20230317/Raman/Run 20/Raman-DetectData-Avg01-0062.txt,43930,1269,#k Index:	1.00000000E+0
Figure 3 & 5,20230317,20,detect_data,Figure 3 & 5/20230317/Raman/Run 20/Raman-DetectData-Avg01-0063.txt,43876,1269,#k Index:	0.00000000E+0
Figure 3 & 5,20230317,20,detect_data,Figure 3 & 5/20230317/Raman/Run 20/Raman-DetectData-Avg01-0064.txt,43908,1269,#k Index:	1.00000000E+0
Figure 3 & 5,20230317,20,detect_data,Figure 3 & 5/20230317/Raman/Run 20/Raman-DetectData-Avg01-0065.txt,43879,1269,#k Index:	0.00000000E+0
Figure 3 & 5,20230317,20,detect_data,Figure 3 & 5/20230317/Raman/Run 20/Raman-DetectData-Avg01-0066.txt,43897,1269,#k Index:	1.00000000E+0
Figure 3 & 5,20230317,20,detect_data,Figure 3 & 5/20230317/Raman/Run 20/Raman-DetectData-Avg01-0067.txt,43940,1269,#k Index:	0.00000000E+0
Figure 3 & 5,20230317,20,detect_data,Figure 3 & 5/20230317/Raman/Run 20/Raman-DetectData-Avg01-0068.txt,43867,1269,#k Index:	1.00000000E+0
Figure 3 & 5,20230317,20,detect_data,Figure 3 & 5/20230317/Raman/Run 20/Raman-DetectData-Avg01-0069.txt,43870,1269,#k Index:	0.00000000E+0
Figure 3 & 5,20230317,20,detect_data,Figure 3 & 5/20230317/Raman/Run 20/Raman-DetectData-Avg01-0070.txt,43913,1269,#k Index:	1.00000000E+0
Figure 3 & 5,20230317,20,detect_data,Figure 3 & 5/20230317/Raman/Run 20/Raman-DetectData-Avg01-0071.txt,43883,1269,#k Index:	0.00000000E+0
Figure 3 & 5,20230317,20,detect_data,Figure 3 & 5/20230317/Raman/Run 20/Raman-DetectData-Avg01-0072.txt,43867,1269,#k Index:	1.00000000E+0
Figure 3 & 5,20230317,20,detect_data,Figure 3 & 5/20230317/Raman/Run 20/Raman-DetectData-Avg01-0073.txt,43904,1269,#k Index:	0.00000000E+0
Figure 3 & 5,20230317,20,detect_data,Figure 3 & 5/20230317/Raman/Run 20/Raman-DetectData-Avg01-0074.txt,43913,1269,#k Index:	1.00000000E+0
Figure 3 & 5,20230317,20,detect_data,Figure 3 & 5/20230317/Raman/Run 20/Raman-DetectData-Avg01-0075.txt,43883,1269,#k Index:	0.00000000E+0
Figure 3 & 5,20230317,20,detect_data,Figure 3 & 5/20230317/Raman/Run 20/Raman-DetectData-Avg01-0076.txt,43917,1269,#k Index:	1.00000000E+0
Figure 3 & 5,20230317,20,detect_data,Figure 3 & 5/20230317/Raman/Run 20/Raman-DetectData-Avg01-0077.txt,43905,1269,#k Index:	0.00000000E+0
Figure 3 & 5,20230317,20,detect_data,Figure 3 & 5/20230317/Raman/Run 20/Raman-DetectData-Avg01-0078.txt,43921,1269,#k Index:	1.00000000E+0
Figure 3 & 5,20230317,20,detect_data,Figure 3 & 5/20230317/Raman/Run 20/Raman-DetectData-Avg01-0079.txt,43908,1269,#k Index:	0.00000000E+0
Figure 3 & 5,20230317,20,detect_data,Figure 3 & 5/20230317/Raman/Run 20/Raman-DetectData-Avg01-0080.txt,43882,1269,#k Index:	1.00000000E+0
Figure 3 & 5,20230317,20,detect_data,Figure 3 & 5/20230317/Raman/Run 20/Raman-DetectData-Avg01-0081.txt,43891,1269,#k Index:	0.00000000E+0
Figure 3 & 5,20230317,20,detect_data,Figure 3 & 5/20230317/Raman/Run 20/Raman-DetectData-Avg01-0082.txt,43902,1269,#k Index:	1.00000000E+0
Figure 3 & 5,20230317,20,detect_data,Figure 3 & 5/20230317/Raman/Run 20/Raman-DetectData-Avg01-0083.txt,43917,1269,#k Index:	0.00000000E+0
Figure 3 & 5,20230317,20,detect_data,Figure 3 & 5/20230317/Raman/Run 20/Raman-DetectData-Avg01-0084.txt,43926,1269,#k Index:	1.00000000E+0
Figure 3 & 5,20230317,20,detect_data,Figure 3 & 5/20230317/Raman/Run 20/Raman-DetectData-Avg01-0085.txt,43911,1269,#k Index:	0.00000000E+0
Figure 3 & 5,20230317,20,detect_data,Figure 3 & 5/20230317/Raman/Run 20/Raman-DetectData-Avg01-0086.txt,43879,1269,#k Index:	1.00000000E+0
Figure 3 & 5,20230317,20,detect_data,Figure 3 & 5/20230317/Raman/Run 20/Raman-DetectData-Avg01-0087.txt,43862,1269,#k Index:	0.00000000E+0
Figure 3 & 5,20230317,20,detect_data,Figure 3 & 5/20230317/Raman/Run 20/Raman-DetectData-Avg01-0088.txt,43889,1269,#k Index:	1.00000000E+0
Figure 3 & 5,20230317,20,detect_data,Figure 3 & 5/20230317/Raman/Run 20/Raman-DetectData-Avg01-0089.txt,43911,1269,#k Index:	0.00000000E+0
Figure 3 & 5,20230317,20,detect_data,Figure 3 & 5/20230317/Raman/Run 20/Raman-DetectData-Avg01-0090.txt,43894,1269,#k Index:	1.00000000E+0
Figure 3 & 5,20230317,20,detect_data,Figure 3 & 5/20230317/Raman/Run 20/Raman-DetectData-Avg01-0091.txt,43908,1269,#k Index:	0.00000000E+0
Figure 3 & 5,20230317,20,detect_data,Figure 3 & 5/20230317/Raman/Run 20/Raman-DetectData-Avg01-0092.txt,43882,1269,#k Index:	1.00000000E+0
Figure 3 & 5,20230317,20,detect_data,Figure 3 & 5/20230317/Raman/Run 20/Raman-DetectData-Avg01-0093.txt,43900,1269,#k Index:	0.00000000E+0
Figure 3 & 5,20230317,20,detect_data,Figure 3 & 5/20230317/Raman/Run 20/Raman-DetectData-Avg01-0094.txt,43887,1269,#k Index:	1.00000000E+0
Figure 3 & 5,20230317,20,detect_data,Figure 3 & 5/20230317/Raman/Run 20/Raman-DetectData-Avg01-0095.txt,43962,1269,#k Index:	0.00000000E+0
Figure 3 & 5,20230317,20,detect_data,Figure 3 & 5/20230317/Raman/Run 20/Raman-DetectData-Avg01-0096.txt,43893,1269,#k Index:	1.00000000E+0
Figure 3 & 5,20230317,20,detect_data,Figure 3 & 5/20230317/Raman/Run 20/Raman-DetectData-Avg01-0097.txt,43893,1269,#k Index:	0.00000000E+0
Figure 3 & 5,20230317,20,detect_data,Figure 3 & 5/20230317/Raman/Run 20/Raman-DetectData-Avg01-0098.txt,43875,1269,#k Index:	1.00000000E+0
Figure 3 & 5,20230317,20,detect_data,Figure 3 & 5/20230317/Raman/Run 20/Raman-DetectData-Avg01-0099.txt,43918,1269,#k Index:	0.00000000E+0
Figure 3 & 5,20230317,20,detect_data,Figure 3 & 5/20230317/Raman/Run 20/Raman-DetectData-Avg01-0100.txt,43916,1269,#k Index:	1.00000000E+0
Figure 3 & 5,20230317,20,detect_data,Figure 3 & 5/20230317/Raman/Run 20/Raman-DetectData-Avg01-0101.txt,43893,1269,#k Index:	0.00000000E+0
Figure 3 & 5,20230317,20,detect_data,Figure 3 & 5/20230317/Raman/Run 20/Raman-DetectData-Avg01-0102.txt,43869,1269,#k Index:	1.00000000E+0
Figure 3 & 5,20230317,20,detect_data,Figure 3 & 5/20230317/Raman/Run 20/Raman-DetectData-Avg01-0103.txt,43950,1269,#k Index:	0.00000000E+0
Figure 3 & 5,20230317,20,detect_data,Figure 3 & 5/20230317/Raman/Run 20/Raman-DetectData-Avg01-0104.txt,43958,1269,#k Index:	1.00000000E+0
Figure 3 & 5,20230317,20,detect_data,Figure 3 & 5/20230317/Raman/Run 20/Raman-DetectData-Avg01-0105.txt,43906,1269,#k Index:	0.00000000E+0
Figure 3 & 5,20230317,20,detect_data,Figure 3 & 5/20230317/Raman/Run 20/Raman-DetectData-Avg01-0106.txt,43908,1269,#k Index:	1.00000000E+0
Figure 3 & 5,20230317,20,detect_data,Figure 3 & 5/20230317/Raman/Run 20/Raman-DetectData-Avg01-0107.txt,43875,1269,#k Index:	0.00000000E+0
Figure 3 & 5,20230317,20,detect_data,Figure 3 & 5/20230317/Raman/Run 20/Raman-DetectData-Avg01-0108.txt,43862,1269,#k Index:	1.00000000E+0
Figure 3 & 5,20230317,20,detect_data,Figure 3 & 5/20230317/Raman/Run 20/Raman-DetectData-Avg01-0109.txt,43927,1269,#k Index:	0.00000000E+0
Figure 3 & 5,20230317,20,detect_data,Figure 3 & 5/20230317/Raman/Run 20/Raman-DetectData-Avg01-0110.txt,43888,1269,#k Index:	1.00000000E+0
Figure 3 & 5,20230317,20,detect_data,Figure 3 & 5/20230317/Raman/Run 20/Raman-DetectData-Avg01-0111.txt,43901,1269,#k Index:	0.00000000E+0
Figure 3 & 5,20230317,20,detect_data,Figure 3 & 5/20230317/Raman/Run 20/Raman-DetectData-Avg01-0112.txt,43940,1269,#k Index:	1.00000000E+0
Figure 3 & 5,20230317,20,detect_data,Figure 3 & 5/20230317/Raman/Run 20/Raman-DetectData-Avg01-0113.txt,43916,1269,#k Index:	0.00000000E+0
Figure 3 & 5,20230317,20,detect_data,Figure 3 & 5/20230317/Raman/Run 20/Raman-DetectData-Avg01-0114.txt,43928,1269,#k Index:	1.00000000E+0
Figure 3 & 5,20230317,20,detect_data,Figure 3 & 5/20230317/Raman/Run 20/Raman-DetectData-Avg01-0115.txt,43907,1269,#k Index:	0.00000000E+0
Figure 3 & 5,20230317,20,detect_data,Figure 3 & 5/20230317/Raman/Run 20/Raman-DetectData-Avg01-0116.txt,43897,1269,#k Index:	1.00000000E+0
Figure 3 & 5,20230317,20,detect_data,Figure 3 & 5/20230317/Raman/Run 20/Raman-DetectData-Avg01-0117.txt,43863,1269,#k Index:	0.00000000E+0
Figure 3 & 5,20230317,20,detect_data,Figure 3 & 5/20230317/Raman/Run 20/Raman-DetectData-Avg01-0118.txt,43886,1269,#k Index:	1.00000000E+0
Figure 3 & 5,20230317,20,detect_data,Figure 3 & 5/20230317/Raman/Run 20/Raman-DetectData-Avg01-0119.txt,43864,1269,#k Index:	0.00000000E+0
Figure 3 & 5,20230317,20,detect_data,Figure 3 & 5/20230317/Raman/Run 20/Raman-DetectData-Avg01-0120.txt,43897,1269,#k Index:	1.00000000E+0
Figure 3 & 5,20230317,20,detect_data,Figure 3 & 5/20230317/Raman/Run 20/Raman-DetectData-Avg01-0121.txt,43909,1269,#k Index:	0.00000000E+0
Figure 3 & 5,20230317,20,detect_data,Figure 3 & 5/20230317/Raman/Run 20/Raman-DetectData-Avg01-0122.txt,43886,1269,#k Index:	1.00000000E+0
Figure 3 & 5,20230317,20,detect_data,Figure 3 & 5/20230317/Raman/Run 20/Raman-DetectData-Avg01-0123.txt,43870,1269,#k Index:	0.00000000E+0
Figure 3 & 5,20230317,20,detect_data,Figure 3 & 5/20230317/Raman/Run 20/Raman-DetectData-Avg01-0124.txt,43895,1269,#k Index:	1.00000000E+0
Figure 3 & 5,20230317,20,detect_data,Figure 3 & 5/20230317/Raman/Run 20/Raman-DetectData-Avg01-0125.txt,43866,1269,#k Index:	0.00000000E+0
Figure 3 & 5,20230317,20,detect_data,Figure 3 & 5/20230317/Raman/Run 20/Raman-DetectData-Avg01-0126.txt,43862,1269,#k Index:	1.00000000E+0
Figure 3 & 5,20230317,20,detect_data,Figure 3 & 5/20230317/Raman/Run 20/Raman-DetectData-Avg01-0127.txt,43871,1269,#k Index:	0.00000000E+0
Figure 3 & 5,20230317,20,detect_data,Figure 3 & 5/20230317/Raman/Run 20/Raman-DetectData-Avg01-0128.txt,43886,1269,#k Index:	1.00000000E+0
Figure 3 & 5,20230317,20,detect_data,Figure 3 & 5/20230317/Raman/Run 20/Raman-DetectData-Avg01-0129.txt,43851,1269,#k Index:	0.00000000E+0
Figure 3 & 5,20230317,20,detect_data,Figure 3 & 5/20230317/Raman/Run 20/Raman-DetectData-Avg01-0130.txt,43872,1269,#k Index:	1.00000000E+0
Figure 3 & 5,20230317,20,detect_data,Figure 3 & 5/20230317/Raman/Run 20/Raman-DetectData-Avg01-0131.txt,43873,1269,#k Index:	0.00000000E+0
Figure 3 & 5,20230317,20,detect_data,Figure 3 & 5/20230317/Raman/Run 20/Raman-DetectData-Avg01-0132.txt,43889,1269,#k Index:	1.00000000E+0
Figure 3 & 5,20230317,20,detect_data,Figure 3 & 5/20230317/Raman/Run 20/Raman-DetectData-Avg01-0133.txt,43885,1269,#k Index:	0.00000000E+0
Figure 3 & 5,20230317,20,detect_data,Figure 3 & 5/20230317/Raman/Run 20/Raman-DetectData-Avg01-0134.txt,43870,1269,#k Index:	1.00000000E+0
Figure 3 & 5,20230317,20,detect_data,Figure 3 & 5/20230317/Raman/Run 20/Raman-DetectData-Avg01-0135.txt,43857,1269,#k Index:	0.00000000E+0
Figure 3 & 5,20230317,20,detect_data,Figure 3 & 5/20230317/Raman/Run 20/Raman-DetectData-Avg01-0136.txt,43907,1269,#k Index:	1.00000000E+0
Figure 3 & 5,20230317,20,detect_data,Figure 3 & 5/20230317/Raman/Run 20/Raman-DetectData-Avg01-0137.txt,43852,1269,#k Index:	0.00000000E+0
Figure 3 & 5,20230317,20,detect_data,Figure 3 & 5/20230317/Raman/Run 20/Raman-DetectData-Avg01-0138.txt,43864,1269,#k Index:	1.00000000E+0
Figure 3 & 5,20230317,20,detect_data,Figure 3 & 5/20230317/Raman/Run 20/Raman-DetectData-Avg01-0139.txt,43906,1269,#k Index:	0.00000000E+0
Figure 3 & 5,20230317,20,detect_data,Figure 3 & 5/20230317/Raman/Run 20/Raman-DetectData-Avg01-0140.txt,43890,1269,#k Index:	1.00000000E+0
Figure 3 & 5,20230317,20,detect_data,Figure 3 & 5/20230317/Raman/Run 20/Raman-DetectData-Avg01-0141.txt,43882,1269,#k Index:	0.00000000E+0
Figure 3 & 5,20230317,20,detect_data,Figure 3 & 5/20230317/Raman/Run 20/Raman-DetectData-Avg01-0142.txt,43892,1269,#k Index:	1.00000000E+0
Figure 3 & 5,20230317,20,detect_data,Figure 3 & 5/20230317/Raman/Run 20/Raman-DetectData-Avg01-0143.txt,43887,1269,#k Index:	0.00000000E+0
Figure 3 & 5,20230317,20,detect_data,Figure 3 & 5/20230317/Raman/Run 20/Raman-DetectData-Avg01-0144.txt,43913,1269,#k Index:	1.00000000E+0
Figure 3 & 5,20230317,20,detect_data,Figure 3 & 5/20230317/Raman/Run 20/Raman-DetectData-Avg01-0145.txt,43894,1269,#k Index:	0.00000000E+0
Figure 3 & 5,20230317,20,detect_data,Figure 3 & 5/20230317/Raman/Run 20/Raman-DetectData-Avg01-0146.txt,43885,1269,#k Index:	1.00000000E+0
Figure 3 & 5,20230317,20,detect_data,Figure 3 & 5/20230317/Raman/Run 20/Raman-DetectData-Avg01-0147.txt,43922,1269,#k Index:	0.00000000E+0
Figure 3 & 5,20230317,20,detect_data,Figure 3 & 5/20230317/Raman/Run 20/Raman-DetectData-Avg01-0148.txt,43885,1269,#k Index:	1.00000000E+0
Figure 3 & 5,20230317,20,detect_data,Figure 3 & 5/20230317/Raman/Run 20/Raman-DetectData-Avg01-0149.txt,43879,1269,#k Index:	0.00000000E+0
Figure 3 & 5,20230317,20,detect_data,Figure 3 & 5/20230317/Raman/Run 20/Raman-DetectData-Avg01-0150.txt,43933,1269,#k Index:	1.00000000E+0
Figure 3 & 5,20230317,20,detect_data,Figure 3 & 5/20230317/Raman/Run 20/Raman-DetectData-Avg01-0151.txt,43879,1269,#k Index:	0.00000000E+0
Figure 3 & 5,20230317,20,detect_data,Figure 3 & 5/20230317/Raman/Run 20/Raman-DetectData-Avg01-0152.txt,43872,1269,#k Index:	1.00000000E+0
Figure 3 & 5,20230317,20,detect_data,Figure 3 & 5/20230317/Raman/Run 20/Raman-DetectData-Avg01-0153.txt,43876,1269,#k Index:	0.00000000E+0
Figure 3 & 5,20230317,20,detect_data,Figure 3 & 5/20230317/Raman/Run 20/Raman-DetectData-Avg01-0154.txt,43907,1269,#k Index:	1.00000000E+0
Figure 3 & 5,20230317,20,detect_data,Figure 3 & 5/20230317/Raman/Run 20/Raman-DetectData-Avg01-0155.txt,43869,1269,#k Index:	0.00000000E+0
Figure 3 & 5,20230317,20,detect_data,Figure 3 & 5/20230317/Raman/Run 20/Raman-DetectData-Avg01-0156.txt,43899,1269,#k Index:	1.00000000E+0
Figure 3 & 5,20230317,20,detect_data,Figure 3 & 5/20230317/Raman/Run 20/Raman-DetectData-Avg01-0157.txt,43861,1269,#k Index:	0.00000000E+0
Figure 3 & 5,20230317,20,detect_data,Figure 3 & 5/20230317/Raman/Run 20/Raman-DetectData-Avg01-0158.txt,43860,1269,#k Index:	1.00000000E+0
Figure 3 & 5,20230317,20,detect_data,Figure 3 & 5/20230317/Raman/Run 20/Raman-DetectData-Avg01-0159.txt,43859,1269,#k Index:	0.00000000E+0
Figure 3 & 5,20230317,20,detect_data,Figure 3 & 5/20230317/Raman/Run 20/Raman-DetectData-Avg01-0160.txt,43842,1269,#k Index:	1.00000000E+0
Figure 3 & 5,20230317,20,detect_data,Figure 3 & 5/20230317/Raman/Run 20/Raman-DetectData-Avg01-0161.txt,43868,1269,#k Index:	0.00000000E+0
Figure 3 & 5,20230317,20,detect_data,Figure 3 & 5/20230317/Raman/Run 20/Raman-DetectData-Avg01-0162.txt,43882,1269,#k Index:	1.00000000E+0
Figure 3 & 5,20230317,20,detect_data,Figure 3 & 5/20230317/Raman/Run 20/Raman-DetectData-Avg01-0163.txt,43888,1269,#k Index:	0.00000000E+0
Figure 3 & 5,20230317,20,detect_data,Figure 3 & 5/20230317/Raman/Run 20/Raman-DetectData-Avg01-0164.txt,43908,1269,#k Index:	1.00000000E+0
Figure 3 & 5,20230317,20,detect_data,Figure 3 & 5/20230317/Raman/Run 20/Raman-DetectData-Avg01-0165.txt,43876,1269,#k Index:	0.00000000E+0
Figure 3 & 5,20230317,20,detect_data,Figure 3 & 5/20230317/Raman/Run 20/Raman-DetectData-Avg01-0166.txt,43854,1269,#k Index:	1.00000000E+0
Figure 3 & 5,20230317,20,detect_data,Figure 3 & 5/20230317/Raman/Run 20/Raman-DetectData-Avg01-0167.txt,43910,1269,#k Index:	0.00000000E+0
Figure 3 & 5,20230317,20,detect_data,Figure 3 & 5/20230317/Raman/Run 20/Raman-DetectData-Avg01-0168.txt,43895,1269,#k Index:	1.00000000E+0
Figure 3 & 5,20230317,20,detect_data,Figure 3 & 5/20230317/Raman/Run 20/Raman-DetectData-Avg01-0169.txt,43865,1269,#k Index:	0.00000000E+0
Figure 3 & 5,20230317,20,detect_data,Figure 3 & 5/20230317/Raman/Run 20/Raman-DetectData-Avg01-0170.txt,43952,1269,#k Index:	1.00000000E+0
Figure 3 & 5,20230317,20,detect_data,Figure 3 & 5/20230317/Raman/Run 20/Raman-DetectData-Avg01-0171.txt,43884,1269,#k Index:	0.00000000E+0
Figure 3 & 5,20230317,20,detect_data,Figure 3 & 5/20230317/Raman/Run 20/Raman-DetectData-Avg01-0172.txt,43866,1269,#k Index:	1.00000000E+0
Figure 3 & 5,20230317,20,detect_data,Figure 3 & 5/20230317/Raman/Run 20/Raman-DetectData-Avg01-0173.txt,43878,1269,#k Index:	0.00000000E+0
Figure 3 & 5,20230317,20,detect_data,Figure 3 & 5/20230317/Raman/Run 20/Raman-DetectData-Avg01-0174.txt,43924,1269,#k Index:	1.00000000E+0
Figure 3 & 5,20230317,20,detect_data,Figure 3 & 5/20230317/Raman/Run 20/Raman-DetectData-Avg01-0175.txt,43918,1269,#k Index:	0.00000000E+0
Figure 3 & 5,20230317,20,detect_data,Figure 3 & 5/20230317/Raman/Run 20/Raman-DetectData-Avg01-0176.txt,43880,1269,#k Index:	1.00000000E+0
Figure 3 & 5,20230317,20,detect_data,Figure 3 & 5/20230317/Raman/Run 20/Raman-DetectData-Avg01-0177.txt,43859,1269,#k Index:	0.00000000E+0
Figure 3 & 5,20230317,20,detect_data,Figure 3 & 5/20230317/Raman/Run 20/Raman-DetectData-Avg01-0178.txt,43913,1269,#k Index:	1.00000000E+0
Figure 3 & 5,20230317,20,detect_data,Figure 3 & 5/20230317/Raman/Run 20/Raman-DetectData-Avg01-0179.txt,43919,1269,#k Index:	0.00000000E+0
Figure 3 & 5,20230317,20,detect_data,Figure 3 & 5/20230317/Raman/Run 20/Raman-DetectData-Avg01-0180.txt,43911,1269,#k Index:	1.00000000E+0
Figure 3 & 5,20230317,20,detect_data,Figure 3 & 5/20230317/Raman/Run 20/Raman-DetectData-Avg01-0181.txt,43892,1269,#k Index:	0.00000000E+0
Figure 3 & 5,20230317,20,detect_data,Figure 3 & 5/20230317/Raman/Run 20/Raman-DetectData-Avg01-0182.txt,43878,1269,#k Index:	1.00000000E+0
Figure 3 & 5,20230317,20,detect_data,Figure 3 & 5/20230317/Raman/Run 20/Raman-DetectData-Avg01-0183.txt,43891,1269,#k Index:	0.00000000E+0
Figure 3 & 5,20230317,20,detect_data,Figure 3 & 5/20230317/Raman/Run 20/Raman-DetectData-Avg01-0184.txt,43882,1269,#k Index:	1.00000000E+0
Figure 3 & 5,20230317,20,detect_data,Figure 3 & 5/20230317/Raman/Run 20/Raman-DetectData-Avg01-0185.txt,43842,1269,#k Index:	0.00000000E+0
Figure 3 & 5,20230317,20,detect_data,Figure 3 & 5/20230317/Raman/Run 20/Raman-DetectData-Avg01-0186.txt,43888,1269,#k Index:	1.00000000E+0
Figure 3 & 5,20230317,20,detect_data,Figure 3 & 5/20230317/Raman/Run 20/Raman-DetectData-Avg01-0187.txt,43892,1269,#k Index:	0.00000000E+0
Figure 3 & 5,20230317,20,detect_data,Figure 3 & 5/20230317/Raman/Run 20/Raman-DetectData-Avg01-0188.txt,43860,1269,#k Index:	1.00000000E+0
Figure 3 & 5,20230317,20,detect_data,Figure 3 & 5/20230317/Raman/Run 20/Raman-DetectData-Avg01-0189.txt,43890,1269,#k Index:	0.00000000E+0
Figure 3 & 5,20230317,20,detect_data,Figure 3 & 5/20230317/Raman/Run 20/Raman-DetectData-Avg01-0190.txt,43873,1269,#k Index:	1.00000000E+0
Figure 3 & 5,20230317,20,detect_data,Figure 3 & 5/20230317/Raman/Run 20/Raman-DetectData-Avg01-0191.txt,43868,1269,#k Index:	0.00000000E+0
Figure 3 & 5,20230317,20,detect_data,Figure 3 & 5/20230317/Raman/Run 20/Raman-DetectData-Avg01-0192.txt,43914,1269,#k Index:	1.00000000E+0
Figure 3 & 5,20230317,20,detect_data,Figure 3 & 5/20230317/Raman/Run 20/Raman-DetectData-Avg01-0193.txt,43863,1269,#k Index:	0.00000000E+0
Figure 3 & 5,20230317,20,detect_data,Figure 3 & 5/20230317/Raman/Run 20/Raman-DetectData-Avg01-0194.txt,43845,1269,#k Index:	1.00000000E+0
Figure 3 & 5,20230317,20,detect_data,Figure 3 & 5/20230317/Raman/Run 20/Raman-DetectData-Avg01-0195.txt,43889,1269,#k Index:	0.00000000E+0
Figure 3 & 5,20230317,20,detect_data,Figure 3 & 5/20230317/Raman/Run 20/Raman-DetectData-Avg01-0196.txt,43845,1269,#k Index:	1.00000000E+0
Figure 3 & 5,20230317,20,detect_data,Figure 3 & 5/20230317/Raman/Run 20/Raman-DetectData-Avg01-0197.txt,43892,1269,#k Index:	0.00000000E+0
Figure 3 & 5,20230317,20,detect_data,Figure 3 & 5/20230317/Raman/Run 20/Raman-DetectData-Avg01-0198.txt,43879,1269,#k Index:	1.00000000E+0
Figure 3 & 5,20230317,20,detect_data,Figure 3 & 5/20230317/Raman/Run 20/Raman-DetectData-Avg01-0199.txt,43846,1269,#k Index:	0.00000000E+0
Figure 3 & 5,20230317,20,detect_data,Figure 3 & 5/20230317/Raman/Run 20/Raman-DetectData-Avg01-0200.txt,43867,1269,#k Index:	1.00000000E+0
Figure 3 & 5,20230317,20,detect_data,Figure 3 & 5/20230317/Raman/Run 20/Raman-DetectData-Avg01-0201.txt,43831,1269,#k Index:	0.00000000E+0
Figure 3 & 5,20230317,20,detect_data,Figure 3 & 5/20230317/Raman/Run 20/Raman-DetectData-Avg01-0202.txt,43872,1269,#k Index:	1.00000000E+0
Figure 3 & 5,20230317,20,detect_data,Figure 3 & 5/20230317/Raman/Run 20/Raman-DetectData-Avg01-0203.txt,43859,1269,#k Index:	0.00000000E+0
Figure 3 & 5,20230317,20,detect_data,Figure 3 & 5/20230317/Raman/Run 20/Raman-DetectData-Avg01-0204.txt,43861,1269,#k Index:	1.00000000E+0
Figure 3 & 5,20230317,20,detect_data,Figure 3 & 5/20230317/Raman/Run 20/Raman-DetectData-Avg01-0205.txt,43867,1269,#k Index:	0.00000000E+0
Figure 3 & 5,20230317,20,detect_data,Figure 3 & 5/20230317/Raman/Run 20/Raman-DetectData-Avg01-0206.txt,43862,1269,#k Index:	1.00000000E+0
Figure 3 & 5,20230317,20,detect_data,Figure 3 & 5/20230317/Raman/Run 20/Raman-DetectData-Avg01-0207.txt,43843,1269,#k Index:	0.00000000E+0
Figure 3 & 5,20230317,20,detect_data,Figure 3 & 5/20230317/Raman/Run 20/Raman-DetectData-Avg01-0208.txt,43883,1269,#k Index:	1.00000000E+0
Figure 3 & 5,20230317,20,detect_data,Figure 3 & 5/20230317/Raman/Run 20/Raman-DetectData-Avg01-0209.txt,43836,1269,#k Index:	0.00000000E+0
Figure 3 & 5,20230317,20,detect_data,Figure 3 & 5/20230317/Raman/Run 20/Raman-DetectData-Avg01-0210.txt,43870,1269,#k Index:	1.00000000E+0
Figure 3 & 5,20230317,20,detect_data,Figure 3 & 5/20230317/Raman/Run 20/Raman-DetectData-Avg01-0211.txt,43875,1269,#k Index:	0.00000000E+0
Figure 3 & 5,20230317,20,detect_data,Figure 3 & 5/20230317/Raman/Run 20/Raman-DetectData-Avg01-0212.txt,43828,1269,#k Index:	1.00000000E+0
Figure 3 & 5,20230317,20,detect_data,Figure 3 & 5/20230317/Raman/Run 20/Raman-DetectData-Avg01-0213.txt,43877,1269,#k Index:	0.00000000E+0
Figure 3 & 5,20230317,20,detect_data,Figure 3 & 5/20230317/Raman/Run 20/Raman-DetectData-Avg01-0214.txt,43843,1269,#k Index:	1.00000000E+0
Figure 3 & 5,20230317,20,detect_data,Figure 3 & 5/20230317/Raman/Run 20/Raman-DetectData-Avg01-0215.txt,43856,1269,#k Index:	0.00000000E+0
Figure 3 & 5,20230317,20,detect_data,Figure 3 & 5/20230317/Raman/Run 20/Raman-DetectData-Avg01-0216.txt,43869,1269,#k Index:	1.00000000E+0
Figure 3 & 5,20230317,20,detect_data,Figure 3 & 5/20230317/Raman/Run 20/Raman-DetectData-Avg01-0217.txt,43870,1269,#k Index:	0.00000000E+0
Figure 3 & 5,20230317,20,detect_data,Figure 3 & 5/20230317/Raman/Run 20/Raman-DetectData-Avg01-0218.txt,43886,1269,#k Index:	1.00000000E+0
Figure 3 & 5,20230317,20,detect_data,Figure 3 & 5/20230317/Raman/Run 20/Raman-DetectData-Avg01-0219.txt,43882,1269,#k Index:	0.00000000E+0
Figure 3 & 5,20230317,20,detect_data,Figure 3 & 5/20230317/Raman/Run 20/Raman-DetectData-Avg01-0220.txt,43889,1269,#k Index:	1.00000000E+0
Figure 3 & 5,20230317,20,detect_data,Figure 3 & 5/20230317/Raman/Run 20/Raman-DetectData-Avg01-0221.txt,43859,1269,#k Index:	0.00000000E+0
Figure 3 & 5,20230317,20,detect_data,Figure 3 & 5/20230317/Raman/Run 20/Raman-DetectData-Avg01-0222.txt,43865,1269,#k Index:	1.00000000E+0
Figure 3 & 5,20230317,20,detect_data,Figure 3 & 5/20230317/Raman/Run 20/Raman-DetectData-Avg01-0223.txt,43932,1269,#k Index:	0.00000000E+0
Figure 3 & 5,20230317,20,detect_data,Figure 3 & 5/20230317/Raman/Run 20/Raman-DetectData-Avg01-0224.txt,43908,1269,#k Index:	1.00000000E+0
Figure 3 & 5,20230317,20,detect_data,Figure 3 & 5/20230317/Raman/Run 20/Raman-DetectData-Avg01-0225.txt,43895,1269,#k Index:	0.00000000E+0
Figure 3 & 5,20230317,20,detect_data,Figure 3 & 5/20230317/Raman/Run 20/Raman-DetectData-Avg01-0226.txt,43888,1269,#k Index:	1.00000000E+0
Figure 3 & 5,20230317,20,detect_data,Figure 3 & 5/20230317/Raman/Run 20/Raman-DetectData-Avg01-0227.txt,43862,1269,#k Index:	0.00000000E+0
Figure 3 & 5,20230317,20,detect_data,Figure 3 & 5/20230317/Raman/Run 20/Raman-DetectData-Avg01-0228.txt,43942,1269,#k Index:	1.00000000E+0
Figure 3 & 5,20230317,20,detect_data,Figure 3 & 5/20230317/Raman/Run 20/Raman-DetectData-Avg01-0229.txt,43909,1269,#k Index:	0.00000000E+0
Figure 3 & 5,20230317,20,detect_data,Figure 3 & 5/20230317/Raman/Run 20/Raman-DetectData-Avg01-0230.txt,43872,1269,#k Index:	1.00000000E+0
Figure 3 & 5,20230317,20,detect_data,Figure 3 & 5/20230317/Raman/Run 20/Raman-DetectData-Avg01-0231.txt,43982,1269,#k Index:	0.00000000E+0
Figure 3 & 5,20230317,20,detect_data,Figure 3 & 5/20230317/Raman/Run 20/Raman-DetectData-Avg01-0232.txt,43889,1269,#k Index:	1.00000000E+0
Figure 3 & 5,20230317,20,detect_data,Figure 3 & 5/20230317/Raman/Run 20/Raman-DetectData-Avg01-0233.txt,43973,1269,#k Index:	0.00000000E+0
Figure 3 & 5,20230317,20,detect_data,Figure 3 & 5/20230317/Raman/Run 20/Raman-DetectData-Avg01-0234.txt,43881,1269,#k Index:	1.00000000E+0
Figure 3 & 5,20230317,20,detect_data,Figure 3 & 5/20230317/Raman/Run 20/Raman-DetectData-Avg01-0235.txt,43891,1269,#k Index:	0.00000000E+0
Figure 3 & 5,20230317,20,detect_data,Figure 3 & 5/20230317/Raman/Run 20/Raman-DetectData-Avg01-0236.txt,43910,1269,#k Index:	1.00000000E+0
Figure 3 & 5,20230317,20,detect_data,Figure 3 & 5/20230317/Raman/Run 20/Raman-DetectData-Avg01-0237.txt,43872,1269,#k Index:	0.00000000E+0
Figure 3 & 5,20230317,20,detect_data,Figure 3 & 5/20230317/Raman/Run 20/Raman-DetectData-Avg01-0238.txt,43920,1269,#k Index:	1.00000000E+0
Figure 3 & 5,20230317,20,detect_data,Figure 3 & 5/20230317/Raman/Run 20/Raman-DetectData-Avg01-0239.txt,43862,1269,#k Index:	0.00000000E+0
Figure 3 & 5,20230317,20,detect_data,Figure 3 & 5/20230317/Raman/Run 20/Raman-DetectData-Avg01-0240.txt,43853,1269,#k Index:	1.00000000E+0
Figure 3 & 5,20230317,20,detect_data,Figure 3 & 5/20230317/Raman/Run 20/Raman-DetectData-Avg01-0241.txt,43898,1269,#k Index:	0.00000000E+0
Figure 3 & 5,20230317,20,detect_data,Figure 3 & 5/20230317/Raman/Run 20/Raman-DetectData-Avg01-0242.txt,43851,1269,#k Index:	1.00000000E+0
Figure 3 & 5,20230317,20,avg01_ratios,Figure 3 & 5/20230317/Raman/Run 20/Raman-Run20-Avg01-Ratios-kD.txt,13867,122,#Iteration	Date	Time	Chirp	Phase	RamanAxis	RTPhase	NFringe	Ratio
Figure 3 & 5,20230317,20,avg01_ratios,Figure 3 & 5/20230317/Raman/Run 20/Raman-Run20-Avg01-Ratios-kU.txt,13744,122,#Iteration	Date	Time	Chirp	Phase	RamanAxis	RTPhase	NFringe	Ratio
Figure 3 & 5,20230317,20,avg_ratios,Figure 3 & 5/20230317/Raman/Run 20/Raman-Run20-AvgRatios-kD.txt,12052,122,#Iteration	Date	Time	Chirp	Phase	RamanAxis	RatioMean	RatioStdDev
Figure 3 & 5,20230317,20,avg_ratios,Figure 3 & 5/20230317/Raman/Run 20/Raman-Run20-AvgRatios-kU.txt,12050,122,#Iteration	Date	Time	Chirp	Phase	RamanAxis	RatioMean	RatioStdDev
Figure 3 & 5,20230317,20,rotations_data,Figure 3 & 5/20230317/Raman/Run 20/Raman-Run20-RotationsData.txt,33872,243,#Iteration	Date	Time	STSX	STSY	RotationRateX	RotationRateY	FrCntX	FrCntY	TiptiltCmd1	TiptiltCmd2	TiptiltMonitor1	TiptiltMonitor2
Figure 3 & 5,20230317,20,rt_data,Figure 3 & 5/20230317/Raman/Run 20/Raman-Run20-RTData.txt,24281,243,#Iteration	Date	Time	RTPhase	NFringe	AccelAxis	AccelMean	AccelTemp
Figure 3 & 5,20230317,11,streaming,Figure 3 & 5/20230317/Streaming/Run11_1.csv,56096951,-1,NInterf;rotrateX;acc Y;acc Z
Figure 3 & 5,20230317,12,streaming,Figure 3 & 5/20230317/Streaming/Run12_1.csv,55467417,-1,NInterf;rotrateX;acc Y;acc Z
Figure 3 & 5,20230317,13,streaming,Figure 3 & 5/20230317/Streaming/Run13_1.csv,59412873,-1,NInterf;rotrateX;acc Y;acc Z
Figure 3 & 5,20230317,14,streaming,Figure 3 & 5/20230317/Streaming/Run14_1.csv,55112265,-1,NInterf;rotrateX;acc Y;acc Z
Figure 3 & 5,20230317,15,streaming,Figure 3 & 5/20230317/Streaming/Run15_1.csv,53621035,-1,NInterf;rotrateX;acc Y;acc Z
Figure 3 & 5,20230317,16,streaming,Figure 3 & 5/20230317/Streaming/Run16_1.csv,54696764,-1,NInterf;rotrateX;acc Y;acc Z
Figure 3 & 5,20230317,17,streaming,Figure 3 & 5/20230317/Streaming/Run17_1.csv,54170836,-1,NInterf;rotrateX;acc Y;acc Z
Figure 3 & 5,20230317,18,streaming,Figure 3 & 5/20230317/Streaming/Run18_1.csv,54275811,-1,NInterf;rotrateX;acc Y;acc Z
Figure 3 & 5,20230317,19,streaming,Figure 3 & 5/20230317/Streaming/Run19_1.csv,55201936,-1,NInterf;rotrateX;acc Y;acc Z
Figure 3 & 5,20230317,20,streaming,Figure 3 & 5/20230317/Streaming/Run20_1.csv,47677849,-1,NInterf;rotrateX;acc Y;acc Z
Figure 3 & 5,20230320,21,parameters,Figure 3 & 5/20230320/Raman/Run 21/Parameters.txt,1633,60,Software Version: 3.4
Figure 3 & 5,20230320,21,detect_data,Figure 3 & 5/20230320/Raman/Run 21/Raman-DetectData-Avg01-0001.txt,43793,1269,#k Index:	0.00000000E+0
Figure 3 & 5,20230320,21,detect_data,Figure 3 & 5/20230320/Raman/Run 21/Raman-DetectData-Avg01-0002.txt,43813,1269,#k Index:	1.00000000E+0
Figure 3 & 5,20230320,21,detect_data,Figure 3 & 5/20230320/Raman/Run 21/Raman-DetectData-Avg01-0003.txt,43805,1269,#k Index:	0.00000000E+0
Figure 3 & 5,20230320,21,detect_data,Figure 3 & 5/20230320/Raman/Run 21/Raman-DetectData-Avg01-0004.txt,43791,1269,#k Index:	1.00000000E+0
Figure 3 & 5,20230320,21,detect_data,Figure 3 & 5/20230320/Raman/Run 21/Raman-DetectData-Avg01-0005.txt,43828,1269,#k Index:	0.00000000E+0
Figure 3 & 5,20230320,21,detect_data,Figure 3 & 5/20230320/Raman/Run 21/Raman-DetectData-Avg01-0006.txt,43837,1269,#k Index:	1.00000000E+0
Figure 3 & 5,20230320,21,detect_data,Figure 3 & 5/20230320/Raman/Run 21/Raman-DetectData-Avg01-0007.txt,43810,1269,#k Index:	0.00000000E+0
Figure 3 & 5,20230320,21,detect_data,Figure 3 & 5/20230320/Raman/Run 21/Raman-DetectData-Avg01-0008.txt,43796,1269,#k Index:	1.00000000E+0
Figure 3 & 5,20230320,21,detect_data,Figure 3 & 5/20230320/Raman/Run 21/Raman-DetectData-Avg01-0009.txt,43803,1269,#k Index:	0.00000000E+0
Figure 3 & 5,20230320,21,detect_data,Figure 3 & 5/20230320/Raman/Run 21/Raman-DetectData-Avg01-0010.txt,43848,1269,#k Index:	1.00000000E+0
Figure 3 & 5,20230320,21,detect_data,Figure 3 & 5/20230320/Raman/Run 21/Raman-DetectData-Avg01-0011.txt,43790,1269,#k Index:	0.00000000E+0
Figure 3 & 5,20230320,21,detect_data,Figure 3 & 5/20230320/Raman/Run 21/Raman-DetectData-Avg01-0012.txt,43822,1269,#k Index:	1.00000000E+0
Figure 3 & 5,20230320,21,detect_data,Figure 3 & 5/20230320/Raman/Run 21/Raman-DetectData-Avg01-0013.txt,43802,1269,#k Index:	0.00000000E+0
Figure 3 & 5,20230320,21,detect_data,Figure 3 & 5/20230320/Raman/Run 21/Raman-DetectData-Avg01-0014.txt,43805,1269,#k Index:	1.00000000E+0
Figure 3 & 5,20230320,21,detect_data,Figure 3 & 5/20230320/Raman/Run 21/Raman-DetectData-Avg01-0015.txt,43808,1269,#k Index:	0.00000000E+0
Figure 3 & 5,20230320,21,detect_data,Figure 3 & 5/20230320/Raman/Run 21/Raman-DetectData-Avg01-0016.txt,43809,1269,#k Index:	1.00000000E+0
Figure 3 & 5,20230320,21,detect_data,Figure 3 & 5/20230320/Raman/Run 21/Raman-DetectData-Avg01-0017.txt,43798,1269,#k Index:	0.00000000E+0
Figure 3 & 5,20230320,21,detect_data,Figure 3 & 5/20230320/Raman/Run 21/Raman-DetectData-Avg01-0018.txt,43859,1269,#k Index:	1.00000000E+0
Figure 3 & 5,20230320,21,detect_data,Figure 3 & 5/20230320/Raman/Run 21/Raman-DetectData-Avg01-0019.txt,43801,1269,#k Index:	0.00000000E+0
Figure 3 & 5,20230320,21,detect_data,Figure 3 & 5/20230320/Raman/Run 21/Raman-DetectData-Avg01-0020.txt,43817,1269,#k Index:	1.00000000E+0
Figure 3 & 5,20230320,21,detect_data,Figure 3 & 5/20230320/Raman/Run 21/Raman-DetectData-Avg01-0021.txt,43784,1269,#k Index:	0.00000000E+0
Figure 3 & 5,20230320,21,detect_data,Figure 3 & 5/20230320/Raman/Run 21/Raman-DetectData-Avg01-0022.txt,43851,1269,#k Index:	1.00000000E+0
Figure 3 & 5,20230320,21,detect_data,Figure 3 & 5/20230320/Raman/Run 21/Raman-DetectData-Avg01-0023.txt,43815,1269,#k Index:	0.00000000E+0
Figure 3 & 5,20230320,21,detect_data,Figure 3 & 5/20230320/Raman/Run 21/Raman-DetectData-Avg01-0024.txt,43810,1269,#k Index:	1.00000000E+0
Figure 3 & 5,20230320,21,detect_data,Figure 3 & 5/20230320/Raman/Run 21/Raman-DetectData-Avg01-0025.txt,43804,1269,#k Index:	0.00000000E+0
Figure 3 & 5,20230320,21,detect_data,Figure 3 & 5/20230320/Raman/Run 21/Raman-DetectData-Avg01-0026.txt,43830,1269,#k Index:	1.00000000E+0
Figure 3 & 5,20230320,21,detect_data,Figure 3 & 5/20230320/Raman/Run 21/Raman-DetectData-Avg01-0027.txt,43801,1269,#k Index:	0.00000000E+0
Figure 3 & 5,20230320,21,detect_data,Figure 3 & 5/20230320/Raman/Run 21/Raman-DetectData-Avg01-0028.txt,43793,1269,#k Index:	1.00000000E+0
Figure 3 & 5,20230320,21,detect_data,Figure 3 & 5/20230320/Raman/Run 21/Raman-DetectData-Avg01-0029.txt,43797,1269,#k Index:	0.00000000E+0
Figure 3 & 5,20230320,21,detect_data,Figure 3 & 5/20230320/Raman/Run 21/Raman-DetectData-Avg01-0030.txt,43806,1269,#k Index:	1.00000000E+0
Figure 3 & 5,20230320,21,detect_data,Figure 3 & 5/20230320/Raman/Run 21/Raman-DetectData-Avg01-0031.txt,43786,1269,#k Index:	0.00000000E+0
Figure 3 & 5,20230320,21,detect_data,Figure 3 & 5/20230320/Raman/Run 21/Raman-DetectData-Avg01-0032.txt,43814,1269,#k Index:	1.00000000E+0
Figure 3 & 5,20230320,21,detect_data,Figure 3 & 5/20230320/Raman/Run 21/Raman-DetectData-Avg01-0033.txt,43784,1269,#k Index:	0.00000000E+0
Figure 3 & 5,20230320,21,detect_data,Figure 3 & 5/20230320/Raman/Run 21/Raman-DetectData-Avg01-0034.txt,43796,1269,#k Index:	1.00000000E+0
Figure 3 & 5,20230320,21,detect_data,Figure 3 & 5/20230320/Raman/Run 21/Raman-DetectData-Avg01-0035.txt,43800,1269,#k Index:	0.00000000E+0
Figure 3 & 5,20230320,21,detect_data,Figure 3 & 5/20230320/Raman/Run 21/Raman-DetectData-Avg01-0036.txt,43785,1269,#k Index:	1.00000000E+0
Figure 3 & 5,20230320,21,detect_data,Figure 3 & 5/20230320/Raman/Run 21/Raman-DetectData-Avg01-0037.txt,43825,1269,#k Index:	0.00000000E+0
Figure 3 & 5,20230320,21,detect_data,Figure 3 & 5/20230320/Raman/Run 21/Raman-DetectData-Avg01-0038.txt,43804,1269,#k Index:	1.00000000E+0
Figure 3 & 5,20230320,21,detect_data,Figure 3 & 5/20230320/Raman/Run 21/Raman-DetectData-Avg01-0039.txt,43791,1269,#k Index:	0.00000000E+0
Figure 3 & 5,20230320,21,detect_data,Figure 3 & 5/20230320/Raman/Run 21/Raman-DetectData-Avg01-0040.txt,43808,1269,#k Index:	1.00000000E+0
Figure 3 & 5,20230320,21,detect_data,Figure 3 & 5/20230320/Raman/Run 21/Raman-DetectData-Avg01-0041.txt,43810,1269,#k Index:	0.00000000E+0
Figure 3 & 5,20230320,21,detect_data,Figure 3 & 5/20230320/Raman/Run 21/Raman-DetectData-Avg01-0042.txt,43802,1269,#k Index:	1.00000000E+0
Figure 3 & 5,20230320,21,detect_data,Figure 3 & 5/20230320/Raman/Run 21/Raman-DetectData-Avg01-0043.txt,43805,1269,#k Index:	0.00000000E+0
Figure 3 & 5,20230320,21,detect_data,Figure 3 & 5/20230320/Raman/Run 21/Raman-DetectData-Avg01-0044.txt,43791,1269,#k Index:	1.00000000E+0
Figure 3 & 5,20230320,21,detect_data,Figure 3 & 5/20230320/Raman/Run 21/Raman-DetectData-Avg01-0045.txt,43801,1269,#k Index:	0.00000000E+0
Figure 3 & 5,20230320,21,detect_data,Figure 3 & 5/20230320/Raman/Run 21/Raman-DetectData-Avg01-0046.txt,43837,1269,#k Index:	1.00000000E+0
Figure 3 & 5,20230320,21,detect_data,Figure 3 & 5/20230320/Raman/Run 21/Raman-DetectData-Avg01-0047.txt,43805,1269,#k Index:	0.00000000E+0
Figure 3 & 5,20230320,21,detect_data,Figure 3 & 5/20230320/Raman/Run 21/Raman-DetectData-Avg01-0048.txt,43819,1269,#k Index:	1.00000000E+0
Figure 3 & 5,20230320,21,detect_data,Figure 3 & 5/20230320/Raman/Run 21/Raman-DetectData-Avg01-0049.txt,43789,1269,#k Index:	0.00000000E+0
Figure 3 & 5,20230320,21,detect_data,Figure 3 & 5/20230320/Raman/Run 21/Raman-DetectData-Avg01-0050.txt,43797,1269,#k Index:	1.00000000E+0
Figure 3 & 5,20230320,21,detect_data,Figure 3 & 5/20230320/Raman/Run 21/Raman-DetectData-Avg01-0051.txt,43806,1269,#k Index:	0.00000000E+0
Figure 3 & 5,20230320,21,detect_data,Figure 3 & 5/20230320/Raman/Run 21/Raman-DetectData-Avg01-0052.txt,43816,1269,#k Index:	1.00000000E+0
Figure 3 & 5,20230320,21,detect_data,Figure 3 & 5/20230320/Raman/Run 21/Raman-DetectData-Avg01-0053.txt,43802,1269,#k Index:	0.00000000E+0
Figure 3 & 5,20230320,21,detect_data,Figure 3 & 5/20230320/Raman/Run 21/Raman-DetectData-Avg01-0054.txt,43848,1269,#k Index:	1.00000000E+0
Figure 3 & 5,20230320,21,detect_data,Figure 3 & 5/20230320/Raman/Run 21/Raman-DetectData-Avg01-0055.txt,43808,1269,#k Index:	0.00000000E+0
Figure 3 & 5,20230320,21,detect_data,Figure 3 & 5/20230320/Raman/Run 21/Raman-DetectData-Avg01-0056.txt,43803,1269,#k Index:	1.00000000E+0
Figure 3 & 5,20230320,21,detect_data,Figure 3 & 5/20230320/Raman/Run 21/Raman-DetectData-Avg01-0057.txt,43800,1269,#k Index:	0.00000000E+0
Figure 3 & 5,20230320,21,detect_data,Figure 3 & 5/20230320/Raman/Run 21/Raman-DetectData-Avg01-0058.txt,43820,1269,#k Index:	1.00000000E+0
Figure 3 & 5,20230320,21,detect_data,Figure 3 & 5/20230320/Raman/Run 21/Raman-DetectData-Avg01-0059.txt,43830,1269,#k Index:	0.00000000E+0
Figure 3 & 5,20230320,21,detect_data,Figure 3 & 5/20230320/Raman/Run 21/Raman-DetectData-Avg01-0060.txt,43822,1269,#k Index:	1.00000000E+0
Figure 3 & 5,20230320,21,detect_data,Figure 3 & 5/20230320/Raman/Run 21/Raman-DetectData-Avg01-0061.txt,43809,1269,#k Index:	0.00000000E+0
Figure 3 & 5,20230320,21,detect_data,Figure 3 & 5/20230320/Raman/Run 21/Raman-DetectData-Avg01-0062.txt,43792,1269,#k Index:	1.00000000E+0
Figure 3 & 5,20230320,21,detect_data,Figure 3 & 5/20230320/Raman/Run 21/Raman-DetectData-Avg01-0063.txt,43804,1269,#k Index:	0.00000000E+0
Figure 3 & 5,20230320,21,detect_data,Figure 3 & 5/20230320/Raman/Run 21/Raman-DetectData-Avg01-0064.txt,43808,1269,#k Index:	1.00000000E+0
Figure 3 & 5,20230320,21,detect_data,Figure 3 & 5/20230320/Raman/Run 21/Raman-DetectData-Avg01-0065.txt,43824,1269,#k Index:	0.00000000E+0
Figure 3 & 5,20230320,21,detect_data,Figure 3 & 5/20230320/Raman/Run 21/Raman-DetectData-Avg01-0066.txt,43804,1269,#k Index:	1.00000000E+0
Figure 3 & 5,20230320,21,detect_data,Figure 3 & 5/20230320/Raman/Run 21/Raman-DetectData-Avg01-0067.txt,43815,1269,#k Index:	0.00000000E+0
Figure 3 & 5,20230320,21,detect_data,Figure 3 & 5/20230320/Raman/Run 21/Raman-DetectData-Avg01-0068.txt,43807,1269,#k Index:	1.00000000E+0
Figure 3 & 5,20230320,21,detect_data,Figure 3 & 5/20230320/Raman/Run 21/Raman-DetectData-Avg01-0069.txt,43809,1269,#k Index:	0.00000000E+0
Figure 3 & 5,20230320,21,detect_data,Figure 3 & 5/20230320/Raman/Run 21/Raman-DetectData-Avg01-0070.txt,43836,1269,#k Index:	1.00000000E+0
Figure 3 & 5,20230320,21,detect_data,Figure 3 & 5/20230320/Raman/Run 21/Raman-DetectData-Avg01-0071.txt,43795,1269,#k Index:	0.00000000E+0
Figure 3 & 5,20230320,21,detect_data,Figure 3 & 5/20230320/Raman/Run 21/Raman-DetectData-Avg01-0072.txt,43820,1269,#k Index:	1.00000000E+0
Figure 3 & 5,20230320,21,detect_data,Figure 3 & 5/20230320/Raman/Run 21/Raman-DetectData-Avg01-0073.txt,43798,1269,#k Index:	0.00000000E+0
Figure 3 & 5,20230320,21,detect_data,Figure 3 & 5/20230320/Raman/Run 21/Raman-DetectData-Avg01-0074.txt,43814,1269,#k Index:	1.00000000E+0
Figure 3 & 5,20230320,21,detect_data,Figure 3 & 5/20230320/Raman/Run 21/Raman-DetectData-Avg01-0075.txt,43836,1269,#k Index:	0.00000000E+0
Figure 3 & 5,20230320,21,detect_data,Figure 3 & 5/20230320/Raman/Run 21/Raman-DetectData-Avg01-0076.txt,43832,1269,#k Index:	1.00000000E+0
Figure 3 & 5,20230320,21,detect_data,Figure 3 & 5/20230320/Raman/Run 21/Raman-DetectData-Avg01-0077.txt,43829,1269,#k Index:	0.00000000E+0
Figure 3 & 5,20230320,21,detect_data,Figure 3 & 5/20230320/Raman/Run 21/Raman-DetectData-Avg01-0078.txt,43840,1269,#k Index:	1.00000000E+0
Figure 3 & 5,20230320,21,detect_data,Figure 3 & 5/20230320/Raman/Run 21/Raman-DetectData-Avg01-0079.txt,43801,1269,#k Index:	0.00000000E+0
Figure 3 & 5,20230320,21,detect_data,Figure 3 & 5/20230320/Raman/Run 21/Raman-DetectData-Avg01-0080.txt,43835,1269,#k Index:	1.00000000E+0
Figure 3 & 5,20230320,21,detect_data,Figure 3 & 5/20230320/Raman/Run 21/Raman-DetectData-Avg01-0081.txt,43791,1269,#k Index:	0.00000000E+0
Figure 3 & 5,20230320,21,detect_data,Figure 3 & 5/20230320/Raman/Run 21/Raman-DetectData-Avg01-0082.txt,43823,1269,#k Index:	1.00000000E+0
Figure 3 & 5,20230320,21,detect_data,Figure 3 & 5/20230320/Raman/Run 21/Raman-DetectData-Avg01-0083.txt,43824,1269,#k Index:	0.00000000E+0
Figure 3 & 5,20230320,21,detect_data,Figure 3 & 5/20230320/Raman/Run 21/Raman-DetectData-Avg01-0084.txt,43842,1269,#k Index:	1.00000000E+0
Figure 3 & 5,20230320,21,detect_data,Figure 3 & 5/20230320/Raman/Run 21/Raman-DetectData-Avg01-0085.txt,43803,1269,#k Index:	0.00000000E+0
Figure 3 & 5,20230320,21,detect_data,Figure 3 & 5/20230320/Raman/Run 21/Raman-DetectData-Avg01-0086.txt,43801,1269,#k Index:	1.00000000E+0
Figure 3 & 5,20230320,21,detect_data,Figure 3 & 5/20230320/Raman/Run 21/Raman-DetectData-Avg01-0087.txt,43830,1269,#k Index:	0.00000000E+0
Figure 3 & 5,20230320,21,detect_data,Figure 3 & 5/20230320/Raman/Run 21/Raman-DetectData-Avg01-0088.txt,43789,1269,#k Index:	1.00000000E+0
Figure 3 & 5,20230320,21,detect_data,Figure 3 & 5/20230320/Raman/Run 21/Raman-DetectData-Avg01-0089.txt,43821,1269,#k Index:	0.00000000E+0
Figure 3 & 5,20230320,21,detect_data,Figure 3 & 5/20230320/Raman/Run 21/Raman-DetectData-Avg01-0090.txt,43793,1269,#k Index:	1.00000000E+0
Figure 3 & 5,20230320,21,detect_data,Figure 3 & 5/20230320/Raman/Run 21/Raman-DetectData-Avg01-0091.txt,43836,1269,#k Index:	0.00000000E+0
Figure 3 & 5,20230320,21,detect_data,Figure 3 & 5/20230320/Raman/Run 21/Raman-DetectData-Avg01-0092.txt,43795,1269,#k Index:	1.00000000E+0
Figure 3 & 5,20230320,21,detect_data,Figure 3 & 5/20230320/Raman/Run 21/Raman-DetectData-Avg01-0093.txt,43818,1269,#k Index:	0.00000000E+0
Figure 3 & 5,20230320,21,detect_data,Figure 3 & 5/20230320/Raman/Run 21/Raman-DetectData-Avg01-0094.txt,43839,1269,#k Index:	1.00000000E+0
Figure 3 & 5,20230320,21,detect_data,Figure 3 & 5/20230320/Raman/Run 21/Raman-DetectData-Avg01-0095.txt,43793,1269,#k Index:	0.00000000E+0
Figure 3 & 5,20230320,21,detect_data,Figure 3 & 5/20230320/Raman/Run 21/Raman-DetectData-Avg01-0096.txt,43803,1269,#k Index:	1.00000000E+0
Figure 3 & 5,20230320,21,detect_data,Figure 3 & 5/20230320/Raman/Run 21/Raman-DetectData-Avg01-0097.txt,43788,1269,#k Index:	0.00000000E+0
Figure 3 & 5,20230320,21,detect_data,Figure 3 & 5/20230320/Raman/Run 21/Raman-DetectData-Avg01-0098.txt,43809,1269,#k Index:	1.00000000E+0
Figure 3 & 5,20230320,21,detect_data,Figure 3 & 5/20230320/Raman/Run 21/Raman-DetectData-Avg01-0099.txt,43797,1269,#k Index:	0.00000000E+0
Figure 3 & 5,20230320,21,detect_data,Figure 3 & 5/20230320/Raman/Run 21/Raman-DetectData-Avg01-0100.txt,43784,1269,#k Index:	1.00000000E+0
Figure 3 & 5,20230320,21,detect_data,Figure 3 & 5/20230320/Raman/Run 21/Raman-DetectData-Avg01-0101.txt,43834,1269,#k Index:	0.00000000E+0
Figure 3 & 5,20230320,21,detect_data,Figure 3 & 5/20230320/Raman/Run 21/Raman-DetectData-Avg01-0102.txt,43804,1269,#k Index:	1.00000000E+0
Figure 3 & 5,20230320,21,detect_data,Figure 3 & 5/20230320/Raman/Run 21/Raman-DetectData-Avg01-0103.txt,43787,1269,#k Index:	0.00000000E+0
Figure 3 & 5,20230320,21,detect_data,Figure 3 & 5/20230320/Raman/Run 21/Raman-DetectData-Avg01-0104.txt,43838,1269,#k Index:	1.00000000E+0
Figure 3 & 5,20230320,21,detect_data,Figure 3 & 5/20230320/Raman/Run 21/Raman-DetectData-Avg01-0105.txt,43829,1269,#k Index:	0.00000000E+0
Figure 3 & 5,20230320,21,detect_data,Figure 3 & 5/20230320/Raman/Run 21/Raman-DetectData-Avg01-0106.txt,43794,1269,#k Index:	1.00000000E+0
Figure 3 & 5,20230320,21,detect_data,Figure 3 & 5/20230320/Raman/Run 21/Raman-DetectData-Avg01-0107.txt,43807,1269,#k Index:	0.00000000E+0
Figure 3 & 5,20230320,21,detect_data,Figure 3 & 5/20230320/Raman/Run 21/Raman-DetectData-Avg01-0108.txt,43810,1269,#k Index:	1.00000000E+0
Figure 3 & 5,20230320,21,detect_data,Figure 3 & 5/20230320/Raman/Run 21/Raman-DetectData-Avg01-0109.txt,43837,1269,#k Index:	0.00000000E+0
Figure 3 & 5,20230320,21,detect_data,Figure 3 & 5/20230320/Raman/Run 21/Raman-DetectData-Avg01-0110.txt,43807,1269,#k Index:	1.00000000E+0
Figure 3 & 5,20230320,21,detect_data,Figure 3 & 5/20230320/Raman/Run 21/Raman-DetectData-Avg01-0111.txt,43793,1269,#k Index:	0.00000000E+0
Figure 3 & 5,20230320,21,detect_data,Figure 3 & 5/20230320/Raman/Run 21/Raman-DetectData-Avg01-0112.txt,43802,1269,#k Index:	1.00000000E+0
Figure 3 & 5,20230320,21,detect_data,Figure 3 & 5/20230320/Raman/Run 21/Raman-DetectData-Avg01-0113.txt,43816,1269,#k Index:	0.00000000E+0
Figure 3 & 5,20230320,21,detect_data,Figure 3 & 5/20230320/Raman/Run 21/Raman-DetectData-Avg01-0114.txt,43795,1269,#k Index:	1.00000000E+0
Figure 3 & 5,20230320,21,detect_data,Figure 3 & 5/20230320/Raman/Run 21/Raman-DetectData-Avg01-0115.txt,43791,1269,#k Index:	0.00000000E+0
Figure 3 & 5,20230320,21,detect_data,Figure 3 & 5/20230320/Raman/Run 21/Raman-DetectData-Avg01-0116.txt,43808,1269,#k Index:	1.00000000E+0
Figure 3 & 5,20230320,21,detect_data,Figure 3 & 5/20230320/Raman/Run 21/Raman-DetectData-Avg01-0117.txt,43823,1269,#k Index:	0.00000000E+0
Figure 3 & 5,20230320,21,detect_data,Figure 3 & 5/20230320/Raman/Run 21/Raman-DetectData-Avg01-0118.txt,43800,1269,#k Index:	1.00000000E+0
Figure 3 & 5,20230320,21,detect_data,Figure 3 & 5/20230320/Raman/Run 21/Raman-DetectData-Avg01-0119.txt,43793,1269,#k Index:	0.00000000E+0
Figure 3 & 5,20230320,21,detect_data,Figure 3 & 5/20230320/Raman/Run 21/Raman-DetectData-Avg01-0120.txt,43815,1269,#k Index:	1.00000000E+0
Figure 3 & 5,20230320,21,detect_data,Figure 3 & 5/20230320/Raman/Run 21/Raman-DetectData-Avg01-0121.txt,43794,1269,#k Index:	0.00000000E+0
Figure 3 & 5,20230320,21,detect_data,Figure 3 & 5/20230320/Raman/Run 21/Raman-DetectData-Avg01-0122.txt,43817,1269,#k Index:	1.00000000E+0
Figure 3 & 5,20230320,21,detect_data,Figure 3 & 5/20230320/Raman/Run 21/Raman-DetectData-Avg01-0123.txt,43787,1269,#k Index:	0.00000000E+0
Figure 3 & 5,20230320,21,detect_data,Figure 3 & 5/20230320/Raman/Run 21/Raman-DetectData-Avg01-0124.txt,43853,1269,#k Index:	1.00000000E+0
Figure 3 & 5,20230320,21,detect_data,Figure 3 & 5/20230320/Raman/Run 21/Raman-DetectData-Avg01-0125.txt,43838,1269,#k Index:	0.00000000E+0
Figure 3 & 5,20230320,21,detect_data,Figure 3 & 5/20230320/Raman/Run 21/Raman-DetectData-Avg01-0126.txt,43801,1269,#k Index:	1.00000000E+0
Figure 3 & 5,20230320,21,detect_data,Figure 3 & 5/20230320/Raman/Run 21/Raman-DetectData-Avg01-0127.txt,43788,1269,#k Index:	0.00000000E+0
Figure 3 & 5,20230320,21,detect_data,Figure 3 & 5/20230320/Raman/Run 21/Raman-DetectData-Avg01-0128.txt,43828,1269,#k Index:	1.00000000E+0
Figure 3 & 5,20230320,21,detect_data,Figure 3 & 5/20230320/Raman/Run 21/Raman-DetectData-Avg01-0129.txt,43807,1269,#k Index:	0.00000000E+0
Figure 3 & 5,20230320,21,detect_data,Figure 3 & 5/20230320/Raman/Run 21/Raman-DetectData-Avg01-0130.txt,43797,1269,#k Index:	1.00000000E+0
Figure 3 & 5,20230320,21,detect_data,Figure 3 & 5/20230320/Raman/Run 21/Raman-DetectData-Avg01-0131.txt,43811,1269,#k Index:	0.00000000E+0
Figure 3 & 5,20230320,21,detect_data,Figure 3 & 5/20230320/Raman/Run 21/Raman-DetectData-Avg01-0132.txt,43829,1269,#k Index:	1.00000000E+0
Figure 3 & 5,20230320,21,detect_data,Figure 3 & 5/20230320/Raman/Run 21/Raman-DetectData-Avg01-0133.txt,43801,1269,#k Index:	0.00000000E+0
Figure 3 & 5,20230320,21,detect_data,Figure 3 & 5/20230320/Raman/Run 21/Raman-DetectData-Avg01-0134.txt,43802,1269,#k Index:	1.00000000E+0
Figure 3 & 5,20230320,21,detect_data,Figure 3 & 5/20230320/Raman/Run 21/Raman-DetectData-Avg01-0135.txt,43787,1269,#k Index:	0.00000000E+0
Figure 3 & 5,20230320,21,detect_data,Figure 3 & 5/20230320/Raman/Run 21/Raman-DetectData-Avg01-0136.txt,43813,1269,#k Index:	1.00000000E+0
Figure 3 & 5,20230320,21,detect_data,Figure 3 & 5/20230320/Raman/Run 21/Raman-DetectData-Avg01-0137.txt,43810,1269,#k Index:	0.00000000E+0
Figure 3 & 5,20230320,21,detect_data,Figure 3 & 5/20230320/Raman/Run 21/Raman-DetectData-Avg01-0138.txt,43844,1269,#k Index:	1.00000000E+0
Figure 3 & 5,20230320,21,detect_data,Figure 3 & 5/20230320/Raman/Run 21/Raman-DetectData-Avg01-0139.txt,43804,1269,#k Index:	0.00000000E+0
Figure 3 & 5,20230320,21,detect_data,Figure 3 & 5/20230320/Raman/Run 21/Raman-DetectData-Avg01-0140.txt,43811,1269,#k Index:	1.00000000E+0
Figure 3 & 5,20230320,21,detect_data,Figure 3 & 5/20230320/Raman/Run 21/Raman-DetectData-Avg01-0141.txt,43807,1269,#k Index:	0.00000000E+0
Figure 3 & 5,20230320,21,detect_data,Figure 3 & 5/20230320/Raman/Run 21/Raman-DetectData-Avg01-0142.txt,43810,1269,#k Index:	1.00000000E+0
Figure 3 & 5,20230320,21,detect_data,Figure 3 & 5/20230320/Raman/Run 21/Raman-DetectData-Avg01-0143.txt,43792,1269,#k Index:	0.00000000E+0
Figure 3 & 5,20230320,21,detect_data,Figure 3 & 5/20230320/Raman/Run 21/Raman-DetectData-Avg01-0144.txt,43794,1269,#k Index:	1.00000000E+0
Figure 3 & 5,20230320,21,detect_data,Figure 3 & 5/20230320/Raman/Run 21/Raman-DetectData-Avg01-0145.txt,43786,1269,#k Index:	0.00000000E+0
Figure 3 & 5,20230320,21,detect_data,Figure 3 & 5/20230320/Raman/Run 21/Raman-DetectData-Avg01-0146.txt,43808,1269,#k Index:	1.00000000E+0
Figure 3 & 5,20230320,21,detect_data,Figure 3 & 5/20230320/Raman/Run 21/Raman-DetectData-Avg01-0147.txt,43789,1269,#k Index:	0.00000000E+0
Figure 3 & 5,20230320,21,detect_data,Figure 3 & 5/20230320/Raman/Run 21/Raman-DetectData-Avg01-0148.txt,43810,1269,#k Index:	1.00000000E+0
Figure 3 & 5,20230320,21,detect_data,Figure 3 & 5/20230320/Raman/Run 21/Raman-DetectData-Avg01-0149.txt,43837,1269,#k Index:	0.00000000E+0
Figure 3 & 5,20230320,21,detect_data,Figure 3 & 5/20230320/Raman/Run 21/Raman-DetectData-Avg01-0150.txt,43813,1269,#k Index:	1.00000000E+0
Figure 3 & 5,20230320,21,detect_data,Figure 3 & 5/20230320/Raman/Run 21/Raman-DetectData-Avg01-0151.txt,43790,1269,#k Index:	0.00000000E+0
Figure 3 & 5,20230320,21,detect_data,Figure 3 & 5/20230320/Raman/Run 21/Raman-DetectData-Avg01-0152.txt,43840,1269,#k Index:	1.00000000E+0
Figure 3 & 5,20230320,21,detect_data,Figure 3 & 5/20230320/Raman/Run 21/Raman-DetectData-Avg01-0153.txt,43794,1269,#k Index:	0.00000000E+0
Figure 3 & 5,20230320,21,detect_data,Figure 3 & 5/20230320/Raman/Run 21/Raman-DetectData-Avg01-0154.txt,43806,1269,#k Index:	1.00000000E+0
Figure 3 & 5,20230320,21,detect_data,Figure 3 & 5/20230320/Raman/Run 21/Raman-DetectData-Avg01-0155.txt,43790,1269,#k Index:	0.00000000E+0
Figure 3 & 5,20230320,21,detect_data,Figure 3 & 5/20230320/Raman/Run 21/Raman-DetectData-Avg01-0156.txt,43809,1269,#k Index:	1.00000000E+0
Figure 3 & 5,20230320,21,detect_data,Figure 3 & 5/20230320/Raman/Run 21/Raman-DetectData-Avg01-0157.txt,43790,1269,#k Index:	0.00000000E+0
Figure 3 & 5,20230320,21,detect_data,Figure 3 & 5/20230320/Raman/Run 21/Raman-DetectData-Avg01-0158.txt,43783,1269,#k Index:	1.00000000E+0
Figure 3 & 5,20230320,21,detect_data,Figure 3 & 5/20230320/Raman/Run 21/Raman-DetectData-Avg01-0159.txt,43801,1269,#k Index:	0.00000000E+0
Figure 3 & 5,20230320,21,detect_data,Figure 3 & 5/20230320/Raman/Run 21/Raman-DetectData-Avg01-0160.txt,43802,1269,#k Index:	1.00000000E+0
Figure 3 & 5,20230320,21,detect_data,Figure 3 & 5/20230320/Raman/Run 21/Raman-DetectData-Avg01-0161.txt,43796,1269,#k Index:	0.00000000E+0
Figure 3 & 5,20230320,21,detect_data,Figure 3 & 5/20230320/Raman/Run 21/Raman-DetectData-Avg01-0162.txt,43810,1269,#k Index:	1.00000000E+0
Figure 3 & 5,20230320,21,detect_data,Figure 3 & 5/20230320/Raman/Run 21/Raman-DetectData-Avg01-0163.txt,43789,1269,#k Index:	0.00000000E+0
Figure 3 & 5,20230320,21,detect_data,Figure 3 & 5/20230320/Raman/Run 21/Raman-DetectData-Avg01-0164.txt,43802,1269,#k Index:	1.00000000E+0
Figure 3 & 5,20230320,21,detect_data,Figure 3 & 5/20230320/Raman/Run 21/Raman-DetectData-Avg01-0165.txt,43787,1269,#k Index:	0.00000000E+0
Figure 3 & 5,20230320,21,detect_data,Figure 3 & 5/20230320/Raman/Run 21/Raman-DetectData-Avg01-0166.txt,43818,1269,#k Index:	1.00000000E+0
Figure 3 & 5,20230320,21,detect_data,Figure 3 & 5/20230320/Raman/Run 21/Raman-DetectData-Avg01-0167.txt,43796,1269,#k Index:	0.00000000E+0
Figure 3 & 5,20230320,21,detect_data,Figure 3 & 5/20230320/Raman/Run 21/Raman-DetectData-Avg01-0168.txt,43803,1269,#k Index:	1.00000000E+0
Figure 3 & 5,20230320,21,detect_data,Figure 3 & 5/20230320/Raman/Run 21/Raman-DetectData-Avg01-0169.txt,43800,1269,#k Index:	0.00000000E+0
Figure 3 & 5,20230320,21,detect_data,Figure 3 & 5/20230320/Raman/Run 21/Raman-DetectData-Avg01-0170.txt,43824,1269,#k Index:	1.00000000E+0
Figure 3 & 5,20230320,21,detect_data,Figure 3 & 5/20230320/Raman/Run 21/Raman-DetectData-Avg01-0171.txt,43791,1269,#k Index:	0.00000000E+0
Figure 3 & 5,20230320,21,detect_data,Figure 3 & 5/20230320/Raman/Run 21/Raman-DetectData-Avg01-0172.txt,43806,1269,#k Index:	1.00000000E+0
Figure 3 & 5,20230320,21,detect_data,Figure 3 & 5/20230320/Raman/Run 21/Raman-DetectData-Avg01-0173.txt,43792,1269,#k Index:	0.00000000E+0
Figure 3 & 5,20230320,21,detect_data,Figure 3 & 5/20230320/Raman/Run 21/Raman-DetectData-Avg01-0174.txt,43808,1269,#k Index:	1.00000000E+0
Figure 3 & 5,20230320,21,detect_data,Figure 3 & 5/20230320/Raman/Run 21/Raman-DetectData-Avg01-0175.txt,43802,1269,#k Index:	0.00000000E+0
Figure 3 & 5,20230320,21,detect_data,Figure 3 & 5/20230320/Raman/Run 21/Raman-DetectData-Avg01-0176.txt,43786,1269,#k Index:	1.00000000E+0
Figure 3 & 5,20230320,21,detect_data,Figure 3 & 5/20230320/Raman/Run 21/Raman-DetectData-Avg01-0177.txt,43809,1269,#k Index:	0.00000000E+0
Figure 3 & 5,20230320,21,detect_data,Figure 3 & 5/20230320/Raman/Run 21/Raman-DetectData-Avg01-0178.txt,43792,1269,#k Index:	1.00000000E+0
Figure 3 & 5,20230320,21,detect_data,Figure 3 & 5/20230320/Raman/Run 21/Raman-DetectData-Avg01-0179.txt,43835,1269,#k Index:	0.00000000E+0
Figure 3 & 5,20230320,21,detect_data,Figure 3 & 5/20230320/Raman/Run 21/Raman-DetectData-Avg01-0180.txt,43818,1269,#k Index:	1.00000000E+0
Figure 3 & 5,20230320,21,detect_data,Figure 3 & 5/20230320/Raman/Run 21/Raman-DetectData-Avg01-0181.txt,43838,1269,#k Index:	0.00000000E+0
Figure 3 & 5,20230320,21,detect_data,Figure 3 & 5/20230320/Raman/Run 21/Raman-DetectData-Avg01-0182.txt,43827,1269,#k Index:	1.00000000E+0
Figure 3 & 5,20230320,21,detect_data,Figure 3 & 5/20230320/Raman/Run 21/Raman-DetectData-Avg01-0183.txt,43834,1269,#k Index:	0.00000000E+0
Figure 3 & 5,20230320,21,detect_data,Figure 3 & 5/20230320/Raman/Run 21/Raman-DetectData-Avg01-0184.txt,43815,1269,#k Index:	1.00000000E+0
Figure 3 & 5,20230320,21,detect_data,Figure 3 & 5/20230320/Raman/Run 21/Raman-DetectData-Avg01-0185.txt,43799,1269,#k Index:	0.00000000E+0
Figure 3 & 5,20230320,21,detect_data,Figure 3 & 5/20230320/Raman/Run 21/Raman-DetectData-Avg01-0186.txt,43804,1269,#k Index:	1.00000000E+0
Figure 3 & 5,20230320,21,detect_data,Figure 3 & 5/20230320/Raman/Run 21/Raman-DetectData-Avg01-0187.txt,43807,1269,#k Index:	0.00000000E+0
Figure 3 & 5,20230320,21,detect_data,Figure 3 & 5/20230320/Raman/Run 21/Raman-DetectData-Avg01-0188.txt,43795,1269,#k Index:	1.00000000E+0
Figure 3 & 5,20230320,21,detect_data,Figure 3 & 5/20230320/Raman/Run 21/Raman-DetectData-Avg01-0189.txt,43792,1269,#k Index:	0.00000000E+0
Figure 3 & 5,20230320,21,detect_data,Figure 3 & 5/20230320/Raman/Run 21/Raman-DetectData-Avg01-0190.txt,43844,1269,#k Index:	1.00000000E+0
Figure 3 & 5,20230320,21,detect_data,Figure 3 & 5/20230320/Raman/Run 21/Raman-DetectData-Avg01-0191.txt,43843,1269,#k Index:	0.00000000E+0
Figure 3 & 5,20230320,21,detect_data,Figure 3 & 5/20230320/Raman/Run 21/Raman-DetectData-Avg01-0192.txt,43787,1269,#k Index:	1.00000000E+0
Figure 3 & 5,20230320,21,detect_data,Figure 3 & 5/20230320/Raman/Run 21/Raman-DetectData-Avg01-0193.txt,43790,1269,#k Index:	0.00000000E+0
Figure 3 & 5,20230320,21,detect_data,Figure 3 & 5/20230320/Raman/Run 21/Raman-DetectData-Avg01-0194.txt,43824,1269,#k Index:	1.00000000E+0
Figure 3 & 5,20230320,21,detect_data,Figure 3 & 5/20230320/Raman/Run 21/Raman-DetectData-Avg01-0195.txt,43816,1269,#k Index:	0.00000000E+0
Figure 3 & 5,20230320,21,detect_data,Figure 3 & 5/20230320/Raman/Run 21/Raman-DetectData-Avg01-0196.txt,43796,1269,#k Index:	1.00000000E+0
Figure 3 & 5,20230320,21,detect_data,Figure 3 & 5/20230320/Raman/Run 21/Raman-DetectData-Avg01-0197.txt,43803,1269,#k Index:	0.00000000E+0
Figure 3 & 5,20230320,21,detect_data,Figure 3 & 5/20230320/Raman/Run 21/Raman-DetectData-Avg01-0198.txt,43821,1269,#k Index:	1.00000000E+0
Figure 3 & 5,20230320,21,detect_data,Figure 3 & 5/20230320/Raman/Run 21/Raman-DetectData-Avg01-0199.txt,43798,1269,#k Index:	0.00000000E+0
Figure 3 & 5,20230320,21,detect_data,Figure 3 & 5/20230320/Raman/Run 21/Raman-DetectData-Avg01-0200.txt,43797,1269,#k Index:	1.00000000E+0
Figure 3 & 5,20230320,21,detect_data,Figure 3 & 5/20230320/Raman/Run 21/Raman-DetectData-Avg01-0201.txt,43823,1269,#k Index:	0.00000000E+0
Figure 3 & 5,20230320,21,detect_data,Figure 3 & 5/20230320/Raman/Run 21/Raman-DetectData-Avg01-0202.txt,43798,1269,#k Index:	1.00000000E+0
Figure 3 & 5,20230320,21,detect_data,Figure 3 & 5/20230320/Raman/Run 21/Raman-DetectData-Avg01-0203.txt,43805,1269,#k Index:	0.00000000E+0
Figure 3 & 5,20230320,21,detect_data,Figure 3 & 5/20230320/Raman/Run 21/Raman-DetectData-Avg01-0204.txt,43829,1269,#k Index:	1.00000000E+0
Figure 3 & 5,20230320,21,detect_data,Figure 3 & 5/20230320/Raman/Run 21/Raman-DetectData-Avg01-0205.txt,43808,1269,#k Index:	0.00000000E+0
Figure 3 & 5,20230320,21,detect_data,Figure 3 & 5/20230320/Raman/Run 21/Raman-DetectData-Avg01-0206.txt,43837,1269,#k Index:	1.00000000E+0
Figure 3 & 5,20230320,21,detect_data,Figure 3 & 5/20230320/Raman/Run 21/Raman-DetectData-Avg01-0207.txt,43804,1269,#k Index:	0.00000000E+0
Figure 3 & 5,20230320,21,detect_data,Figure 3 & 5/20230320/Raman/Run 21/Raman-DetectData-Avg01-0208.txt,43799,1269,#k Index:	1.00000000E+0
Figure 3 & 5,20230320,21,detect_data,Figure 3 & 5/20230320/Raman/Run 21/Raman-DetectData-Avg01-0209.txt,43827,1269,#k Index:	0.00000000E+0
Figure 3 & 5,20230320,21,detect_data,Figure 3 & 5/20230320/Raman/Run 21/Raman-DetectData-Avg01-0210.txt,43801,1269,#k Index:	1.00000000E+0
Figure 3 & 5,20230320,21,detect_data,Figure 3 & 5/20230320/Raman/Run 21/Raman-DetectData-Avg01-0211.txt,43794,1269,#k Index:	0.00000000E+0
Figure 3 & 5,20230320,21,detect_data,Figure 3 & 5/20230320/Raman/Run 21/Raman-DetectData-Avg01-0212.txt,43787,1269,#k Index:	1.00000000E+0
Figure 3 & 5,20230320,21,detect_data,Figure 3 & 5/20230320/Raman/Run 21/Raman-DetectData-Avg01-0213.txt,43837,1269,#k Index:	0.00000000E+0
Figure 3 & 5,20230320,21,detect_data,Figure 3 & 5/20230320/Raman/Run 21/Raman-DetectData-Avg01-0214.txt,43873,1269,#k Index:	1.00000000E+0
Figure 3 & 5,20230320,21,detect_data,Figure 3 & 5/20230320/Raman/Run 21/Raman-DetectData-Avg01-0215.txt,43799,1269,#k Index:	0.00000000E+0
Figure 3 & 5,20230320,21,detect_data,Figure 3 & 5/20230320/Raman/Run 21/Raman-DetectData-Avg01-0216.txt,43807,1269,#k Index:	1.00000000E+0
Figure 3 & 5,20230320,21,detect_data,Figure 3 & 5/20230320/Raman/Run 21/Raman-DetectData-Avg01-0217.txt,43788,1269,#k Index:	0.00000000E+0
Figure 3 & 5,20230320,21,detect_data,Figure 3 & 5/20230320/Raman/Run 21/Raman-DetectData-Avg01-0218.txt,43802,1269,#k Index:	1.00000000E+0
Figure 3 & 5,20230320,21,detect_data,Figure 3 & 5/20230320/Raman/Run 21/Raman-DetectData-Avg01-0219.txt,43793,1269,#k Index:	0.00000000E+0
Figure 3 & 5,20230320,21,detect_data,Figure 3 & 5/20230320/Raman/Run 21/Raman-DetectData-Avg01-0220.txt,43816,1269,#k Index:	1.00000000E+0
Figure 3 & 5,20230320,21,detect_data,Figure 3 & 5/20230320/Raman/Run 21/Raman-DetectData-Avg01-0221.txt,43837,1269,#k Index:	0.00000000E+0
Figure 3 & 5,20230320,21,detect_data,Figure 3 & 5/20230320/Raman/Run 21/Raman-DetectData-Avg01-0222.txt,43798,1269,#k Index:	1.00000000E+0
Figure 3 & 5,20230320,21,detect_data,Figure 3 & 5/20230320/Raman/Run 21/Raman-DetectData-Avg01-0223.txt,43804,1269,#k Index:	0.00000000E+0
Figure 3 & 5,20230320,21,detect_data,Figure 3 & 5/20230320/Raman/Run 21/Raman-DetectData-Avg01-0224.txt,43813,1269,#k Index:	1.00000000E+0
Figure 3 & 5,20230320,21,detect_data,Figure 3 & 5/20230320/Raman/Run 21/Raman-DetectData-Avg01-0225.txt,43839,1269,#k Index:	0.00000000E+0
Figure 3 & 5,20230320,21,detect_data,Figure 3 & 5/20230320/Raman/Run 21/Raman-DetectData-Avg01-0226.txt,43796,1269,#k Index:	1.00000000E+0
Figure 3 & 5,20230320,21,detect_data,Figure 3 & 5/20230320/Raman/Run 21/Raman-DetectData-Avg01-0227.txt,43783,1269,#k Index:	0.00000000E+0
Figure 3 & 5,20230320,21,detect_data,Figure 3 & 5/20230320/Raman/Run 21/Raman-DetectData-Avg01-0228.txt,43811,1269,#k Index:	1.00000000E+0
Figure 3 & 5,20230320,21,detect_data,Figure 3 & 5/20230320/Raman/Run 21/Raman-DetectData-Avg01-0229.txt,43805,1269,#k Index:	0.00000000E+0
Figure 3 & 5,20230320,21,detect_data,Figure 3 & 5/20230320/Raman/Run 21/Raman-DetectData-Avg01-0230.txt,43819,1269,#k Index:	1.00000000E+0
Figure 3 & 5,20230320,21,detect_data,Figure 3 & 5/20230320/Raman/Run 21/Raman-DetectData-Avg01-0231.txt,43790,1269,#k Index:	0.00000000E+0
Figure 3 & 5,20230320,21,detect_data,Figure 3 & 5/20230320/Raman/Run 21/Raman-DetectData-Avg01-0232.txt,43809,1269,#k Index:	1.00000000E+0
Figure 3 & 5,20230320,21,detect_data,Figure 3 & 5/20230320/Raman/Run 21/Raman-DetectData-Avg01-0233.txt,43791,1269,#k Index:	0.00000000E+0
Figure 3 & 5,20230320,21,detect_data,Figure 3 & 5/20230320/Raman/Run 21/Raman-DetectData-Avg01-0234.txt,43813,1269,#k Index:	1.00000000E+0
Figure 3 & 5,20230320,21,detect_data,Figure 3 & 5/20230320/Raman/Run 21/Raman-DetectData-Avg01-0235.txt,43801,1269,#k Index:	0.00000000E+0
Figure 3 & 5,20230320,21,detect_data,Figure 3 & 5/20230320/Raman/Run 21/Raman-DetectData-Avg01-0236.txt,43791,1269,#k Index:	1.00000000E+0
Figure 3 & 5,20230320,21,detect_data,Figure 3 & 5/20230320/Raman/Run 21/Raman-DetectData-Avg01-0237.txt,43818,1269,#k Index:	0.00000000E+0
Figure 3 & 5,20230320,21,detect_data,Figure 3 & 5/20230320/Raman/Run 21/Raman-DetectData-Avg01-0238.txt,43807,1269,#k Index:	1.00000000E+0
Figure 3 & 5,20230320,21,detect_data,Figure 3 & 5/20230320/Raman/Run 21/Raman-DetectData-Avg01-0239.txt,43803,1269,#k Index:	0.00000000E+0
Figure 3 & 5,20230320,21,detect_data,Figure 3 & 5/20230320/Raman/Run 21/Raman-DetectData-Avg01-0240.txt,43796,1269,#k Index:	1.00000000E+0
Figure 3 & 5,20230320,21,detect_data,Figure 3 & 5/20230320/Raman/Run 21/Raman-DetectData-Avg01-0241.txt,43799,1269,#k Index:	0.00000000E+0
Figure 3 & 5,20230320,21,detect_data,Figure 3 & 5/20230320/Raman/Run 21/Raman-DetectData-Avg01-0242.txt,43833,1269,#k Index:	1.00000000E+0
Figure 3 & 5,20230320,21,avg01_ratios,Figure 3 & 5/20230320/Raman/Run 21/Raman-Run21-Avg01-Ratios-kD.txt,13867,122,#Iteration	Date	Time	Chirp	Phase	RamanAxis	RTPhase	NFringe	Ratio
Figure 3 & 5,20230320,21,avg01_ratios,Figure 3 & 5/20230320/Raman/Run 21/Raman-Run21-Avg01-Ratios-kU.txt,13744,122,#Iteration	Date	Time	Chirp	Phase	RamanAxis	RTPhase	NFringe	Ratio
Figure 3 & 5,20230320,21,avg_ratios,Figure 3 & 5/20230320/Raman/Run 21/Raman-Run21-AvgRatios-kD.txt,12052,122,#Iteration	Date	Time	Chirp	Phase	RamanAxis	RatioMean	RatioStdDev
Figure 3 & 5,20230320,21,avg_ratios,Figure 3 & 5/20230320/Raman/Run 21/Raman-Run21-AvgRatios-kU.txt,12050,122,#Iteration	Date	Time	Chirp	Phase	RamanAxis	RatioMean	RatioStdDev
Figure 3 & 5,20230320,21,rotations_data,Figure 3 & 5/20230320/Raman/Run 21/Raman-Run21-RotationsData.txt,33919,243,#Iteration	Date	Time	STSX	STSY	RotationRateX	RotationRateY	FrCntX	FrCntY	TiptiltCmd1	TiptiltCmd2	TiptiltMonitor1	TiptiltMonitor2
Figure 3 & 5,20230320,21,rt_data,Figure 3 & 5/20230320/Raman/Run 21/Raman-Run21-RTData.txt,24281,243,#Iteration	Date	Time	RTPhase	NFringe	AccelAxis	AccelMean	AccelTemp
Figure 3 & 5,20230320,22,parameters,Figure 3 & 5/20230320/Raman/Run 22/Parameters.txt,1633,60,Software Version: 3.4
Figure 3 & 5,20230320,22,detect_data,Figure 3 & 5/20230320/Raman/Run 22/Raman-DetectData-Avg01-0001.txt,43786,1269,#k Index:	0.00000000E+0
Figure 3 & 5,20230320,22,detect_data,Figure 3 & 5/20230320/Raman/Run 22/Raman-DetectData-Avg01-0002.txt,43787,1269,#k Index:	1.00000000E+0
Figure 3 & 5,20230320,22,detect_data,Figure 3 & 5/20230320/Raman/Run 22/Raman-DetectData-Avg01-0003.txt,43798,1269,#k Index:	0.00000000E+0
Figure 3 & 5,20230320,22,detect_data,Figure 3 & 5/20230320/Raman/Run 22/Raman-DetectData-Avg01-0004.txt,43790,1269,#k Index:	1.00000000E+0
Figure 3 & 5,20230320,22,detect_data,Figure 3 & 5/20230320/Raman/Run 22/Raman-DetectData-Avg01-0005.txt,43784,1269,#k Index:	0.00000000E+0
Figure 3 & 5,20230320,22,detect_data,Figure 3 & 5/20230320/Raman/Run 22/Raman-DetectData-Avg01-0006.txt,43806,1269,#k Index:	1.00000000E+0
Figure 3 & 5,20230320,22,detect_data,Figure 3 & 5/20230320/Raman/Run 22/Raman-DetectData-Avg01-0007.txt,43789,1269,#k Index:	0.00000000E+0
Figure 3 & 5,20230320,22,detect_data,Figure 3 & 5/20230320/Raman/Run 22/Raman-DetectData-Avg01-0008.txt,43799,1269,#k Index:	1.00000000E+0
Figure 3 & 5,20230320,22,detect_data,Figure 3 & 5/20230320/Raman/Run 22/Raman-DetectData-Avg01-0009.txt,43782,1269,#k Index:	0.00000000E+0
Figure 3 & 5,20230320,22,detect_data,Figure 3 & 5/20230320/Raman/Run 22/Raman-DetectData-Avg01-0010.txt,43797,1269,#k Index:	1.00000000E+0
Figure 3 & 5,20230320,22,detect_data,Figure 3 & 5/20230320/Raman/Run 22/Raman-DetectData-Avg01-0011.txt,43804,1269,#k Index:	0.00000000E+0
Figure 3 & 5,20230320,22,detect_data,Figure 3 & 5/20230320/Raman/Run 22/Raman-DetectData-Avg01-0012.txt,43786,1269,#k Index:	1.00000000E+0
Figure 3 & 5,20230320,22,detect_data,Figure 3 & 5/20230320/Raman/Run 22/Raman-DetectData-Avg01-0013.txt,43782,1269,#k Index:	0.00000000E+0
Figure 3 & 5,20230320,22,detect_data,Figure 3 & 5/20230320/Raman/Run 22/Raman-DetectData-Avg01-0014.txt,43787,1269,#k Index:	1.00000000E+0
Figure 3 & 5,20230320,22,detect_data,Figure 3 & 5/20230320/Raman/Run 22/Raman-DetectData-Avg01-0015.txt,43783,1269,#k Index:	0.00000000E+0
Figure 3 & 5,20230320,22,detect_data,Figure 3 & 5/20230320/Raman/Run 22/Raman-DetectData-Avg01-0016.txt,43793,1269,#k Index:	1.00000000E+0
Figure 3 & 5,20230320,22,detect_data,Figure 3 & 5/20230320/Raman/Run 22/Raman-DetectData-Avg01-0017.txt,43797,1269,#k Index:	0.00000000E+0
Figure 3 & 5,20230320,22,detect_data,Figure 3 & 5/20230320/Raman/Run 22/Raman-DetectData-Avg01-0018.txt,43817,1269,#k Index:	1.00000000E+0
Figure 3 & 5,20230320,22,detect_data,Figure 3 & 5/20230320/Raman/Run 22/Raman-DetectData-Avg01-0019.txt,43795,1269,#k Index:	0.00000000E+0
Figure 3 & 5,20230320,22,detect_data,Figure 3 & 5/20230320/Raman/Run 22/Raman-DetectData-Avg01-0020.txt,43785,1269,#k Index:	1.00000000E+0
Figure 3 & 5,20230320,22,detect_data,Figure 3 & 5/20230320/Raman/Run 22/Raman-DetectData-Avg01-0021.txt,43786,1269,#k Index:	0.00000000E+0
Figure 3 & 5,20230320,22,detect_data,Figure 3 & 5/20230320/Raman/Run 22/Raman-DetectData-Avg01-0022.txt,43814,1269,#k Index:	1.00000000E+0
Figure 3 & 5,20230320,22,detect_data,Figure 3 & 5/20230320/Raman/Run 22/Raman-DetectData-Avg01-0023.txt,43856,1269,#k Index:	0.00000000E+0
Figure 3 & 5,20230320,22,detect_data,Figure 3 & 5/20230320/Raman/Run 22/Raman-DetectData-Avg01-0024.txt,43849,1269,#k Index:	1.00000000E+0
Figure 3 & 5,20230320,22,detect_data,Figure 3 & 5/20230320/Raman/Run 22/Raman-DetectData-Avg01-0025.txt,43835,1269,#k Index:	0.00000000E+0
Figure 3 & 5,20230320,22,detect_data,Figure 3 & 5/20230320/Raman/Run 22/Raman-DetectData-Avg01-0026.txt,43825,1269,#k Index:	1.00000000E+0
Figure 3 & 5,20230320,22,detect_data,Figure 3 & 5/20230320/Raman/Run 22/Raman-DetectData-Avg01-0027.txt,43811,1269,#k Index:	0.00000000E+0
Figure 3 & 5,20230320,22,detect_data,Figure 3 & 5/20230320/Raman/Run 22/Raman-DetectData-Avg01-0028.txt,43851,1269,#k Index:	1.00000000E+0
Figure 3 & 5,20230320,22,detect_data,Figure 3 & 5/20230320/Raman/Run 22/Raman-DetectData-Avg01-0029.txt,43808,1269,#k Index:	0.00000000E+0
Figure 3 & 5,20230320,22,detect_data,Figure 3 & 5/20230320/Raman/Run 22/Raman-DetectData-Avg01-0030.txt,43821,1269,#k Index:	1.00000000E+0
Figure 3 & 5,20230320,22,detect_data,Figure 3 & 5/20230320/Raman/Run 22/Raman-DetectData-Avg01-0031.txt,43827,1269,#k Index:	0.00000000E+0
Figure 3 & 5,20230320,22,detect_data,Figure 3 & 5/20230320/Raman/Run 22/Raman-DetectData-Avg01-0032.txt,43833,1269,#k Index:	1.00000000E+0
Figure 3 & 5,20230320,22,detect_data,Figure 3 & 5/20230320/Raman/Run 22/Raman-DetectData-Avg01-0033.txt,43875,1269,#k Index:	0.00000000E+0
Figure 3 & 5,20230320,22,detect_data,Figure 3 & 5/20230320/Raman/Run 22/Raman-DetectData-Avg01-0034.txt,43872,1269,#k Index:	1.00000000E+0
Figure 3 & 5,20230320,22,detect_data,Figure 3 & 5/20230320/Raman/Run 22/Raman-DetectData-Avg01-0035.txt,43842,1269,#k Index:	0.00000000E+0
Figure 3 & 5,20230320,22,detect_data,Figure 3 & 5/20230320/Raman/Run 22/Raman-DetectData-Avg01-0036.txt,43806,1269,#k Index:	1.00000000E+0
Figure 3 & 5,20230320,22,detect_data,Figure 3 & 5/20230320/Raman/Run 22/Raman-DetectData-Avg01-0037.txt,43830,1269,#k Index:	0.00000000E+0
Figure 3 & 5,20230320,22,detect_data,Figure 3 & 5/20230320/Raman/Run 22/Raman-DetectData-Avg01-0038.txt,43799,1269,#k Index:	1.00000000E+0
Figure 3 & 5,20230320,22,detect_data,Figure 3 & 5/20230320/Raman/Run 22/Raman-DetectData-Avg01-0039.txt,43818,1269,#k Index:	0.00000000E+0
Figure 3 & 5,20230320,22,detect_data,Figure 3 & 5/20230320/Raman/Run 22/Raman-DetectData-Avg01-0040.txt,43803,1269,#k Index:	1.00000000E+0
Figure 3 & 5,20230320,22,detect_data,Figure 3 & 5/20230320/Raman/Run 22/Raman-DetectData-Avg01-0041.txt,43802,1269,#k Index:	0.00000000E+0
Figure 3 & 5,20230320,22,detect_data,Figure 3 & 5/20230320/Raman/Run 22/Raman-DetectData-Avg01-0042.txt,43828,1269,#k Index:	1.00000000E+0
Figure 3 & 5,20230320,22,detect_data,Figure 3 & 5/20230320/Raman/Run 22/Raman-DetectData-Avg01-0043.txt,43843,1269,#k Index:	0.00000000E+0
Figure 3 & 5,20230320,22,detect_data,Figure 3 & 5/20230320/Raman/Run 22/Raman-DetectData-Avg01-0044.txt,43838,1269,#k Index:	1.00000000E+0
Figure 3 & 5,20230320,22,detect_data,Figure 3 & 5/20230320/Raman/Run 22/Raman-DetectData-Avg01-0045.txt,43799,1269,#k Index:	0.00000000E+0
Figure 3 & 5,20230320,22,detect_data,Figure 3 & 5/20230320/Raman/Run 22/Raman-DetectData-Avg01-0046.txt,43829,1269,#k Index:	1.00000000E+0
Figure 3 & 5,20230320,22,detect_data,Figure 3 & 5/20230320/Raman/Run 22/Raman-DetectData-Avg01-0047.txt,43785,1269,#k Index:	0.00000000E+0
Figure 3 & 5,20230320,22,detect_data,Figure 3 & 5/20230320/Raman/Run 22/Raman-DetectData-Avg01-0048.txt,43808,1269,#k Index:	1.00000000E+0
Figure 3 & 5,20230320,22,detect_data,Figure 3 & 5/20230320/Raman/Run 22/Raman-DetectData-Avg01-0049.txt,43797,1269,#k Index:	0.00000000E+0
Figure 3 & 5,20230320,22,detect_data,Figure 3 & 5/20230320/Raman/Run 22/Raman-DetectData-Avg01-0050.txt,43834,1269,#k Index:	1.00000000E+0
Figure 3 & 5,20230320,22,detect_data,Figure 3 & 5/20230320/Raman/Run 22/Raman-DetectData-Avg01-0051.txt,43805,1269,#k Index:	0.00000000E+0
Figure 3 & 5,20230320,22,detect_data,Figure 3 & 5/20230320/Raman/Run 22/Raman-DetectData-Avg01-0052.txt,43806,1269,#k Index:	1.00000000E+0
Figure 3 & 5,20230320,22,detect_data,Figure 3 & 5/20230320/Raman/Run 22/Raman-DetectData-Avg01-0053.txt,43789,1269,#k Index:	0.00000000E+0
Figure 3 & 5,20230320,22,detect_data,Figure 3 & 5/20230320/Raman/Run 22/Raman-DetectData-Avg01-0054.txt,43836,1269,#k Index:	1.00000000E+0
Figure 3 & 5,20230320,22,detect_data,Figure 3 & 5/20230320/Raman/Run 22/Raman-DetectData-Avg01-0055.txt,43795,1269,#k Index:	0.00000000E+0
Figure 3 & 5,20230320,22,detect_data,Figure 3 & 5/20230320/Raman/Run 22/Raman-DetectData-Avg01-0056.txt,43797,1269,#k Index:	1.00000000E+0
Figure 3 & 5,20230320,22,detect_data,Figure 3 & 5/20230320/Raman/Run 22/Raman-DetectData-Avg01-0057.txt,43816,1269,#k Index:	0.00000000E+0
Figure 3 & 5,20230320,22,detect_data,Figure 3 & 5/20230320/Raman/Run 22/Raman-DetectData-Avg01-0058.txt,43800,1269,#k Index:	1.00000000E+0
Figure 3 & 5,20230320,22,detect_data,Figure 3 & 5/20230320/Raman/Run 22/Raman-DetectData-Avg01-0059.txt,43846,1269,#k Index:	0.00000000E+0
Figure 3 & 5,20230320,22,detect_data,Figure 3 & 5/20230320/Raman/Run 22/Raman-DetectData-Avg01-0060.txt,43788,1269,#k Index:	1.00000000E+0
Figure 3 & 5,20230320,22,detect_data,Figure 3 & 5/20230320/Raman/Run 22/Raman-DetectData-Avg01-0061.txt,43781,1269,#k Index:	0.00000000E+0
Figure 3 & 5,20230320,22,detect_data,Figure 3 & 5/20230320/Raman/Run 22/Raman-DetectData-Avg01-0062.txt,43820,1269,#k Index:	1.00000000E+0
Figure 3 & 5,20230320,22,detect_data,Figure 3 & 5/20230320/Raman/Run 22/Raman-DetectData-Avg01-0063.txt,43786,1269,#k Index:	0.00000000E+0
Figure 3 & 5,20230320,22,detect_data,Figure 3 & 5/20230320/Raman/Run 22/Raman-DetectData-Avg01-0064.txt,43839,1269,#k Index:	1.00000000E+0
Figure 3 & 5,20230320,22,detect_data,Figure 3 & 5/20230320/Raman/Run 22/Raman-DetectData-Avg01-0065.txt,43816,1269,#k Index:	0.00000000E+0
Figure 3 & 5,20230320,22,detect_data,Figure 3 & 5/20230320/Raman/Run 22/Raman-DetectData-Avg01-0066.txt,43855,1269,#k Index:	1.00000000E+0
Figure 3 & 5,20230320,22,detect_data,Figure 3 & 5/20230320/Raman/Run 22/Raman-DetectData-Avg01-0067.txt,43825,1269,#k Index:	0.00000000E+0
Figure 3 & 5,20230320,22,detect_data,Figure 3 & 5/20230320/Raman/Run 22/Raman-DetectData-Avg01-0068.txt,43835,1269,#k Index:	1.00000000E+0
Figure 3 & 5,20230320,22,detect_data,Figure 3 & 5/20230320/Raman/Run 22/Raman-DetectData-Avg01-0069.txt,43793,1269,#k Index:	0.00000000E+0
Figure 3 & 5,20230320,22,detect_data,Figure 3 & 5/20230320/Raman/Run 22/Raman-DetectData-Avg01-0070.txt,43834,1269,#k Index:	1.00000000E+0
Figure 3 & 5,20230320,22,detect_data,Figure 3 & 5/20230320/Raman/Run 22/Raman-DetectData-Avg01-0071.txt,43784,1269,#k Index:	0.00000000E+0
Figure 3 & 5,20230320,22,detect_data,Figure 3 & 5/20230320/Raman/Run 22/Raman-DetectData-Avg01-0072.txt,43813,1269,#k Index:	1.00000000E+0
Figure 3 & 5,20230320,22,detect_data,Figure 3 & 5/20230320/Raman/Run 22/Raman-DetectData-Avg01-0073.txt,43807,1269,#k Index:	0.00000000E+0
Figure 3 & 5,20230320,22,detect_data,Figure 3 & 5/20230320/Raman/Run 22/Raman-DetectData-Avg01-0074.txt,43850,1269,#k Index:	1.00000000E+0
Figure 3 & 5,20230320,22,detect_data,Figure 3 & 5/20230320/Raman/Run 22/Raman-DetectData-Avg01-0075.txt,43800,1269,#k Index:	0.00000000E+0
Figure 3 & 5,20230320,22,detect_data,Figure 3 & 5/20230320/Raman/Run 22/Raman-DetectData-Avg01-0076.txt,43793,1269,#k Index:	1.00000000E+0
Figure 3 & 5,20230320,22,detect_data,Figure 3 & 5/20230320/Raman/Run 22/Raman-DetectData-Avg01-0077.txt,43812,1269,#k Index:	0.00000000E+0
Figure 3 & 5,20230320,22,detect_data,Figure 3 & 5/20230320/Raman/Run 22/Raman-DetectData-Avg01-0078.txt,43791,1269,#k Index:	1.00000000E+0
Figure 3 & 5,20230320,22,detect_data,Figure 3 & 5/20230320/Raman/Run 22/Raman-DetectData-Avg01-0079.txt,43766,1269,#k Index:	0.00000000E+0
Figure 3 & 5,20230320,22,detect_data,Figure 3 & 5/20230320/Raman/Run 22/Raman-DetectData-Avg01-0080.txt,43819,1269,#k Index:	1.00000000E+0
Figure 3 & 5,20230320,22,detect_data,Figure 3 & 5/20230320/Raman/Run 22/Raman-DetectData-Avg01-0081.txt,43801,1269,#k Index:	0.00000000E+0
Figure 3 & 5,20230320,22,detect_data,Figure 3 & 5/20230320/Raman/Run 22/Raman-DetectData-Avg01-0082.txt,43866,1269,#k Index:	1.00000000E+0
Figure 3 & 5,20230320,22,detect_data,Figure 3 & 5/20230320/Raman/Run 22/Raman-DetectData-Avg01-0083.txt,43793,1269,#k Index:	0.00000000E+0
Figure 3 & 5,20230320,22,detect_data,Figure 3 & 5/20230320/Raman/Run 22/Raman-DetectData-Avg01-0084.txt,43868,1269,#k Index:	1.00000000E+0
Figure 3 & 5,20230320,22,detect_data,Figure 3 & 5/20230320/Raman/Run 22/Raman-DetectData-Avg01-0085.txt,43809,1269,#k Index:	0.00000000E+0
Figure 3 & 5,20230320,22,detect_data,Figure 3 & 5/20230320/Raman/Run 22/Raman-DetectData-Avg01-0086.txt,43844,1269,#k Index:	1.00000000E+0
Figure 3 & 5,20230320,22,detect_data,Figure 3 & 5/20230320/Raman/Run 22/Raman-DetectData-Avg01-0087.txt,43819,1269,#k Index:	0.00000000E+0
Figure 3 & 5,20230320,22,detect_data,Figure 3 & 5/20230320/Raman/Run 22/Raman-DetectData-Avg01-0088.txt,43861,1269,#k Index:	1.00000000E+0
Figure 3 & 5,20230320,22,detect_data,Figure 3 & 5/20230320/Raman/Run 22/Raman-DetectData-Avg01-0089.txt,43831,1269,#k Index:	0.00000000E+0
Figure 3 & 5,20230320,22,detect_data,Figure 3 & 5/20230320/Raman/Run 22/Raman-DetectData-Avg01-0090.txt,43852,1269,#k Index:	1.00000000E+0
Figure 3 & 5,20230320,22,detect_data,Figure 3 & 5/20230320/Raman/Run 22/Raman-DetectData-Avg01-0091.txt,43773,1269,#k Index:	0.00000000E+0
Figure 3 & 5,20230320,22,detect_data,Figure 3 & 5/20230320/Raman/Run 22/Raman-DetectData-Avg01-0092.txt,43812,1269,#k Index:	1.00000000E+0
Figure 3 & 5,20230320,22,detect_data,Figure 3 & 5/20230320/Raman/Run 22/Raman-DetectData-Avg01-0093.txt,43829,1269,#k Index:	0.00000000E+0
Figure 3 & 5,20230320,22,detect_data,Figure 3 & 5/20230320/Raman/Run 22/Raman-DetectData-Avg01-0094.txt,43823,1269,#k Index:	1.00000000E+0
Figure 3 & 5,20230320,22,detect_data,Figure 3 & 5/20230320/Raman/Run 22/Raman-DetectData-Avg01-0095.txt,43809,1269,#k Index:	0.00000000E+0
Figure 3 & 5,20230320,22,detect_data,Figure 3 & 5/20230320/Raman/Run 22/Raman-DetectData-Avg01-0096.txt,43819,1269,#k Index:	1.00000000E+0
Figure 3 & 5,20230320,22,detect_data,Figure 3 & 5/20230320/Raman/Run 22/Raman-DetectData-Avg01-0097.txt,43788,1269,#k Index:	0.00000000E+0
Figure 3 & 5,20230320,22,detect_data,Figure 3 & 5/20230320/Raman/Run 22/Raman-DetectData-Avg01-0098.txt,43825,1269,#k Index:	1.00000000E+0
Figure 3 & 5,20230320,22,detect_data,Figure 3 & 5/20230320/Raman/Run 22/Raman-DetectData-Avg01-0099.txt,43822,1269,#k Index:	0.00000000E+0
Figure 3 & 5,20230320,22,detect_data,Figure 3 & 5/20230320/Raman/Run 22/Raman-DetectData-Avg01-0100.txt,43786,1269,#k Index:	1.00000000E+0
Figure 3 & 5,20230320,22,detect_data,Figure 3 & 5/20230320/Raman/Run 22/Raman-DetectData-Avg01-0101.txt,43797,1269,#k Index:	0.00000000E+0
Figure 3 & 5,20230320,22,detect_data,Figure 3 & 5/20230320/Raman/Run 22/Raman-DetectData-Avg01-0102.txt,43796,1269,#k Index:	1.00000000E+0
Figure 3 & 5,20230320,22,detect_data,Figure 3 & 5/20230320/Raman/Run 22/Raman-DetectData-Avg01-0103.txt,43828,1269,#k Index:	0.00000000E+0
Figure 3 & 5,20230320,22,detect_data,Figure 3 & 5/20230320/Raman/Run 22/Raman-DetectData-Avg01-0104.txt,43800,1269,#k Index:	1.00000000E+0
Figure 3 & 5,20230320,22,detect_data,Figure 3 & 5/20230320/Raman/Run 22/Raman-DetectData-Avg01-0105.txt,43846,1269,#k Index:	0.00000000E+0
Figure 3 & 5,20230320,22,detect_data,Figure 3 & 5/20230320/Raman/Run 22/Raman-DetectData-Avg01-0106.txt,43820,1269,#k Index:	1.00000000E+0
Figure 3 & 5,20230320,22,detect_data,Figure 3 & 5/20230320/Raman/Run 22/Raman-DetectData-Avg01-0107.txt,43858,1269,#k Index:	0.00000000E+0
Figure 3 & 5,20230320,22,detect_data,Figure 3 & 5/20230320/Raman/Run 22/Raman-DetectData-Avg01-0108.txt,43844,1269,#k Index:	1.00000000E+0
Figure 3 & 5,20230320,22,detect_data,Figure 3 & 5/20230320/Raman/Run 22/Raman-DetectData-Avg01-0109.txt,43862,1269,#k Index:	0.00000000E+0
Figure 3 & 5,20230320,22,detect_data,Figure 3 & 5/20230320/Raman/Run 22/Raman-DetectData-Avg01-0110.txt,43808,1269,#k Index:	1.00000000E+0
Figure 3 & 5,20230320,22,detect_data,Figure 3 & 5/20230320/Raman/Run 22/Raman-DetectData-Avg01-0111.txt,43828,1269,#k Index:	0.00000000E+0
Figure 3 & 5,20230320,22,detect_data,Figure 3 & 5/20230320/Raman/Run 22/Raman-DetectData-Avg01-0112.txt,43826,1269,#k Index:	1.00000000E+0
Figure 3 & 5,20230320,22,detect_data,Figure 3 & 5/20230320/Raman/Run 22/Raman-DetectData-Avg01-0113.txt,43801,1269,#k Index:	0.00000000E+0
Figure 3 & 5,20230320,22,detect_data,Figure 3 & 5/20230320/Raman/Run 22/Raman-DetectData-Avg01-0114.txt,43849,1269,#k Index:	1.00000000E+0
Figure 3 & 5,20230320,22,detect_data,Figure 3 & 5/20230320/Raman/Run 22/Raman-DetectData-Avg01-0115.txt,43816,1269,#k Index:	0.00000000E+0
Figure 3 & 5,20230320,22,detect_data,Figure 3 & 5/20230320/Raman/Run 22/Raman-DetectData-Avg01-0116.txt,43867,1269,#k Index:	1.00000000E+0
Figure 3 & 5,20230320,22,detect_data,Figure 3 & 5/20230320/Raman/Run 22/Raman-DetectData-Avg01-0117.txt,43805,1269,#k Index:	0.00000000E+0
Figure 3 & 5,20230320,22,detect_data,Figure 3 & 5/20230320/Raman/Run 22/Raman-DetectData-Avg01-0118.txt,43835,1269,#k Index:	1.00000000E+0
Figure 3 & 5,20230320,22,detect_data,Figure 3 & 5/20230320/Raman/Run 22/Raman-DetectData-Avg01-0119.txt,43798,1269,#k Index:	0.00000000E+0
Figure 3 & 5,20230320,22,detect_data,Figure 3 & 5/20230320/Raman/Run 22/Raman-DetectData-Avg01-0120.txt,43819,1269,#k Index:	1.00000000E+0
Figure 3 & 5,20230320,22,detect_data,Figure 3 & 5/20230320/Raman/Run 22/Raman-DetectData-Avg01-0121.txt,43792,1269,#k Index:	0.00000000E+0
Figure 3 & 5,20230320,22,detect_data,Figure 3 & 5/20230320/Raman/Run 22/Raman-DetectData-Avg01-0122.txt,43840,1269,#k Index:	1.00000000E+0
Figure 3 & 5,20230320,22,detect_data,Figure 3 & 5/20230320/Raman/Run 22/Raman-DetectData-Avg01-0123.txt,43806,1269,#k Index:	0.00000000E+0
Figure 3 & 5,20230320,22,detect_data,Figure 3 & 5/20230320/Raman/Run 22/Raman-DetectData-Avg01-0124.txt,43849,1269,#k Index:	1.00000000E+0
Figure 3 & 5,20230320,22,detect_data,Figure 3 & 5/20230320/Raman/Run 22/Raman-DetectData-Avg01-0125.txt,43788,1269,#k Index:	0.00000000E+0
Figure 3 & 5,20230320,22,detect_data,Figure 3 & 5/20230320/Raman/Run 22/Raman-DetectData-Avg01-0126.txt,43858,1269,#k Index:	1.00000000E+0
Figure 3 & 5,20230320,22,detect_data,Figure 3 & 5/20230320/Raman/Run 22/Raman-DetectData-Avg01-0127.txt,43805,1269,#k Index:	0.00000000E+0
Figure 3 & 5,20230320,22,detect_data,Figure 3 & 5/20230320/Raman/Run 22/Raman-DetectData-Avg01-0128.txt,43866,1269,#k Index:	1.00000000E+0
Figure 3 & 5,20230320,22,detect_data,Figure 3 & 5/20230320/Raman/Run 22/Raman-DetectData-Avg01-0129.txt,43786,1269,#k Index:	0.00000000E+0
Figure 3 & 5,20230320,22,detect_data,Figure 3 & 5/20230320/Raman/Run 22/Raman-DetectData-Avg01-0130.txt,43863,1269,#k Index:	1.00000000E+0
Figure 3 & 5,20230320,22,detect_data,Figure 3 & 5/20230320/Raman/Run 22/Raman-DetectData-Avg01-0131.txt,43816,1269,#k Index:	0.00000000E+0
Figure 3 & 5,20230320,22,detect_data,Figure 3 & 5/20230320/Raman/Run 22/Raman-DetectData-Avg01-0132.txt,43879,1269,#k Index:	1.00000000E+0
Figure 3 & 5,20230320,22,detect_data,Figure 3 & 5/20230320/Raman/Run 22/Raman-DetectData-Avg01-0133.txt,43812,1269,#k Index:	0.00000000E+0
Figure 3 & 5,20230320,22,detect_data,Figure 3 & 5/20230320/Raman/Run 22/Raman-DetectData-Avg01-0134.txt,43829,1269,#k Index:	1.00000000E+0
Figure 3 & 5,20230320,22,detect_data,Figure 3 & 5/20230320/Raman/Run 22/Raman-DetectData-Avg01-0135.txt,43797,1269,#k Index:	0.00000000E+0
Figure 3 & 5,20230320,22,detect_data,Figure 3 & 5/20230320/Raman/Run 22/Raman-DetectData-Avg01-0136.txt,43822,1269,#k Index:	1.00000000E+0
Figure 3 & 5,20230320,22,detect_data,Figure 3 & 5/20230320/Raman/Run 22/Raman-DetectData-Avg01-0137.txt,43807,1269,#k Index:	0.00000000E+0
Figure 3 & 5,20230320,22,detect_data,Figure 3 & 5/20230320/Raman/Run 22/Raman-DetectData-Avg01-0138.txt,43846,1269,#k Index:	1.00000000E+0
Figure 3 & 5,20230320,22,detect_data,Figure 3 & 5/20230320/Raman/Run 22/Raman-DetectData-Avg01-0139.txt,43810,1269,#k Index:	0.00000000E+0
Figure 3 & 5,20230320,22,detect_data,Figure 3 & 5/20230320/Raman/Run 22/Raman-DetectData-Avg01-0140.txt,43835,1269,#k Index:	1.00000000E+0
Figure 3 & 5,20230320,22,detect_data,Figure 3 & 5/20230320/Raman/Run 22/Raman-DetectData-Avg01-0141.txt,43799,1269,#k Index:	0.00000000E+0
Figure 3 & 5,20230320,22,detect_data,Figure 3 & 5/20230320/Raman/Run 22/Raman-DetectData-Avg01-0142.txt,43839,1269,#k Index:	1.00000000E+0
Figure 3 & 5,20230320,22,detect_data,Figure 3 & 5/20230320/Raman/Run 22/Raman-DetectData-Avg01-0143.txt,43808,1269,#k Index:	0.00000000E+0
Figure 3 & 5,20230320,22,detect_data,Figure 3 & 5/20230320/Raman/Run 22/Raman-DetectData-Avg01-0144.txt,43833,1269,#k Index:	1.00000000E+0
Figure 3 & 5,20230320,22,detect_data,Figure 3 & 5/20230320/Raman/Run 22/Raman-DetectData-Avg01-0145.txt,43792,1269,#k Index:	0.00000000E+0
Figure 3 & 5,20230320,22,detect_data,Figure 3 & 5/20230320/Raman/Run 22/Raman-DetectData-Avg01-0146.txt,43826,1269,#k Index:	1.00000000E+0
Figure 3 & 5,20230320,22,detect_data,Figure 3 & 5/20230320/Raman/Run 22/Raman-DetectData-Avg01-0147.txt,43790,1269,#k Index:	0.00000000E+0
Figure 3 & 5,20230320,22,detect_data,Figure 3 & 5/20230320/Raman/Run 22/Raman-DetectData-Avg01-0148.txt,43819,1269,#k Index:	1.00000000E+0
Figure 3 & 5,20230320,22,detect_data,Figure 3 & 5/20230320/Raman/Run 22/Raman-DetectData-Avg01-0149.txt,43802,1269,#k Index:	0.00000000E+0
Figure 3 & 5,20230320,22,detect_data,Figure 3 & 5/20230320/Raman/Run 22/Raman-DetectData-Avg01-0150.txt,43849,1269,#k Index:	1.00000000E+0
Figure 3 & 5,20230320,22,detect_data,Figure 3 & 5/20230320/Raman/Run 22/Raman-DetectData-Avg01-0151.txt,43777,1269,#k Index:	0.00000000E+0
Figure 3 & 5,20230320,22,detect_data,Figure 3 & 5/20230320/Raman/Run 22/Raman-DetectData-Avg01-0152.txt,43836,1269,#k Index:	1.00000000E+0
Figure 3 & 5,20230320,22,detect_data,Figure 3 & 5/20230320/Raman/Run 22/Raman-DetectData-Avg01-0153.txt,43803,1269,#k Index:	0.00000000E+0
Figure 3 & 5,20230320,22,detect_data,Figure 3 & 5/20230320/Raman/Run 22/Raman-DetectData-Avg01-0154.txt,43829,1269,#k Index:	1.00000000E+0
Figure 3 & 5,20230320,22,detect_data,Figure 3 & 5/20230320/Raman/Run 22/Raman-DetectData-Avg01-0155.txt,43802,1269,#k Index:	0.00000000E+0
Figure 3 & 5,20230320,22,detect_data,Figure 3 & 5/20230320/Raman/Run 22/Raman-DetectData-Avg01-0156.txt,43783,1269,#k Index:	1.00000000E+0
Figure 3 & 5,20230320,22,detect_data,Figure 3 & 5/20230320/Raman/Run 22/Raman-DetectData-Avg01-0157.txt,43808,1269,#k Index:	0.00000000E+0
Figure 3 & 5,20230320,22,detect_data,Figure 3 & 5/20230320/Raman/Run 22/Raman-DetectData-Avg01-0158.txt,43771,1269,#k Index:	1.00000000E+0
Figure 3 & 5,20230320,22,detect_data,Figure 3 & 5/20230320/Raman/Run 22/Raman-DetectData-Avg01-0159.txt,43843,1269,#k Index:	0.00000000E+0
Figure 3 & 5,20230320,22,detect_data,Figure 3 & 5/20230320/Raman/Run 22/Raman-DetectData-Avg01-0160.txt,43792,1269,#k Index:	1.00000000E+0
Figure 3 & 5,20230320,22,detect_data,Figure 3 & 5/20230320/Raman/Run 22/Raman-DetectData-Avg01-0161.txt,43814,1269,#k Index:	0.00000000E+0
Figure 3 & 5,20230320,22,detect_data,Figure 3 & 5/20230320/Raman/Run 22/Raman-DetectData-Avg01-0162.txt,43792,1269,#k Index:	1.00000000E+0
Figure 3 & 5,20230320,22,detect_data,Figure 3 & 5/20230320/Raman/Run 22/Raman-DetectData-Avg01-0163.txt,43864,1269,#k Index:	0.00000000E+0
Figure 3 & 5,20230320,22,detect_data,Figure 3 & 5/20230320/Raman/Run 22/Raman-DetectData-Avg01-0164.txt,43788,1269,#k Index:	1.00000000E+0
Figure 3 & 5,20230320,22,detect_data,Figure 3 & 5/20230320/Raman/Run 22/Raman-DetectData-Avg01-0165.txt,43829,1269,#k Index:	0.00000000E+0
Figure 3 & 5,20230320,22,detect_data,Figure 3 & 5/20230320/Raman/Run 22/Raman-DetectData-Avg01-0166.txt,43784,1269,#k Index:	1.00000000E+0
Figure 3 & 5,20230320,22,detect_data,Figure 3 & 5/20230320/Raman/Run 22/Raman-DetectData-Avg01-0167.txt,43816,1269,#k Index:	0.00000000E+0
Figure 3 & 5,20230320,22,detect_data,Figure 3 & 5/20230320/Raman/Run 22/Raman-DetectData-Avg01-0168.txt,43803,1269,#k Index:	1.00000000E+0
Figure 3 & 5,20230320,22,detect_data,Figure 3 & 5/20230320/Raman/Run 22/Raman-DetectData-Avg01-0169.txt,43837,1269,#k Index:	0.00000000E+0
Figure 3 & 5,20230320,22,detect_data,Figure 3 & 5/20230320/Raman/Run 22/Raman-DetectData-Avg01-0170.txt,43834,1269,#k Index:	1.00000000E+0
Figure 3 & 5,20230320,22,detect_data,Figure 3 & 5/20230320/Raman/Run 22/Raman-DetectData-Avg01-0171.txt,43820,1269,#k Index:	0.00000000E+0
Figure 3 & 5,20230320,22,detect_data,Figure 3 & 5/20230320/Raman/Run 22/Raman-DetectData-Avg01-0172.txt,43846,1269,#k Index:	1.00000000E+0
Figure 3 & 5,20230320,22,detect_data,Figure 3 & 5/20230320/Raman/Run 22/Raman-DetectData-Avg01-0173.txt,43807,1269,#k Index:	0.00000000E+0
Figure 3 & 5,20230320,22,detect_data,Figure 3 & 5/20230320/Raman/Run 22/Raman-DetectData-Avg01-0174.txt,43807,1269,#k Index:	1.00000000E+0
Figure 3 & 5,20230320,22,detect_data,Figure 3 & 5/20230320/Raman/Run 22/Raman-DetectData-Avg01-0175.txt,43801,1269,#k Index:	0.00000000E+0
Figure 3 & 5,20230320,22,detect_data,Figure 3 & 5/20230320/Raman/Run 22/Raman-DetectData-Avg01-0176.txt,43818,1269,#k Index:	1.00000000E+0
Figure 3 & 5,20230320,22,detect_data,Figure 3 & 5/20230320/Raman/Run 22/Raman-DetectData-Avg01-0177.txt,43831,1269,#k Index:	0.00000000E+0
Figure 3 & 5,20230320,22,detect_data,Figure 3 & 5/20230320/Raman/Run 22/Raman-DetectData-Avg01-0178.txt,43781,1269,#k Index:	1.00000000E+0
Figure 3 & 5,20230320,22,detect_data,Figure 3 & 5/20230320/Raman/Run 22/Raman-DetectData-Avg01-0179.txt,43827,1269,#k Index:	0.00000000E+0
Figure 3 & 5,20230320,22,detect_data,Figure 3 & 5/20230320/Raman/Run 22/Raman-DetectData-Avg01-0180.txt,43820,1269,#k Index:	1.00000000E+0
Figure 3 & 5,20230320,22,detect_data,Figure 3 & 5/20230320/Raman/Run 22/Raman-DetectData-Avg01-0181.txt,43823,1269,#k Index:	0.00000000E+0
Figure 3 & 5,20230320,22,detect_data,Figure 3 & 5/20230320/Raman/Run 22/Raman-DetectData-Avg01-0182.txt,43790,1269,#k Index:	1.00000000E+0
Figure 3 & 5,20230320,22,detect_data,Figure 3 & 5/20230320/Raman/Run 22/Raman-DetectData-Avg01-0183.txt,43799,1269,#k Index:	0.00000000E+0
Figure 3 & 5,20230320,22,detect_data,Figure 3 & 5/20230320/Raman/Run 22/Raman-DetectData-Avg01-0184.txt,43807,1269,#k Index:	1.00000000E+0
Figure 3 & 5,20230320,22,detect_data,Figure 3 & 5/20230320/Raman/Run 22/Raman-DetectData-Avg01-0185.txt,43792,1269,#k Index:	0.00000000E+0
Figure 3 & 5,20230320,22,detect_data,Figure 3 & 5/20230320/Raman/Run 22/Raman-DetectData-Avg01-0186.txt,43837,1269,#k Index:	1.00000000E+0
Figure 3 & 5,20230320,22,detect_data,Figure 3 & 5/20230320/Raman/Run 22/Raman-DetectData-Avg01-0187.txt,43823,1269,#k Index:	0.00000000E+0
Figure 3 & 5,20230320,22,detect_data,Figure 3 & 5/20230320/Raman/Run 22/Raman-DetectData-Avg01-0188.txt,43810,1269,#k Index:	1.00000000E+0
Figure 3 & 5,20230320,22,detect_data,Figure 3 & 5/20230320/Raman/Run 22/Raman-DetectData-Avg01-0189.txt,43775,1269,#k Index:	0.00000000E+0
Figure 3 & 5,20230320,22,detect_data,Figure 3 & 5/20230320/Raman/Run 22/Raman-DetectData-Avg01-0190.txt,43798,1269,#k Index:	1.00000000E+0
Figure 3 & 5,20230320,22,detect_data,Figure 3 & 5/20230320/Raman/Run 22/Raman-DetectData-Avg01-0191.txt,43808,1269,#k Index:	0.00000000E+0
Figure 3 & 5,20230320,22,detect_data,Figure 3 & 5/20230320/Raman/Run 22/Raman-DetectData-Avg01-0192.txt,43812,1269,#k Index:	1.00000000E+0
Figure 3 & 5,20230320,22,detect_data,Figure 3 & 5/20230320/Raman/Run 22/Raman-DetectData-Avg01-0193.txt,43794,1269,#k Index:	0.00000000E+0
Figure 3 & 5,20230320,22,detect_data,Figure 3 & 5/20230320/Raman/Run 22/Raman-DetectData-Avg01-0194.txt,43841,1269,#k Index:	1.00000000E+0
Figure 3 & 5,20230320,22,detect_data,Figure 3 & 5/20230320/Raman/Run 22/Raman-DetectData-Avg01-0195.txt,43816,1269,#k Index:	0.00000000E+0
Figure 3 & 5,20230320,22,detect_data,Figure 3 & 5/20230320/Raman/Run 22/Raman-DetectData-Avg01-0196.txt,43793,1269,#k Index:	1.00000000E+0
Figure 3 & 5,20230320,22,detect_data,Figure 3 & 5/20230320/Raman/Run 22/Raman-DetectData-Avg01-0197.txt,43803,1269,#k Index:	0.00000000E+0
Figure 3 & 5,20230320,22,detect_data,Figure 3 & 5/20230320/Raman/Run 22/Raman-DetectData-Avg01-0198.txt,43789,1269,#k Index:	1.00000000E+0
Figure 3 & 5,20230320,22,detect_data,Figure 3 & 5/20230320/Raman/Run 22/Raman-DetectData-Avg01-0199.txt,43800,1269,#k Index:	0.00000000E+0
Figure 3 & 5,20230320,22,detect_data,Figure 3 & 5/20230320/Raman/Run 22/Raman-DetectData-Avg01-0200.txt,43798,1269,#k Index:	1.00000000E+0
Figure 3 & 5,20230320,22,detect_data,Figure 3 & 5/20230320/Raman/Run 22/Raman-DetectData-Avg01-0201.txt,43793,1269,#k Index:	0.00000000E+0
Figure 3 & 5,20230320,22,detect_data,Figure 3 & 5/20230320/Raman/Run 22/Raman-DetectData-Avg01-0202.txt,43814,1269,#k Index:	1.00000000E+0
Figure 3 & 5,20230320,22,detect_data,Figure 3 & 5/20230320/Raman/Run 22/Raman-DetectData-Avg01-0203.txt,43797,1269,#k Index:	0.00000000E+0
Figure 3 & 5,20230320,22,detect_data,Figure 3 & 5/20230320/Raman/Run 22/Raman-DetectData-Avg01-0204.txt,43824,1269,#k Index:	1.00000000E+0
Figure 3 & 5,20230320,22,detect_data,Figure 3 & 5/20230320/Raman/Run 22/Raman-DetectData-Avg01-0205.txt,43791,1269,#k Index:	0.00000000E+0
Figure 3 & 5,20230320,22,detect_data,Figure 3 & 5/20230320/Raman/Run 22/Raman-DetectData-Avg01-0206.txt,43800,1269,#k Index:	1.00000000E+0
Figure 3 & 5,20230320,22,detect_data,Figure 3 & 5/20230320/Raman/Run 22/Raman-DetectData-Avg01-0207.txt,43798,1269,#k Index:	0.00000000E+0
Figure 3 & 5,20230320,22,detect_data,Figure 3 & 5/20230320/Raman/Run 22/Raman-DetectData-Avg01-0208.txt,43813,1269,#k Index:	1.00000000E+0
Figure 3 & 5,20230320,22,detect_data,Figure 3 & 5/20230320/Raman/Run 22/Raman-DetectData-Avg01-0209.txt,43807,1269,#k Index:	0.00000000E+0
Figure 3 & 5,20230320,22,detect_data,Figure 3 & 5/20230320/Raman/Run 22/Raman-DetectData-Avg01-0210.txt,43844,1269,#k Index:	1.00000000E+0
Figure 3 & 5,20230320,22,detect_data,Figure 3 & 5/20230320/Raman/Run 22/Raman-DetectData-Avg01-0211.txt,43792,1269,#k Index:	0.00000000E+0
Figure 3 & 5,20230320,22,detect_data,Figure 3 & 5/20230320/Raman/Run 22/Raman-DetectData-Avg01-0212.txt,43785,1269,#k Index:	1.00000000E+0
Figure 3 & 5,20230320,22,detect_data,Figure 3 & 5/20230320/Raman/Run 22/Raman-DetectData-Avg01-0213.txt,43840,1269,#k Index:	0.00000000E+0
Figure 3 & 5,20230320,22,detect_data,Figure 3 & 5/20230320/Raman/Run 22/Raman-DetectData-Avg01-0214.txt,43794,1269,#k Index:	1.00000000E+0
Figure 3 & 5,20230320,22,detect_data,Figure 3 & 5/20230320/Raman/Run 22/Raman-DetectData-Avg01-0215.txt,43797,1269,#k Index:	0.00000000E+0
Figure 3 & 5,20230320,22,detect_data,Figure 3 & 5/20230320/Raman/Run 22/Raman-DetectData-Avg01-0216.txt,43793,1269,#k Index:	1.00000000E+0
Figure 3 & 5,20230320,22,detect_data,Figure 3 & 5/20230320/Raman/Run 22/Raman-DetectData-Avg01-0217.txt,43812,1269,#k Index:	0.00000000E+0
Figure 3 & 5,20230320,22,detect_data,Figure 3 & 5/20230320/Raman/Run 22/Raman-DetectData-Avg01-0218.txt,43833,1269,#k Index:	1.00000000E+0
Figure 3 & 5,20230320,22,detect_data,Figure 3 & 5/20230320/Raman/Run 22/Raman-DetectData-Avg01-0219.txt,43811,1269,#k Index:	0.00000000E+0
Figure 3 & 5,20230320,22,detect_data,Figure 3 & 5/20230320/Raman/Run 22/Raman-DetectData-Avg01-0220.txt,43815,1269,#k Index:	1.00000000E+0
Figure 3 & 5,20230320,22,detect_data,Figure 3 & 5/20230320/Raman/Run 22/Raman-DetectData-Avg01-0221.txt,43826,1269,#k Index:	0.00000000E+0
Figure 3 & 5,20230320,22,detect_data,Figure 3 & 5/20230320/Raman/Run 22/Raman-DetectData-Avg01-0222.txt,43794,1269,#k Index:	1.00000000E+0
Figure 3 & 5,20230320,22,detect_data,Figure 3 & 5/20230320/Raman/Run 22/Raman-DetectData-Avg01-0223.txt,43811,1269,#k Index:	0.00000000E+0
Figure 3 & 5,20230320,22,detect_data,Figure 3 & 5/20230320/Raman/Run 22/Raman-DetectData-Avg01-0224.txt,43829,1269,#k Index:	1.00000000E+0
Figure 3 & 5,20230320,22,detect_data,Figure 3 & 5/20230320/Raman/Run 22/Raman-DetectData-Avg01-0225.txt,43825,1269,#k Index:	0.00000000E+0
Figure 3 & 5,20230320,22,detect_data,Figure 3 & 5/20230320/Raman/Run 22/Raman-DetectData-Avg01-0226.txt,43794,1269,#k Index:	1.00000000E+0
Figure 3 & 5,20230320,22,detect_data,Figure 3 & 5/20230320/Raman/Run 22/Raman-DetectData-Avg01-0227.txt,43801,1269,#k Index:	0.00000000E+0
Figure 3 & 5,20230320,22,detect_data,Figure 3 & 5/20230320/Raman/Run 22/Raman-DetectData-Avg01-0228.txt,43812,1269,#k Index:	1.00000000E+0
Figure 3 & 5,20230320,22,detect_data,Figure 3 & 5/20230320/Raman/Run 22/Raman-DetectData-Avg01-0229.txt,43799,1269,#k Index:	0.00000000E+0
Figure 3 & 5,20230320,22,detect_data,Figure 3 & 5/20230320/Raman/Run 22/Raman-DetectData-Avg01-0230.txt,43780,1269,#k Index:	1.00000000E+0
Figure 3 & 5,20230320,22,detect_data,Figure 3 & 5/20230320/Raman/Run 22/Raman-DetectData-Avg01-0231.txt,43824,1269,#k Index:	0.00000000E+0
Figure 3 & 5,20230320,22,detect_data,Figure 3 & 5/20230320/Raman/Run 22/Raman-DetectData-Avg01-0232.txt,43773,1269,#k Index:	1.00000000E+0
Figure 3 & 5,20230320,22,detect_data,Figure 3 & 5/20230320/Raman/Run 22/Raman-DetectData-Avg01-0233.txt,43792,1269,#k Index:	0.00000000E+0
Figure 3 & 5,20230320,22,detect_data,Figure 3 & 5/20230320/Raman/Run 22/Raman-DetectData-Avg01-0234.txt,43799,1269,#k Index:	1.00000000E+0
Figure 3 & 5,20230320,22,detect_data,Figure 3 & 5/20230320/Raman/Run 22/Raman-DetectData-Avg01-0235.txt,43796,1269,#k Index:	0.00000000E+0
Figure 3 & 5,20230320,22,detect_data,Figure 3 & 5/20230320/Raman/Run 22/Raman-DetectData-Avg01-0236.txt,43814,1269,#k Index:	1.00000000E+0
Figure 3 & 5,20230320,22,detect_data,Figure 3 & 5/20230320/Raman/Run 22/Raman-DetectData-Avg01-0237.txt,43822,1269,#k Index:	0.00000000E+0
Figure 3 & 5,20230320,22,detect_data,Figure 3 & 5/20230320/Raman/Run 22/Raman-DetectData-Avg01-0238.txt,43822,1269,#k Index:	1.00000000E+0
Figure 3 & 5,20230320,22,detect_data,Figure 3 & 5/20230320/Raman/Run 22/Raman-DetectData-Avg01-0239.txt,43800,1269,#k Index:	0.00000000E+0
Figure 3 & 5,20230320,22,detect_data,Figure 3 & 5/20230320/Raman/Run 22/Raman-DetectData-Avg01-0240.txt,43804,1269,#k Index:	1.00000000E+0
Figure 3 & 5,20230320,22,detect_data,Figure 3 & 5/20230320/Raman/Run 22/Raman-DetectData-Avg01-0241.txt,43806,1269,#k Index:	0.00000000E+0
Figure 3 & 5,20230320,22,detect_data,Figure 3 & 5/20230320/Raman/Run 22/Raman-DetectData-Avg01-0242.txt,43827,1269,#k Index:	1.00000000E+0
Figure 3 & 5,20230320,22,avg01_ratios,Figure 3 & 5/20230320/Raman/Run 22/Raman-Run22-Avg01-Ratios-kD.txt,13867,122,#Iteration	Date	Time	Chirp	Phase	RamanAxis	RTPhase	NFringe	Ratio
Figure 3 & 5,20230320,22,avg01_ratios,Figure 3 & 5/20230320/Raman/Run 22/Raman-Run22-Avg01-Ratios-kU.txt,13744,122,#Iteration	Date	Time	Chirp	Phase	RamanAxis	RTPhase	NFringe	Ratio
Figure 3 & 5,20230320,22,avg_ratios,Figure 3 & 5/20230320/Raman/Run 22/Raman-Run22-AvgRatios-kD.txt,12052,122,#Iteration	Date	Time	Chirp	Phase	RamanAxis	RatioMean	RatioStdDev
Figure 3 & 5,20230320,22,avg_ratios,Figure 3 & 5/20230320/Raman/Run 22/Raman-Run22-AvgRatios-kU.txt,12050,122,#Iteration	Date	Time	Chirp	Phase	RamanAxis	RatioMean	RatioStdDev
Figure 3 & 5,20230320,22,rotations_data,Figure 3 & 5/20230320/Raman/Run 22/Raman-Run22-RotationsData.txt,33890,243,#Iteration	Date	Time	STSX	STSY	RotationRateX	RotationRateY	FrCntX	FrCntY	TiptiltCmd1	TiptiltCmd2	TiptiltMonitor1	TiptiltMonitor2
Figure 3 & 5,20230320,22,rt_data,Figure 3 & 5/20230320/Raman/Run 22/Raman-Run22-RTData.txt,24281,243,#Iteration	Date	Time	RTPhase	NFringe	AccelAxis	AccelMean	AccelTemp
Figure 3 & 5,20230320,23,parameters,Figure 3 & 5/20230320/Raman/Run 23/Parameters.txt,1633,60,Software Version: 3.4
Figure 3 & 5,20230320,23,detect_data,Figure 3 & 5/20230320/Raman/Run 23/Raman-DetectData-Avg01-0001.txt,43793,1269,#k Index:	0.00000000E+0
Figure 3 & 5,20230320,23,detect_data,Figure 3 & 5/20230320/Raman/Run 23/Raman-DetectData-Avg01-0002.txt,43793,1269,#k Index:	1.00000000E+0
Figure 3 & 5,20230320,23,detect_data,Figure 3 & 5/20230320/Raman/Run 23/Raman-DetectData-Avg01-0003.txt,43786,1269,#k Index:	0.00000000E+0
Figure 3 & 5,20230320,23,detect_data,Figure 3 & 5/20230320/Raman/Run 23/Raman-DetectData-Avg01-0004.txt,43804,1269,#k Index:	1.00000000E+0
Figure 3 & 5,20230320,23,detect_data,Figure 3 & 5/20230320/Raman/Run 23/Raman-DetectData-Avg01-0005.txt,43785,1269,#k Index:	0.00000000E+0
Figure 3 & 5,20230320,23,detect_data,Figure 3 & 5/20230320/Raman/Run 23/Raman-DetectData-Avg01-0006.txt,43805,1269,#k Index:	1.00000000E+0
Figure 3 & 5,20230320,23,detect_data,Figure 3 & 5/20230320/Raman/Run 23/Raman-DetectData-Avg01-0007.txt,43794,1269,#k Index:	0.00000000E+0
Figure 3 & 5,20230320,23,detect_data,Figure 3 & 5/20230320/Raman/Run 23/Raman-DetectData-Avg01-0008.txt,43812,1269,#k Index:	1.00000000E+0
Figure 3 & 5,20230320,23,detect_data,Figure 3 & 5/20230320/Raman/Run 23/Raman-DetectData-Avg01-0009.txt,43797,1269,#k Index:	0.00000000E+0
Figure 3 & 5,20230320,23,detect_data,Figure 3 & 5/20230320/Raman/Run 23/Raman-DetectData-Avg01-0010.txt,43793,1269,#k Index:	1.00000000E+0
Figure 3 & 5,20230320,23,detect_data,Figure 3 & 5/20230320/Raman/Run 23/Raman-DetectData-Avg01-0011.txt,43773,1269,#k Index:	0.00000000E+0
Figure 3 & 5,20230320,23,detect_data,Figure 3 & 5/20230320/Raman/Run 23/Raman-DetectData-Avg01-0012.txt,43783,1269,#k Index:	1.00000000E+0
Figure 3 & 5,20230320,23,detect_data,Figure 3 & 5/20230320/Raman/Run 23/Raman-DetectData-Avg01-0013.txt,43783,1269,#k Index:	0.00000000E+0
Figure 3 & 5,20230320,23,detect_data,Figure 3 & 5/20230320/Raman/Run 23/Raman-DetectData-Avg01-0014.txt,43797,1269,#k Index:	1.00000000E+0
Figure 3 & 5,20230320,23,detect_data,Figure 3 & 5/20230320/Raman/Run 23/Raman-DetectData-Avg01-0015.txt,43782,1269,#k Index:	0.00000000E+0
Figure 3 & 5,20230320,23,detect_data,Figure 3 & 5/20230320/Raman/Run 23/Raman-DetectData-Avg01-0016.txt,43796,1269,#k Index:	1.00000000E+0
Figure 3 & 5,20230320,23,detect_data,Figure 3 & 5/20230320/Raman/Run 23/Raman-DetectData-Avg01-0017.txt,43820,1269,#k Index:	0.00000000E+0
Figure 3 & 5,20230320,23,detect_data,Figure 3 & 5/20230320/Raman/Run 23/Raman-DetectData-Avg01-0018.txt,43823,1269,#k Index:	1.00000000E+0
Figure 3 & 5,20230320,23,detect_data,Figure 3 & 5/20230320/Raman/Run 23/Raman-DetectData-Avg01-0019.txt,43804,1269,#k Index:	0.00000000E+0
Figure 3 & 5,20230320,23,detect_data,Figure 3 & 5/20230320/Raman/Run 23/Raman-DetectData-Avg01-0020.txt,43793,1269,#k Index:	1.00000000E+0
Figure 3 & 5,20230320,23,detect_data,Figure 3 & 5/20230320/Raman/Run 23/Raman-DetectData-Avg01-0021.txt,43796,1269,#k Index:	0.00000000E+0
Figure 3 & 5,20230320,23,detect_data,Figure 3 & 5/20230320/Raman/Run 23/Raman-DetectData-Avg01-0022.txt,43786,1269,#k Index:	1.00000000E+0
Figure 3 & 5,20230320,23,detect_data,Figure 3 & 5/20230320/Raman/Run 23/Raman-DetectData-Avg01-0023.txt,43833,1269,#k Index:	0.00000000E+0
Figure 3 & 5,20230320,23,detect_data,Figure 3 & 5/20230320/Raman/Run 23/Raman-DetectData-Avg01-0024.txt,43779,1269,#k Index:	1.00000000E+0
Figure 3 & 5,20230320,23,detect_data,Figure 3 & 5/20230320/Raman/Run 23/Raman-DetectData-Avg01-0025.txt,43791,1269,#k Index:	0.00000000E+0
Figure 3 & 5,20230320,23,detect_data,Figure 3 & 5/20230320/Raman/Run 23/Raman-DetectData-Avg01-0026.txt,43811,1269,#k Index:	1.00000000E+0
Figure 3 & 5,20230320,23,detect_data,Figure 3 & 5/20230320/Raman/Run 23/Raman-DetectData-Avg01-0027.txt,43805,1269,#k Index:	0.00000000E+0
Figure 3 & 5,20230320,23,detect_data,Figure 3 & 5/20230320/Raman/Run 23/Raman-DetectData-Avg01-0028.txt,43775,1269,#k Index:	1.00000000E+0
Figure 3 & 5,20230320,23,detect_data,Figure 3 & 5/20230320/Raman/Run 23/Raman-DetectData-Avg01-0029.txt,43813,1269,#k Index:	0.00000000E+0
Figure 3 & 5,20230320,23,detect_data,Figure 3 & 5/20230320/Raman/Run 23/Raman-DetectData-Avg01-0030.txt,43796,1269,#k Index:	1.00000000E+0
Figure 3 & 5,20230320,23,detect_data,Figure 3 & 5/20230320/Raman/Run 23/Raman-DetectData-Avg01-0031.txt,43802,1269,#k Index:	0.00000000E+0
Figure 3 & 5,20230320,23,detect_data,Figure 3 & 5/20230320/Raman/Run 23/Raman-DetectData-Avg01-0032.txt,43807,1269,#k Index:	1.00000000E+0
Figure 3 & 5,20230320,23,detect_data,Figure 3 & 5/20230320/Raman/Run 23/Raman-DetectData-Avg01-0033.txt,43780,1269,#k Index:	0.00000000E+0
Figure 3 & 5,20230320,23,detect_data,Figure 3 & 5/20230320/Raman/Run 23/Raman-DetectData-Avg01-0034.txt,43792,1269,#k Index:	1.00000000E+0
Figure 3 & 5,20230320,23,detect_data,Figure 3 & 5/20230320/Raman/Run 23/Raman-DetectData-Avg01-0035.txt,43817,1269,#k Index:	0.00000000E+0
Figure 3 & 5,20230320,23,detect_data,Figure 3 & 5/20230320/Raman/Run 23/Raman-DetectData-Avg01-0036.txt,43813,1269,#k Index:	1.00000000E+0
Figure 3 & 5,20230320,23,detect_data,Figure 3 & 5/20230320/Raman/Run 23/Raman-DetectData-Avg01-0037.txt,43774,1269,#k Index:	0.00000000E+0
Figure 3 & 5,20230320,23,detect_data,Figure 3 & 5/20230320/Raman/Run 23/Raman-DetectData-Avg01-0038.txt,43806,1269,#k Index:	1.00000000E+0
Figure 3 & 5,20230320,23,detect_data,Figure 3 & 5/20230320/Raman/Run 23/Raman-DetectData-Avg01-0039.txt,43831,1269,#k Index:	0.00000000E+0
Figure 3 & 5,20230320,23,detect_data,Figure 3 & 5/20230320/Raman/Run 23/Raman-DetectData-Avg01-0040.txt,43800,1269,#k Index:	1.00000000E+0
Figure 3 & 5,20230320,23,detect_data,Figure 3 & 5/20230320/Raman/Run 23/Raman-DetectData-Avg01-0041.txt,43771,1269,#k Index:	0.00000000E+0
Figure 3 & 5,20230320,23,detect_data,Figure 3 & 5/20230320/Raman/Run 23/Raman-DetectData-Avg01-0042.txt,43786,1269,#k Index:	1.00000000E+0
Figure 3 & 5,20230320,23,detect_data,Figure 3 & 5/20230320/Raman/Run 23/Raman-DetectData-Avg01-0043.txt,43813,1269,#k Index:	0.00000000E+0
Figure 3 & 5,20230320,23,detect_data,Figure 3 & 5/20230320/Raman/Run 23/Raman-DetectData-Avg01-0044.txt,43814,1269,#k Index:	1.00000000E+0
Figure 3 & 5,20230320,23,detect_data,Figure 3 & 5/20230320/Raman/Run 23/Raman-DetectData-Avg01-0045.txt,43822,1269,#k Index:	0.00000000E+0
Figure 3 & 5,20230320,23,detect_data,Figure 3 & 5/20230320/Raman/Run 23/Raman-DetectData-Avg01-0046.txt,43775,1269,#k Index:	1.00000000E+0
Figure 3 & 5,20230320,23,detect_data,Figure 3 & 5/20230320/Raman/Run 23/Raman-DetectData-Avg01-0047.txt,43793,1269,#k Index:	0.00000000E+0
Figure 3 & 5,20230320,23,detect_data,Figure 3 & 5/20230320/Raman/Run 23/Raman-DetectData-Avg01-0048.txt,43801,1269,#k Index:	1.00000000E+0
Figure 3 & 5,20230320,23,detect_data,Figure 3 & 5/20230320/Raman/Run 23/Raman-DetectData-Avg01-0049.txt,43814,1269,#k Index:	0.00000000E+0
Figure 3 & 5,20230320,23,detect_data,Figure 3 & 5/20230320/Raman/Run 23/Raman-DetectData-Avg01-0050.txt,43799,1269,#k Index:	1.00000000E+0
Figure 3 & 5,20230320,23,detect_data,Figure 3 & 5/20230320/Raman/Run 23/Raman-DetectData-Avg01-0051.txt,43798,1269,#k Index:	0.00000000E+0
Figure 3 & 5,20230320,23,detect_data,Figure 3 & 5/20230320/Raman/Run 23/Raman-DetectData-Avg01-0052.txt,43830,1269,#k Index:	1.00000000E+0
Figure 3 & 5,20230320,23,detect_data,Figure 3 & 5/20230320/Raman/Run 23/Raman-DetectData-Avg01-0053.txt,43899,1269,#k Index:	0.00000000E+0
Figure 3 & 5,20230320,23,detect_data,Figure 3 & 5/20230320/Raman/Run 23/Raman-DetectData-Avg01-0054.txt,43811,1269,#k Index:	1.00000000E+0
Figure 3 & 5,20230320,23,detect_data,Figure 3 & 5/20230320/Raman/Run 23/Raman-DetectData-Avg01-0055.txt,43796,1269,#k Index:	0.00000000E+0
Figure 3 & 5,20230320,23,detect_data,Figure 3 & 5/20230320/Raman/Run 23/Raman-DetectData-Avg01-0056.txt,43806,1269,#k Index:	1.00000000E+0
Figure 3 & 5,20230320,23,detect_data,Figure 3 & 5/20230320/Raman/Run 23/Raman-DetectData-Avg01-0057.txt,43842,1269,#k Index:	0.00000000E+0
Figure 3 & 5,20230320,23,detect_data,Figure 3 & 5/20230320/Raman/Run 23/Raman-DetectData-Avg01-0058.txt,43831,1269,#k Index:	1.00000000E+0
Figure 3 & 5,20230320,23,detect_data,Figure 3 & 5/20230320/Raman/Run 23/Raman-DetectData-Avg01-0059.txt,43808,1269,#k Index:	0.00000000E+0
Figure 3 & 5,20230320,23,detect_data,Figure 3 & 5/20230320/Raman/Run 23/Raman-DetectData-Avg01-0060.txt,43785,1269,#k Index:	1.00000000E+0
Figure 3 & 5,20230320,23,detect_data,Figure 3 & 5/20230320/Raman/Run 23/Raman-DetectData-Avg01-0061.txt,43792,1269,#k Index:	0.00000000E+0
Figure 3 & 5,20230320,23,detect_data,Figure 3 & 5/20230320/Raman/Run 23/Raman-DetectData-Avg01-0062.txt,43865,1269,#k Index:	1.00000000E+0
Figure 3 & 5,20230320,23,detect_data,Figure 3 & 5/20230320/Raman/Run 23/Raman-DetectData-Avg01-0063.txt,43840,1269,#k Index:	0.00000000E+0
Figure 3 & 5,20230320,23,detect_data,Figure 3 & 5/20230320/Raman/Run 23/Raman-DetectData-Avg01-0064.txt,43790,1269,#k Index:	1.00000000E+0
Figure 3 & 5,20230320,23,detect_data,Figure 3 & 5/20230320/Raman/Run 23/Raman-DetectData-Avg01-0065.txt,43825,1269,#k Index:	0.00000000E+0
Figure 3 & 5,20230320,23,detect_data,Figure 3 & 5/20230320/Raman/Run 23/Raman-DetectData-Avg01-0066.txt,43825,1269,#k Index:	1.00000000E+0
Figure 3 & 5,20230320,23,detect_data,Figure 3 & 5/20230320/Raman/Run 23/Raman-DetectData-Avg01-0067.txt,43826,1269,#k Index:	0.00000000E+0
Figure 3 & 5,20230320,23,detect_data,Figure 3 & 5/20230320/Raman/Run 23/Raman-DetectData-Avg01-0068.txt,43786,1269,#k Index:	1.00000000E+0
Figure 3 & 5,20230320,23,detect_data,Figure 3 & 5/20230320/Raman/Run 23/Raman-DetectData-Avg01-0069.txt,43784,1269,#k Index:	0.00000000E+0
Figure 3 & 5,20230320,23,detect_data,Figure 3 & 5/20230320/Raman/Run 23/Raman-DetectData-Avg01-0070.txt,43812,1269,#k Index:	1.00000000E+0
Figure 3 & 5,20230320,23,detect_data,Figure 3 & 5/20230320/Raman/Run 23/Raman-DetectData-Avg01-0071.txt,43808,1269,#k Index:	0.00000000E+0
Figure 3 & 5,20230320,23,detect_data,Figure 3 & 5/20230320/Raman/Run 23/Raman-DetectData-Avg01-0072.txt,43828,1269,#k Index:	1.00000000E+0
Figure 3 & 5,20230320,23,detect_data,Figure 3 & 5/20230320/Raman/Run 23/Raman-DetectData-Avg01-0073.txt,43789,1269,#k Index:	0.00000000E+0
Figure 3 & 5,20230320,23,detect_data,Figure 3 & 5/20230320/Raman/Run 23/Raman-DetectData-Avg01-0074.txt,43800,1269,#k Index:	1.00000000E+0
Figure 3 & 5,20230320,23,detect_data,Figure 3 & 5/20230320/Raman/Run 23/Raman-DetectData-Avg01-0075.txt,43831,1269,#k Index:	0.00000000E+0
Figure 3 & 5,20230320,23,detect_data,Figure 3 & 5/20230320/Raman/Run 23/Raman-DetectData-Avg01-0076.txt,43821,1269,#k Index:	1.00000000E+0
Figure 3 & 5,20230320,23,detect_data,Figure 3 & 5/20230320/Raman/Run 23/Raman-DetectData-Avg01-0077.txt,43792,1269,#k Index:	0.00000000E+0
Figure 3 & 5,20230320,23,detect_data,Figure 3 & 5/20230320/Raman/Run 23/Raman-DetectData-Avg01-0078.txt,43795,1269,#k Index:	1.00000000E+0
Figure 3 & 5,20230320,23,detect_data,Figure 3 & 5/20230320/Raman/Run 23/Raman-DetectData-Avg01-0079.txt,43834,1269,#k Index:	0.00000000E+0
Figure 3 & 5,20230320,23,detect_data,Figure 3 & 5/20230320/Raman/Run 23/Raman-DetectData-Avg01-0080.txt,43782,1269,#k Index:	1.00000000E+0
Figure 3 & 5,20230320,23,detect_data,Figure 3 & 5/20230320/Raman/Run 23/Raman-DetectData-Avg01-0081.txt,43810,1269,#k Index:	0.00000000E+0
Figure 3 & 5,20230320,23,detect_data,Figure 3 & 5/20230320/Raman/Run 23/Raman-DetectData-Avg01-0082.txt,43803,1269,#k Index:	1.00000000E+0
Figure 3 & 5,20230320,23,detect_data,Figure 3 & 5/20230320/Raman/Run 23/Raman-DetectData-Avg01-0083.txt,43818,1269,#k Index:	0.00000000E+0
Figure 3 & 5,20230320,23,detect_data,Figure 3 & 5/20230320/Raman/Run 23/Raman-DetectData-Avg01-0084.txt,43809,1269,#k Index:	1.00000000E+0
Figure 3 & 5,20230320,23,detect_data,Figure 3 & 5/20230320/Raman/Run 23/Raman-DetectData-Avg01-0085.txt,43787,1269,#k Index:	0.00000000E+0
Figure 3 & 5,20230320,23,detect_data,Figure 3 & 5/20230320/Raman/Run 23/Raman-DetectData-Avg01-0086.txt,43810,1269,#k Index:	1.00000000E+0
Figure 3 & 5,20230320,23,detect_data,Figure 3 & 5/20230320/Raman/Run 23/Raman-DetectData-Avg01-0087.txt,43842,1269,#k Index:	0.00000000E+0
Figure 3 & 5,20230320,23,detect_data,Figure 3 & 5/20230320/Raman/Run 23/Raman-DetectData-Avg01-0088.txt,43800,1269,#k Index:	1.00000000E+0
Figure 3 & 5,20230320,23,detect_data,Figure 3 & 5/20230320/Raman/Run 23/Raman-DetectData-Avg01-0089.txt,43783,1269,#k Index:	0.00000000E+0
Figure 3 & 5,20230320,23,detect_data,Figure 3 & 5/20230320/Raman/Run 23/Raman-DetectData-Avg01-0090.txt,43775,1269,#k Index:	1.00000000E+0
Figure 3 & 5,20230320,23,detect_data,Figure 3 & 5/20230320/Raman/Run 23/Raman-DetectData-Avg01-0091.txt,43776,1269,#k Index:	0.00000000E+0
Figure 3 & 5,20230320,23,detect_data,Figure 3 & 5/20230320/Raman/Run 23/Raman-DetectData-Avg01-0092.txt,43796,1269,#k Index:	1.00000000E+0
Figure 3 & 5,20230320,23,detect_data,Figure 3 & 5/20230320/Raman/Run 23/Raman-DetectData-Avg01-0093.txt,43798,1269,#k Index:	0.00000000E+0
Figure 3 & 5,20230320,23,detect_data,Figure 3 & 5/20230320/Raman/Run 23/Raman-DetectData-Avg01-0094.txt,43796,1269,#k Index:	1.00000000E+0
Figure 3 & 5,20230320,23,detect_data,Figure 3 & 5/20230320/Raman/Run 23/Raman-DetectData-Avg01-0095.txt,43782,1269,#k Index:	0.00000000E+0
Figure 3 & 5,20230320,23,detect_data,Figure 3 & 5/20230320/Raman/Run 23/Raman-DetectData-Avg01-0096.txt,43828,1269,#k Index:	1.00000000E+0
Figure 3 & 5,20230320,23,detect_data,Figure 3 & 5/20230320/Raman/Run 23/Raman-DetectData-Avg01-0097.txt,43818,1269,#k Index:	0.00000000E+0
Figure 3 & 5,20230320,23,detect_data,Figure 3 & 5/20230320/Raman/Run 23/Raman-DetectData-Avg01-0098.txt,43784,1269,#k Index:	1.00000000E+0
Figure 3 & 5,20230320,23,detect_data,Figure 3 & 5/20230320/Raman/Run 23/Raman-DetectData-Avg01-0099.txt,43793,1269,#k Index:	0.00000000E+0
Figure 3 & 5,20230320,23,detect_data,Figure 3 & 5/20230320/Raman/Run 23/Raman-DetectData-Avg01-0100.txt,43825,1269,#k Index:	1.00000000E+0
Figure 3 & 5,20230320,23,detect_data,Figure 3 & 5/20230320/Raman/Run 23/Raman-DetectData-Avg01-0101.txt,43777,1269,#k Index:	0.00000000E+0
Figure 3 & 5,20230320,23,detect_data,Figure 3 & 5/20230320/Raman/Run 23/Raman-DetectData-Avg01-0102.txt,43788,1269,#k Index:	1.00000000E+0
Figure 3 & 5,20230320,23,detect_data,Figure 3 & 5/20230320/Raman/Run 23/Raman-DetectData-Avg01-0103.txt,43836,1269,#k Index:	0.00000000E+0
Figure 3 & 5,20230320,23,detect_data,Figure 3 & 5/20230320/Raman/Run 23/Raman-DetectData-Avg01-0104.txt,43796,1269,#k Index:	1.00000000E+0
Figure 3 & 5,20230320,23,detect_data,Figure 3 & 5/20230320/Raman/Run 23/Raman-DetectData-Avg01-0105.txt,43768,1269,#k Index:	0.00000000E+0
Figure 3 & 5,20230320,23,detect_data,Figure 3 & 5/20230320/Raman/Run 23/Raman-DetectData-Avg01-0106.txt,43790,1269,#k Index:	1.00000000E+0
Figure 3 & 5,20230320,23,detect_data,Figure 3 & 5/20230320/Raman/Run 23/Raman-DetectData-Avg01-0107.txt,43808,1269,#k Index:	0.00000000E+0
Figure 3 & 5,20230320,23,detect_data,Figure 3 & 5/20230320/Raman/Run 23/Raman-DetectData-Avg01-0108.txt,43816,1269,#k Index:	1.00000000E+0
Figure 3 & 5,20230320,23,detect_data,Figure 3 & 5/20230320/Raman/Run 23/Raman-DetectData-Avg01-0109.txt,43808,1269,#k Index:	0.00000000E+0
Figure 3 & 5,20230320,23,detect_data,Figure 3 & 5/20230320/Raman/Run 23/Raman-DetectData-Avg01-0110.txt,43792,1269,#k Index:	1.00000000E+0
Figure 3 & 5,20230320,23,detect_data,Figure 3 & 5/20230320/Raman/Run 23/Raman-DetectData-Avg01-0111.txt,43791,1269,#k Index:	0.00000000E+0
Figure 3 & 5,20230320,23,detect_data,Figure 3 & 5/20230320/Raman/Run 23/Raman-DetectData-Avg01-0112.txt,43798,1269,#k Index:	1.00000000E+0
Figure 3 & 5,20230320,23,detect_data,Figure 3 & 5/20230320/Raman/Run 23/Raman-DetectData-Avg01-0113.txt,43815,1269,#k Index:	0.00000000E+0
Figure 3 & 5,20230320,23,detect_data,Figure 3 & 5/20230320/Raman/Run 23/Raman-DetectData-Avg01-0114.txt,43787,1269,#k Index:	1.00000000E+0
Figure 3 & 5,20230320,23,detect_data,Figure 3 & 5/20230320/Raman/Run 23/Raman-DetectData-Avg01-0115.txt,43799,1269,#k Index:	0.00000000E+0
Figure 3 & 5,20230320,23,detect_data,Figure 3 & 5/20230320/Raman/Run 23/Raman-DetectData-Avg01-0116.txt,43834,1269,#k Index:	1.00000000E+0
Figure 3 & 5,20230320,23,detect_data,Figure 3 & 5/20230320/Raman/Run 23/Raman-DetectData-Avg01-0117.txt,43801,1269,#k Index:	0.00000000E+0
Figure 3 & 5,20230320,23,detect_data,Figure 3 & 5/20230320/Raman/Run 23/Raman-DetectData-Avg01-0118.txt,43788,1269,#k Index:	1.00000000E+0
Figure 3 & 5,20230320,23,detect_data,Figure 3 & 5/20230320/Raman/Run 23/Raman-DetectData-Avg01-0119.txt,43786,1269,#k Index:	0.00000000E+0
Figure 3 & 5,20230320,23,detect_data,Figure 3 & 5/20230320/Raman/Run 23/Raman-DetectData-Avg01-0120.txt,43834,1269,#k Index:	1.00000000E+0
Figure 3 & 5,20230320,23,detect_data,Figure 3 & 5/20230320/Raman/Run 23/Raman-DetectData-Avg01-0121.txt,43784,1269,#k Index:	0.00000000E+0
Figure 3 & 5,20230320,23,detect_data,Figure 3 & 5/20230320/Raman/Run 23/Raman-DetectData-Avg01-0122.txt,43788,1269,#k Index:	1.00000000E+0
Figure 3 & 5,20230320,23,detect_data,Figure 3 & 5/20230320/Raman/Run 23/Raman-DetectData-Avg01-0123.txt,43827,1269,#k Index:	0.00000000E+0
Figure 3 & 5,20230320,23,detect_data,Figure 3 & 5/20230320/Raman/Run 23/Raman-DetectData-Avg01-0124.txt,43831,1269,#k Index:	1.00000000E+0
Figure 3 & 5,20230320,23,detect_data,Figure 3 & 5/20230320/Raman/Run 23/Raman-DetectData-Avg01-0125.txt,43816,1269,#k Index:	0.00000000E+0
Figure 3 & 5,20230320,23,detect_data,Figure 3 & 5/20230320/Raman/Run 23/Raman-DetectData-Avg01-0126.txt,43778,1269,#k Index:	1.00000000E+0
Figure 3 & 5,20230320,23,detect_data,Figure 3 & 5/20230320/Raman/Run 23/Raman-DetectData-Avg01-0127.txt,43803,1269,#k Index:	0.00000000E+0
Figure 3 & 5,20230320,23,detect_data,Figure 3 & 5/20230320/Raman/Run 23/Raman-DetectData-Avg01-0128.txt,43810,1269,#k Index:	1.00000000E+0
Figure 3 & 5,20230320,23,detect_data,Figure 3 & 5/20230320/Raman/Run 23/Raman-DetectData-Avg01-0129.txt,43802,1269,#k Index:	0.00000000E+0
Figure 3 & 5,20230320,23,detect_data,Figure 3 & 5/20230320/Raman/Run 23/Raman-DetectData-Avg01-0130.txt,43777,1269,#k Index:	1.00000000E+0
Figure 3 & 5,20230320,23,detect_data,Figure 3 & 5/20230320/Raman/Run 23/Raman-DetectData-Avg01-0131.txt,43816,1269,#k Index:	0.00000000E+0
Figure 3 & 5,20230320,23,detect_data,Figure 3 & 5/20230320/Raman/Run 23/Raman-DetectData-Avg01-0132.txt,43784,1269,#k Index:	1.00000000E+0
Figure 3 & 5,20230320,23,detect_data,Figure 3 & 5/20230320/Raman/Run 23/Raman-DetectData-Avg01-0133.txt,43794,1269,#k Index:	0.00000000E+0
Figure 3 & 5,20230320,23,detect_data,Figure 3 & 5/20230320/Raman/Run 23/Raman-DetectData-Avg01-0134.txt,43801,1269,#k Index:	1.00000000E+0
Figure 3 & 5,20230320,23,detect_data,Figure 3 & 5/20230320/Raman/Run 23/Raman-DetectData-Avg01-0135.txt,43809,1269,#k Index:	0.00000000E+0
Figure 3 & 5,20230320,23,detect_data,Figure 3 & 5/20230320/Raman/Run 23/Raman-DetectData-Avg01-0136.txt,43812,1269,#k Index:	1.00000000E+0
Figure 3 & 5,20230320,23,detect_data,Figure 3 & 5/20230320/Raman/Run 23/Raman-DetectData-Avg01-0137.txt,43833,1269,#k Index:	0.00000000E+0
Figure 3 & 5,20230320,23,detect_data,Figure 3 & 5/20230320/Raman/Run 23/Raman-DetectData-Avg01-0138.txt,43801,1269,#k Index:	1.00000000E+0
Figure 3 & 5,20230320,23,detect_data,Figure 3 & 5/20230320/Raman/Run 23/Raman-DetectData-Avg01-0139.txt,43819,1269,#k Index:	0.00000000E+0
Figure 3 & 5,20230320,23,detect_data,Figure 3 & 5/20230320/Raman/Run 23/Raman-DetectData-Avg01-0140.txt,43825,1269,#k Index:	1.00000000E+0
Figure 3 & 5,20230320,23,detect_data,Figure 3 & 5/20230320/Raman/Run 23/Raman-DetectData-Avg01-0141.txt,43785,1269,#k Index:	0.00000000E+0
Figure 3 & 5,20230320,23,detect_data,Figure 3 & 5/20230320/Raman/Run 23/Raman-DetectData-Avg01-0142.txt,43822,1269,#k Index:	1.00000000E+0
Figure 3 & 5,20230320,23,detect_data,Figure 3 & 5/20230320/Raman/Run 23/Raman-DetectData-Avg01-0143.txt,43803,1269,#k Index:	0.00000000E+0
Figure 3 & 5,20230320,23,detect_data,Figure 3 & 5/20230320/Raman/Run 23/Raman-DetectData-Avg01-0144.txt,43802,1269,#k Index:	1.00000000E+0
Figure 3 & 5,20230320,23,detect_data,Figure 3 & 5/20230320/Raman/Run 23/Raman-DetectData-Avg01-0145.txt,43776,1269,#k Index:	0.00000000E+0
Figure 3 & 5,20230320,23,detect_data,Figure 3 & 5/20230320/Raman/Run 23/Raman-DetectData-Avg01-0146.txt,43796,1269,#k Index:	1.00000000E+0
Figure 3 & 5,20230320,23,detect_data,Figure 3 & 5/20230320/Raman/Run 23/Raman-DetectData-Avg01-0147.txt,43820,1269,#k Index:	0.00000000E+0
Figure 3 & 5,20230320,23,detect_data,Figure 3 & 5/20230320/Raman/Run 23/Raman-DetectData-Avg01-0148.txt,43831,1269,#k Index:	1.00000000E+0
Figure 3 & 5,20230320,23,detect_data,Figure 3 & 5/20230320/Raman/Run 23/Raman-DetectData-Avg01-0149.txt,43831,1269,#k Index:	0.00000000E+0
Figure 3 & 5,20230320,23,detect_data,Figure 3 & 5/20230320/Raman/Run 23/Raman-DetectData-Avg01-0150.txt,43788,1269,#k Index:	1.00000000E+0
Figure 3 & 5,20230320,23,detect_data,Figure 3 & 5/20230320/Raman/Run 23/Raman-DetectData-Avg01-0151.txt,43844,1269,#k Index:	0.00000000E+0
Figure 3 & 5,20230320,23,detect_data,Figure 3 & 5/20230320/Raman/Run 23/Raman-DetectData-Avg01-0152.txt,43797,1269,#k Index:	1.00000000E+0
Figure 3 & 5,20230320,23,detect_data,Figure 3 & 5/20230320/Raman/Run 23/Raman-DetectData-Avg01-0153.txt,43814,1269,#k Index:	0.00000000E+0
Figure 3 & 5,20230320,23,detect_data,Figure 3 & 5/20230320/Raman/Run 23/Raman-DetectData-Avg01-0154.txt,43787,1269,#k Index:	1.00000000E+0
Figure 3 & 5,20230320,23,detect_data,Figure 3 & 5/20230320/Raman/Run 23/Raman-DetectData-Avg01-0155.txt,43810,1269,#k Index:	0.00000000E+0
Figure 3 & 5,20230320,23,detect_data,Figure 3 & 5/20230320/Raman/Run 23/Raman-DetectData-Avg01-0156.txt,43828,1269,#k Index:	1.00000000E+0
Figure 3 & 5,20230320,23,detect_data,Figure 3 & 5/20230320/Raman/Run 23/Raman-DetectData-Avg01-0157.txt,43815,1269,#k Index:	0.00000000E+0
Figure 3 & 5,20230320,23,detect_data,Figure 3 & 5/20230320/Raman/Run 23/Raman-DetectData-Avg01-0158.txt,43789,1269,#k Index:	1.00000000E+0
Figure 3 & 5,20230320,23,detect_data,Figure 3 & 5/20230320/Raman/Run 23/Raman-DetectData-Avg01-0159.txt,43798,1269,#k Index:	0.00000000E+0
Figure 3 & 5,20230320,23,detect_data,Figure 3 & 5/20230320/Raman/Run 23/Raman-DetectData-Avg01-0160.txt,43802,1269,#k Index:	1.00000000E+0
Figure 3 & 5,20230320,23,detect_data,Figure 3 & 5/20230320/Raman/Run 23/Raman-DetectData-Avg01-0161.txt,43804,1269,#k Index:	0.00000000E+0
Figure 3 & 5,20230320,23,detect_data,Figure 3 & 5/20230320/Raman/Run 23/Raman-DetectData-Avg01-0162.txt,43808,1269,#k Index:	1.00000000E+0
Figure 3 & 5,20230320,23,detect_data,Figure 3 & 5/20230320/Raman/Run 23/Raman-DetectData-Avg01-0163.txt,43811,1269,#k Index:	0.00000000E+0
Figure 3 & 5,20230320,23,detect_data,Figure 3 & 5/20230320/Raman/Run 23/Raman-DetectData-Avg01-0164.txt,43806,1269,#k Index:	1.00000000E+0
Figure 3 & 5,20230320,23,detect_data,Figure 3 & 5/20230320/Raman/Run 23/Raman-DetectData-Avg01-0165.txt,43845,1269,#k Index:	0.00000000E+0
Figure 3 & 5,20230320,23,detect_data,Figure 3 & 5/20230320/Raman/Run 23/Raman-DetectData-Avg01-0166.txt,43792,1269,#k Index:	1.00000000E+0
Figure 3 & 5,20230320,23,detect_data,Figure 3 & 5/20230320/Raman/Run 23/Raman-DetectData-Avg01-0167.txt,43792,1269,#k Index:	0.00000000E+0
Figure 3 & 5,20230320,23,detect_data,Figure 3 & 5/20230320/Raman/Run 23/Raman-DetectData-Avg01-0168.txt,43815,1269,#k Index:	1.00000000E+0
Figure 3 & 5,20230320,23,detect_data,Figure 3 & 5/20230320/Raman/Run 23/Raman-DetectData-Avg01-0169.txt,43810,1269,#k Index:	0.00000000E+0
Figure 3 & 5,20230320,23,detect_data,Figure 3 & 5/20230320/Raman/Run 23/Raman-DetectData-Avg01-0170.txt,43779,1269,#k Index:	1.00000000E+0
Figure 3 & 5,20230320,23,detect_data,Figure 3 & 5/20230320/Raman/Run 23/Raman-DetectData-Avg01-0171.txt,43774,1269,#k Index:	0.00000000E+0
Figure 3 & 5,20230320,23,detect_data,Figure 3 & 5/20230320/Raman/Run 23/Raman-DetectData-Avg01-0172.txt,43818,1269,#k Index:	1.00000000E+0
Figure 3 & 5,20230320,23,detect_data,Figure 3 & 5/20230320/Raman/Run 23/Raman-DetectData-Avg01-0173.txt,43799,1269,#k Index:	0.00000000E+0
Figure 3 & 5,20230320,23,detect_data,Figure 3 & 5/20230320/Raman/Run 23/Raman-DetectData-Avg01-0174.txt,43804,1269,#k Index:	1.00000000E+0
Figure 3 & 5,20230320,23,detect_data,Figure 3 & 5/20230320/Raman/Run 23/Raman-DetectData-Avg01-0175.txt,43795,1269,#k Index:	0.00000000E+0
Figure 3 & 5,20230320,23,detect_data,Figure 3 & 5/20230320/Raman/Run 23/Raman-DetectData-Avg01-0176.txt,43814,1269,#k Index:	1.00000000E+0
Figure 3 & 5,20230320,23,detect_data,Figure 3 & 5/20230320/Raman/Run 23/Raman-DetectData-Avg01-0177.txt,43782,1269,#k Index:	0.00000000E+0
Figure 3 & 5,20230320,23,detect_data,Figure 3 & 5/20230320/Raman/Run 23/Raman-DetectData-Avg01-0178.txt,43851,1269,#k Index:	1.00000000E+0
Figure 3 & 5,20230320,23,detect_data,Figure 3 & 5/20230320/Raman/Run 23/Raman-DetectData-Avg01-0179.txt,43847,1269,#k Index:	0.00000000E+0
Figure 3 & 5,20230320,23,detect_data,Figure 3 & 5/20230320/Raman/Run 23/Raman-DetectData-Avg01-0180.txt,43800,1269,#k Index:	1.00000000E+0
Figure 3 & 5,20230320,23,detect_data,Figure 3 & 5/20230320/Raman/Run 23/Raman-DetectData-Avg01-0181.txt,43798,1269,#k Index:	0.00000000E+0
Figure 3 & 5,20230320,23,detect_data,Figure 3 & 5/20230320/Raman/Run 23/Raman-DetectData-Avg01-0182.txt,43821,1269,#k Index:	1.00000000E+0
Figure 3 & 5,20230320,23,detect_data,Figure 3 & 5/20230320/Raman/Run 23/Raman-DetectData-Avg01-0183.txt,43800,1269,#k Index:	0.00000000E+0
Figure 3 & 5,20230320,23,detect_data,Figure 3 & 5/20230320/Raman/Run 23/Raman-DetectData-Avg01-0184.txt,43788,1269,#k Index:	1.00000000E+0
Figure 3 & 5,20230320,23,detect_data,Figure 3 & 5/20230320/Raman/Run 23/Raman-DetectData-Avg01-0185.txt,43827,1269,#k Index:	0.00000000E+0
Figure 3 & 5,20230320,23,detect_data,Figure 3 & 5/20230320/Raman/Run 23/Raman-DetectData-Avg01-0186.txt,43868,1269,#k Index:	1.00000000E+0
Figure 3 & 5,20230320,23,detect_data,Figure 3 & 5/20230320/Raman/Run 23/Raman-DetectData-Avg01-0187.txt,43777,1269,#k Index:	0.00000000E+0
Figure 3 & 5,20230320,23,detect_data,Figure 3 & 5/20230320/Raman/Run 23/Raman-DetectData-Avg01-0188.txt,43816,1269,#k Index:	1.00000000E+0
Figure 3 & 5,20230320,23,detect_data,Figure 3 & 5/20230320/Raman/Run 23/Raman-DetectData-Avg01-0189.txt,43833,1269,#k Index:	0.00000000E+0
Figure 3 & 5,20230320,23,detect_data,Figure 3 & 5/20230320/Raman/Run 23/Raman-DetectData-Avg01-0190.txt,43808,1269,#k Index:	1.00000000E+0
Figure 3 & 5,20230320,23,detect_data,Figure 3 & 5/20230320/Raman/Run 23/Raman-DetectData-Avg01-0191.txt,43803,1269,#k Index:	0.00000000E+0
Figure 3 & 5,20230320,23,detect_data,Figure 3 & 5/20230320/Raman/Run 23/Raman-DetectData-Avg01-0192.txt,43795,1269,#k Index:	1.00000000E+0
Figure 3 & 5,20230320,23,detect_data,Figure 3 & 5/20230320/Raman/Run 23/Raman-DetectData-Avg01-0193.txt,43816,1269,#k Index:	0.00000000E+0
Figure 3 & 5,20230320,23,detect_data,Figure 3 & 5/20230320/Raman/Run 23/Raman-DetectData-Avg01-0194.txt,43818,1269,#k Index:	1.00000000E+0
Figure 3 & 5,20230320,23,detect_data,Figure 3 & 5/20230320/Raman/Run 23/Raman-DetectData-Avg01-0195.txt,43799,1269,#k Index:	0.00000000E+0
Figure 3 & 5,20230320,23,detect_data,Figure 3 & 5/20230320/Raman/Run 23/Raman-DetectData-Avg01-0196.txt,43803,1269,#k Index:	1.00000000E+0
Figure 3 & 5,20230320,23,detect_data,Figure 3 & 5/20230320/Raman/Run 23/Raman-DetectData-Avg01-0197.txt,43819,1269,#k Index:	0.00000000E+0
Figure 3 & 5,20230320,23,detect_data,Figure 3 & 5/20230320/Raman/Run 23/Raman-DetectData-Avg01-0198.txt,43791,1269,#k Index:	1.00000000E+0
Figure 3 & 5,20230320,23,detect_data,Figure 3 & 5/20230320/Raman/Run 23/Raman-DetectData-Avg01-0199.txt,43805,1269,#k Index:	0.00000000E+0
Figure 3 & 5,20230320,23,detect_data,Figure 3 & 5/20230320/Raman/Run 23/Raman-DetectData-Avg01-0200.txt,43800,1269,#k Index:	1.00000000E+0
Figure 3 & 5,20230320,23,detect_data,Figure 3 & 5/20230320/Raman/Run 23/Raman-DetectData-Avg01-0201.txt,43815,1269,#k Index:	0.00000000E+0
Figure 3 & 5,20230320,23,detect_data,Figure 3 & 5/20230320/Raman/Run 23/Raman-DetectData-Avg01-0202.txt,43817,1269,#k Index:	1.00000000E+0
Figure 3 & 5,20230320,23,detect_data,Figure 3 & 5/20230320/Raman/Run 23/Raman-DetectData-Avg01-0203.txt,43797,1269,#k Index:	0.00000000E+0
Figure 3 & 5,20230320,23,detect_data,Figure 3 & 5/20230320/Raman/Run 23/Raman-DetectData-Avg01-0204.txt,43805,1269,#k Index:	1.00000000E+0
Figure 3 & 5,20230320,23,detect_data,Figure 3 & 5/20230320/Raman/Run 23/Raman-DetectData-Avg01-0205.txt,43817,1269,#k Index:	0.00000000E+0
Figure 3 & 5,20230320,23,detect_data,Figure 3 & 5/20230320/Raman/Run 23/Raman-DetectData-Avg01-0206.txt,43785,1269,#k Index:	1.00000000E+0
Figure 3 & 5,20230320,23,detect_data,Figure 3 & 5/20230320/Raman/Run 23/Raman-DetectData-Avg01-0207.txt,43791,1269,#k Index:	0.00000000E+0
Figure 3 & 5,20230320,23,detect_data,Figure 3 & 5/20230320/Raman/Run 23/Raman-DetectData-Avg01-0208.txt,43823,1269,#k Index:	1.00000000E+0
Figure 3 & 5,20230320,23,detect_data,Figure 3 & 5/20230320/Raman/Run 23/Raman-DetectData-Avg01-0209.txt,43787,1269,#k Index:	0.00000000E+0
Figure 3 & 5,20230320,23,detect_data,Figure 3 & 5/20230320/Raman/Run 23/Raman-DetectData-Avg01-0210.txt,43828,1269,#k Index:	1.00000000E+0
Figure 3 & 5,20230320,23,detect_data,Figure 3 & 5/20230320/Raman/Run 23/Raman-DetectData-Avg01-0211.txt,43860,1269,#k Index:	0.00000000E+0
Figure 3 & 5,20230320,23,detect_data,Figure 3 & 5/20230320/Raman/Run 23/Raman-DetectData-Avg01-0212.txt,43812,1269,#k Index:	1.00000000E+0
Figure 3 & 5,20230320,23,detect_data,Figure 3 & 5/20230320/Raman/Run 23/Raman-DetectData-Avg01-0213.txt,43782,1269,#k Index:	0.00000000E+0
Figure 3 & 5,20230320,23,detect_data,Figure 3 & 5/20230320/Raman/Run 23/Raman-DetectData-Avg01-0214.txt,43832,1269,#k Index:	1.00000000E+0
Figure 3 & 5,20230320,23,detect_data,Figure 3 & 5/20230320/Raman/Run 23/Raman-DetectData-Avg01-0215.txt,43845,1269,#k Index:	0.00000000E+0
Figure 3 & 5,20230320,23,detect_data,Figure 3 & 5/20230320/Raman/Run 23/Raman-DetectData-Avg01-0216.txt,43831,1269,#k Index:	1.00000000E+0
Figure 3 & 5,20230320,23,detect_data,Figure 3 & 5/20230320/Raman/Run 23/Raman-DetectData-Avg01-0217.txt,43798,1269,#k Index:	0.00000000E+0
Figure 3 & 5,20230320,23,detect_data,Figure 3 & 5/20230320/Raman/Run 23/Raman-DetectData-Avg01-0218.txt,43846,1269,#k Index:	1.00000000E+0
Figure 3 & 5,20230320,23,detect_data,Figure 3 & 5/20230320/Raman/Run 23/Raman-DetectData-Avg01-0219.txt,43834,1269,#k Index:	0.00000000E+0
Figure 3 & 5,20230320,23,detect_data,Figure 3 & 5/20230320/Raman/Run 23/Raman-DetectData-Avg01-0220.txt,43816,1269,#k Index:	1.00000000E+0
Figure 3 & 5,20230320,23,detect_data,Figure 3 & 5/20230320/Raman/Run 23/Raman-DetectData-Avg01-0221.txt,43798,1269,#k Index:	0.00000000E+0
Figure 3 & 5,20230320,23,detect_data,Figure 3 & 5/20230320/Raman/Run 23/Raman-DetectData-Avg01-0222.txt,43825,1269,#k Index:	1.00000000E+0
Figure 3 & 5,20230320,23,detect_data,Figure 3 & 5/20230320/Raman/Run 23/Raman-DetectData-Avg01-0223.txt,43882,1269,#k Index:	0.00000000E+0
Figure 3 & 5,20230320,23,detect_data,Figure 3 & 5/20230320/Raman/Run 23/Raman-DetectData-Avg01-0224.txt,43816,1269,#k Index:	1.00000000E+0
Figure 3 & 5,20230320,23,detect_data,Figure 3 & 5/20230320/Raman/Run 23/Raman-DetectData-Avg01-0225.txt,43797,1269,#k Index:	0.00000000E+0
Figure 3 & 5,20230320,23,detect_data,Figure 3 & 5/20230320/Raman/Run 23/Raman-DetectData-Avg01-0226.txt,43806,1269,#k Index:	1.00000000E+0
Figure 3 & 5,20230320,23,detect_data,Figure 3 & 5/20230320/Raman/Run 23/Raman-DetectData-Avg01-0227.txt,43828,1269,#k Index:	0.00000000E+0
Figure 3 & 5,20230320,23,detect_data,Figure 3 & 5/20230320/Raman/Run 23/Raman-DetectData-Avg01-0228.txt,43844,1269,#k Index:	1.00000000E+0
Figure 3 & 5,20230320,23,detect_data,Figure 3 & 5/20230320/Raman/Run 23/Raman-DetectData-Avg01-0229.txt,43817,1269,#k Index:	0.00000000E+0
Figure 3 & 5,20230320,23,detect_data,Figure 3 & 5/20230320/Raman/Run 23/Raman-DetectData-Avg01-0230.txt,43792,1269,#k Index:	1.00000000E+0
Figure 3 & 5,20230320,23,detect_data,Figure 3 & 5/20230320/Raman/Run 23/Raman-DetectData-Avg01-0231.txt,43790,1269,#k Index:	0.00000000E+0
Figure 3 & 5,20230320,23,detect_data,Figure 3 & 5/20230320/Raman/Run 23/Raman-DetectData-Avg01-0232.txt,43803,1269,#k Index:	1.00000000E+0
Figure 3 & 5,20230320,23,detect_data,Figure 3 & 5/20230320/Raman/Run 23/Raman-DetectData-Avg01-0233.txt,43801,1269,#k Index:	0.00000000E+0
Figure 3 & 5,20230320,23,detect_data,Figure 3 & 5/20230320/Raman/Run 23/Raman-DetectData-Avg01-0234.txt,43817,1269,#k Index:	1.00000000E+0
Figure 3 & 5,20230320,23,detect_data,Figure 3 & 5/20230320/Raman/Run 23/Raman-DetectData-Avg01-0235.txt,43788,1269,#k Index:	0.00000000E+0
Figure 3 & 5,20230320,23,detect_data,Figure 3 & 5/20230320/Raman/Run 23/Raman-DetectData-Avg01-0236.txt,43789,1269,#k Index:	1.00000000E+0
Figure 3 & 5,20230320,23,detect_data,Figure 3 & 5/20230320/Raman/Run 23/Raman-DetectData-Avg01-0237.txt,43773,1269,#k Index:	0.00000000E+0
Figure 3 & 5,20230320,23,detect_data,Figure 3 & 5/20230320/Raman/Run 23/Raman-DetectData-Avg01-0238.txt,43794,1269,#k Index:	1.00000000E+0
Figure 3 & 5,20230320,23,detect_data,Figure 3 & 5/20230320/Raman/Run 23/Raman-DetectData-Avg01-0239.txt,43823,1269,#k Index:	0.00000000E+0
Figure 3 & 5,20230320,23,detect_data,Figure 3 & 5/20230320/Raman/Run 23/Raman-DetectData-Avg01-0240.txt,43795,1269,#k Index:	1.00000000E+0
Figure 3 & 5,20230320,23,detect_data,Figure 3 & 5/20230320/Raman/Run 23/Raman-DetectData-Avg01-0241.txt,43803,1269,#k Index:	0.00000000E+0
Figure 3 & 5,20230320,23,detect_data,Figure 3 & 5/20230320/Raman/Run 23/Raman-DetectData-Avg01-0242.txt,43806,1269,#k Index:	1.00000000E+0
Figure 3 & 5,20230320,23,avg01_ratios,Figure 3 & 5/20230320/Raman/Run 23/Raman-Run23-Avg01-Ratios-kD.txt,13867,122,#Iteration	Date	Time	Chirp	Phase	RamanAxis	RTPhase	NFringe	Ratio
Figure 3 & 5,20230320,23,avg01_ratios,Figure 3 & 5/20230320/Raman/Run 23/Raman-Run23-Avg01-Ratios-kU.txt,13744,122,#Iteration	Date	Time	Chirp	Phase	RamanAxis	RTPhase	NFringe	Ratio
Figure 3 & 5,20230320,23,avg_ratios,Figure 3 & 5/20230320/Raman/Run 23/Raman-Run23-AvgRatios-kD.txt,12052,122,#Iteration	Date	Time	Chirp	Phase	RamanAxis	RatioMean	RatioStdDev
Figure 3 & 5,20230320,23,avg_ratios,Figure 3 & 5/20230320/Raman/Run 23/Raman-Run23-AvgRatios-kU.txt,12050,122,#Iteration	Date	Time	Chirp	Phase	RamanAxis	RatioMean	RatioStdDev
Figure 3 & 5,20230320,23,rotations_data,Figure 3 & 5/20230320/Raman/Run 23/Raman-Run23-RotationsData.txt,33896,243,#Iteration	Date	Time	STSX	STSY	RotationRateX	RotationRateY	FrCntX	FrCntY	TiptiltCmd1	TiptiltCmd2	TiptiltMonitor1	TiptiltMonitor2
Figure 3 & 5,20230320,23,rt_data,Figure 3 & 5/20230320/Raman/Run 23/Raman-Run23-RTData.txt,24281,243,#Iteration	Date	Time	RTPhase	NFringe	AccelAxis	AccelMean	AccelTemp
Figure 3 & 5,20230320,24,parameters,Figure 3 & 5/20230320/Raman/Run 24/Parameters.txt,1633,60,Software Version: 3.4
Figure 3 & 5,20230320,24,detect_data,Figure 3 & 5/20230320/Raman/Run 24/Raman-DetectData-Avg01-0001.txt,43818,1269,#k Index:	0.00000000E+0
Figure 3 & 5,20230320,24,detect_data,Figure 3 & 5/20230320/Raman/Run 24/Raman-DetectData-Avg01-0002.txt,43794,1269,#k Index:	1.00000000E+0
Figure 3 & 5,20230320,24,detect_data,Figure 3 & 5/20230320/Raman/Run 24/Raman-DetectData-Avg01-0003.txt,43814,1269,#k Index:	0.00000000E+0
Figure 3 & 5,20230320,24,detect_data,Figure 3 & 5/20230320/Raman/Run 24/Raman-DetectData-Avg01-0004.txt,43817,1269,#k Index:	1.00000000E+0
Figure 3 & 5,20230320,24,detect_data,Figure 3 & 5/20230320/Raman/Run 24/Raman-DetectData-Avg01-0005.txt,43794,1269,#k Index:	0.00000000E+0
Figure 3 & 5,20230320,24,detect_data,Figure 3 & 5/20230320/Raman/Run 24/Raman-DetectData-Avg01-0006.txt,43798,1269,#k Index:	1.00000000E+0
Figure 3 & 5,20230320,24,detect_data,Figure 3 & 5/20230320/Raman/Run 24/Raman-DetectData-Avg01-0007.txt,43846,1269,#k Index:	0.00000000E+0
Figure 3 & 5,20230320,24,detect_data,Figure 3 & 5/20230320/Raman/Run 24/Raman-DetectData-Avg01-0008.txt,43781,1269,#k Index:	1.00000000E+0
Figure 3 & 5,20230320,24,detect_data,Figure 3 & 5/20230320/Raman/Run 24/Raman-DetectData-Avg01-0009.txt,43808,1269,#k Index:	0.00000000E+0
Figure 3 & 5,20230320,24,detect_data,Figure 3 & 5/20230320/Raman/Run 24/Raman-DetectData-Avg01-0010.txt,43793,1269,#k Index:	1.00000000E+0
Figure 3 & 5,20230320,24,detect_data,Figure 3 & 5/20230320/Raman/Run 24/Raman-DetectData-Avg01-0011.txt,43795,1269,#k Index:	0.00000000E+0
Figure 3 & 5,20230320,24,detect_data,Figure 3 & 5/20230320/Raman/Run 24/Raman-DetectData-Avg01-0012.txt,43851,1269,#k Index:	1.00000000E+0
Figure 3 & 5,20230320,24,detect_data,Figure 3 & 5/20230320/Raman/Run 24/Raman-DetectData-Avg01-0013.txt,43780,1269,#k Index:	0.00000000E+0
Figure 3 & 5,20230320,24,detect_data,Figure 3 & 5/20230320/Raman/Run 24/Raman-DetectData-Avg01-0014.txt,43833,1269,#k Index:	1.00000000E+0
Figure 3 & 5,20230320,24,detect_data,Figure 3 & 5/20230320/Raman/Run 24/Raman-DetectData-Avg01-0015.txt,43797,1269,#k Index:	0.00000000E+0
Figure 3 & 5,20230320,24,detect_data,Figure 3 & 5/20230320/Raman/Run 24/Raman-DetectData-Avg01-0016.txt,43803,1269,#k Index:	1.00000000E+0
Figure 3 & 5,20230320,24,detect_data,Figure 3 & 5/20230320/Raman/Run 24/Raman-DetectData-Avg01-0017.txt,43846,1269,#k Index:	0.00000000E+0
Figure 3 & 5,20230320,24,detect_data,Figure 3 & 5/20230320/Raman/Run 24/Raman-DetectData-Avg01-0018.txt,43806,1269,#k Index:	1.00000000E+0
Figure 3 & 5,20230320,24,detect_data,Figure 3 & 5/20230320/Raman/Run 24/Raman-DetectData-Avg01-0019.txt,43803,1269,#k Index:	0.00000000E+0
Figure 3 & 5,20230320,24,detect_data,Figure 3 & 5/20230320/Raman/Run 24/Raman-DetectData-Avg01-0020.txt,43814,1269,#k Index:	1.00000000E+0
Figure 3 & 5,20230320,24,detect_data,Figure 3 & 5/20230320/Raman/Run 24/Raman-DetectData-Avg01-0021.txt,43780,1269,#k Index:	0.00000000E+0
Figure 3 & 5,20230320,24,detect_data,Figure 3 & 5/20230320/Raman/Run 24/Raman-DetectData-Avg01-0022.txt,43796,1269,#k Index:	1.00000000E+0
Figure 3 & 5,20230320,24,detect_data,Figure 3 & 5/20230320/Raman/Run 24/Raman-DetectData-Avg01-0023.txt,43798,1269,#k Index:	0.00000000E+0
Figure 3 & 5,20230320,24,detect_data,Figure 3 & 5/20230320/Raman/Run 24/Raman-DetectData-Avg01-0024.txt,43775,1269,#k Index:	1.00000000E+0
Figure 3 & 5,20230320,24,detect_data,Figure 3 & 5/20230320/Raman/Run 24/Raman-DetectData-Avg01-0025.txt,43813,1269,#k Index:	0.00000000E+0
Figure 3 & 5,20230320,24,detect_data,Figure 3 & 5/20230320/Raman/Run 24/Raman-DetectData-Avg01-0026.txt,43796,1269,#k Index:	1.00000000E+0
Figure 3 & 5,20230320,24,detect_data,Figure 3 & 5/20230320/Raman/Run 24/Raman-DetectData-Avg01-0027.txt,43818,1269,#k Index:	0.00000000E+0
Figure 3 & 5,20230320,24,detect_data,Figure 3 & 5/20230320/Raman/Run 24/Raman-DetectData-Avg01-0028.txt,43829,1269,#k Index:	1.00000000E+0
Figure 3 & 5,20230320,24,detect_data,Figure 3 & 5/20230320/Raman/Run 24/Raman-DetectData-Avg01-0029.txt,43774,1269,#k Index:	0.00000000E+0
Figure 3 & 5,20230320,24,detect_data,Figure 3 & 5/20230320/Raman/Run 24/Raman-DetectData-Avg01-0030.txt,43818,1269,#k Index:	1.00000000E+0
Figure 3 & 5,20230320,24,detect_data,Figure 3 & 5/20230320/Raman/Run 24/Raman-DetectData-Avg01-0031.txt,43821,1269,#k Index:	0.00000000E+0
Figure 3 & 5,20230320,24,detect_data,Figure 3 & 5/20230320/Raman/Run 24/Raman-DetectData-Avg01-0032.txt,43794,1269,#k Index:	1.00000000E+0
Figure 3 & 5,20230320,24,detect_data,Figure 3 & 5/20230320/Raman/Run 24/Raman-DetectData-Avg01-0033.txt,43807,1269,#k Index:	0.00000000E+0
Figure 3 & 5,20230320,24,detect_data,Figure 3 & 5/20230320/Raman/Run 24/Raman-DetectData-Avg01-0034.txt,43838,1269,#k Index:	1.00000000E+0
Figure 3 & 5,20230320,24,detect_data,Figure 3 & 5/20230320/Raman/Run 24/Raman-DetectData-Avg01-0035.txt,43795,1269,#k Index:	0.00000000E+0
Figure 3 & 5,20230320,24,detect_data,Figure 3 & 5/20230320/Raman/Run 24/Raman-DetectData-Avg01-0036.txt,43845,1269,#k Index:	1.00000000E+0
Figure 3 & 5,20230320,24,detect_data,Figure 3 & 5/20230320/Raman/Run 24/Raman-DetectData-Avg01-0037.txt,43812,1269,#k Index:	0.00000000E+0
Figure 3 & 5,20230320,24,detect_data,Figure 3 & 5/20230320/Raman/Run 24/Raman-DetectData-Avg01-0038.txt,43812,1269,#k Index:	1.00000000E+0
Figure 3 & 5,20230320,24,detect_data,Figure 3 & 5/20230320/Raman/Run 24/Raman-DetectData-Avg01-0039.txt,43823,1269,#k Index:	0.00000000E+0
Figure 3 & 5,20230320,24,detect_data,Figure 3 & 5/20230320/Raman/Run 24/Raman-DetectData-Avg01-0040.txt,43813,1269,#k Index:	1.00000000E+0
Figure 3 & 5,20230320,24,detect_data,Figure 3 & 5/20230320/Raman/Run 24/Raman-DetectData-Avg01-0041.txt,43854,1269,#k Index:	0.00000000E+0
Figure 3 & 5,20230320,24,detect_data,Figure 3 & 5/20230320/Raman/Run 24/Raman-DetectData-Avg01-0042.txt,43850,1269,#k Index:	1.00000000E+0
Figure 3 & 5,20230320,24,detect_data,Figure 3 & 5/20230320/Raman/Run 24/Raman-DetectData-Avg01-0043.txt,43839,1269,#k Index:	0.00000000E+0
Figure 3 & 5,20230320,24,detect_data,Figure 3 & 5/20230320/Raman/Run 24/Raman-DetectData-Avg01-0044.txt,43800,1269,#k Index:	1.00000000E+0
Figure 3 & 5,20230320,24,detect_data,Figure 3 & 5/20230320/Raman/Run 24/Raman-DetectData-Avg01-0045.txt,43787,1269,#k Index:	0.00000000E+0
Figure 3 & 5,20230320,24,detect_data,Figure 3 & 5/20230320/Raman/Run 24/Raman-DetectData-Avg01-0046.txt,43809,1269,#k Index:	1.00000000E+0
Figure 3 & 5,20230320,24,detect_data,Figure 3 & 5/20230320/Raman/Run 24/Raman-DetectData-Avg01-0047.txt,43846,1269,#k Index:	0.00000000E+0
Figure 3 & 5,20230320,24,detect_data,Figure 3 & 5/20230320/Raman/Run 24/Raman-DetectData-Avg01-0048.txt,43803,1269,#k Index:	1.00000000E+0
Figure 3 & 5,20230320,24,detect_data,Figure 3 & 5/20230320/Raman/Run 24/Raman-DetectData-Avg01-0049.txt,43835,1269,#k Index:	0.00000000E+0
Figure 3 & 5,20230320,24,detect_data,Figure 3 & 5/20230320/Raman/Run 24/Raman-DetectData-Avg01-0050.txt,43869,1269,#k Index:	1.00000000E+0
Figure 3 & 5,20230320,24,detect_data,Figure 3 & 5/20230320/Raman/Run 24/Raman-DetectData-Avg01-0051.txt,43771,1269,#k Index:	0.00000000E+0
Figure 3 & 5,20230320,24,detect_data,Figure 3 & 5/20230320/Raman/Run 24/Raman-DetectData-Avg01-0052.txt,43845,1269,#k Index:	1.00000000E+0
Figure 3 & 5,20230320,24,detect_data,Figure 3 & 5/20230320/Raman/Run 24/Raman-DetectData-Avg01-0053.txt,43795,1269,#k Index:	0.00000000E+0
Figure 3 & 5,20230320,24,detect_data,Figure 3 & 5/20230320/Raman/Run 24/Raman-DetectData-Avg01-0054.txt,43832,1269,#k Index:	1.00000000E+0
Figure 3 & 5,20230320,24,detect_data,Figure 3 & 5/20230320/Raman/Run 24/Raman-DetectData-Avg01-0055.txt,43854,1269,#k Index:	0.00000000E+0
Figure 3 & 5,20230320,24,detect_data,Figure 3 & 5/20230320/Raman/Run 24/Raman-DetectData-Avg01-0056.txt,43826,1269,#k Index:	1.00000000E+0
Figure 3 & 5,20230320,24,detect_data,Figure 3 & 5/20230320/Raman/Run 24/Raman-DetectData-Avg01-0057.txt,43881,1269,#k Index:	0.00000000E+0
Figure 3 & 5,20230320,24,detect_data,Figure 3 & 5/20230320/Raman/Run 24/Raman-DetectData-Avg01-0058.txt,43808,1269,#k Index:	1.00000000E+0
Figure 3 & 5,20230320,24,detect_data,Figure 3 & 5/20230320/Raman/Run 24/Raman-DetectData-Avg01-0059.txt,43772,1269,#k Index:	0.00000000E+0
Figure 3 & 5,20230320,24,detect_data,Figure 3 & 5/20230320/Raman/Run 24/Raman-DetectData-Avg01-0060.txt,43881,1269,#k Index:	1.00000000E+0
Figure 3 & 5,20230320,24,detect_data,Figure 3 & 5/20230320/Raman/Run 24/Raman-DetectData-Avg01-0061.txt,43833,1269,#k Index:	0.00000000E+0
Figure 3 & 5,20230320,24,detect_data,Figure 3 & 5/20230320/Raman/Run 24/Raman-DetectData-Avg01-0062.txt,43816,1269,#k Index:	1.00000000E+0
Figure 3 & 5,20230320,24,detect_data,Figure 3 & 5/20230320/Raman/Run 24/Raman-DetectData-Avg01-0063.txt,43953,1269,#k Index:	0.00000000E+0
Figure 3 & 5,20230320,24,detect_data,Figure 3 & 5/20230320/Raman/Run 24/Raman-DetectData-Avg01-0064.txt,43802,1269,#k Index:	1.00000000E+0
Figure 3 & 5,20230320,24,detect_data,Figure 3 & 5/20230320/Raman/Run 24/Raman-DetectData-Avg01-0065.txt,43833,1269,#k Index:	0.00000000E+0
Figure 3 & 5,20230320,24,detect_data,Figure 3 & 5/20230320/Raman/Run 24/Raman-DetectData-Avg01-0066.txt,43806,1269,#k Index:	1.00000000E+0
Figure 3 & 5,20230320,24,detect_data,Figure 3 & 5/20230320/Raman/Run 24/Raman-DetectData-Avg01-0067.txt,43808,1269,#k Index:	0.00000000E+0
Figure 3 & 5,20230320,24,detect_data,Figure 3 & 5/20230320/Raman/Run 24/Raman-DetectData-Avg01-0068.txt,43814,1269,#k Index:	1.00000000E+0
Figure 3 & 5,20230320,24,detect_data,Figure 3 & 5/20230320/Raman/Run 24/Raman-DetectData-Avg01-0069.txt,43791,1269,#k Index:	0.00000000E+0
Figure 3 & 5,20230320,24,detect_data,Figure 3 & 5/20230320/Raman/Run 24/Raman-DetectData-Avg01-0070.txt,43798,1269,#k Index:	1.00000000E+0
Figure 3 & 5,20230320,24,detect_data,Figure 3 & 5/20230320/Raman/Run 24/Raman-DetectData-Avg01-0071.txt,43796,1269,#k Index:	0.00000000E+0
Figure 3 & 5,20230320,24,detect_data,Figure 3 & 5/20230320/Raman/Run 24/Raman-DetectData-Avg01-0072.txt,43818,1269,#k Index:	1.00000000E+0
Figure 3 & 5,20230320,24,detect_data,Figure 3 & 5/20230320/Raman/Run 24/Raman-DetectData-Avg01-0073.txt,43834,1269,#k Index:	0.00000000E+0
Figure 3 & 5,20230320,24,detect_data,Figure 3 & 5/20230320/Raman/Run 24/Raman-DetectData-Avg01-0074.txt,43821,1269,#k Index:	1.00000000E+0
Figure 3 & 5,20230320,24,detect_data,Figure 3 & 5/20230320/Raman/Run 24/Raman-DetectData-Avg01-0075.txt,43794,1269,#k Index:	0.00000000E+0
Figure 3 & 5,20230320,24,detect_data,Figure 3 & 5/20230320/Raman/Run 24/Raman-DetectData-Avg01-0076.txt,43802,1269,#k Index:	1.00000000E+0
Figure 3 & 5,20230320,24,detect_data,Figure 3 & 5/20230320/Raman/Run 24/Raman-DetectData-Avg01-0077.txt,43811,1269,#k Index:	0.00000000E+0
Figure 3 & 5,20230320,24,detect_data,Figure 3 & 5/20230320/Raman/Run 24/Raman-DetectData-Avg01-0078.txt,43806,1269,#k Index:	1.00000000E+0
Figure 3 & 5,20230320,24,detect_data,Figure 3 & 5/20230320/Raman/Run 24/Raman-DetectData-Avg01-0079.txt,43818,1269,#k Index:	0.00000000E+0
Figure 3 & 5,20230320,24,detect_data,Figure 3 & 5/20230320/Raman/Run 24/Raman-DetectData-Avg01-0080.txt,43812,1269,#k Index:	1.00000000E+0
Figure 3 & 5,20230320,24,detect_data,Figure 3 & 5/20230320/Raman/Run 24/Raman-DetectData-Avg01-0081.txt,43785,1269,#k Index:	0.00000000E+0
Figure 3 & 5,20230320,24,detect_data,Figure 3 & 5/20230320/Raman/Run 24/Raman-DetectData-Avg01-0082.txt,43808,1269,#k Index:	1.00000000E+0
Figure 3 & 5,20230320,24,detect_data,Figure 3 & 5/20230320/Raman/Run 24/Raman-DetectData-Avg01-0083.txt,43834,1269,#k Index:	0.00000000E+0
Figure 3 & 5,20230320,24,detect_data,Figure 3 & 5/20230320/Raman/Run 24/Raman-DetectData-Avg01-0084.txt,43796,1269,#k Index:	1.00000000E+0
Figure 3 & 5,20230320,24,detect_data,Figure 3 & 5/20230320/Raman/Run 24/Raman-DetectData-Avg01-0085.txt,43806,1269,#k Index:	0.00000000E+0
Figure 3 & 5,20230320,24,detect_data,Figure 3 & 5/20230320/Raman/Run 24/Raman-DetectData-Avg01-0086.txt,43810,1269,#k Index:	1.00000000E+0
Figure 3 & 5,20230320,24,detect_data,Figure 3 & 5/20230320/Raman/Run 24/Raman-DetectData-Avg01-0087.txt,43837,1269,#k Index:	0.00000000E+0
Figure 3 & 5,20230320,24,detect_data,Figure 3 & 5/20230320/Raman/Run 24/Raman-DetectData-Avg01-0088.txt,43840,1269,#k Index:	1.00000000E+0
Figure 3 & 5,20230320,24,detect_data,Figure 3 & 5/20230320/Raman/Run 24/Raman-DetectData-Avg01-0089.txt,43805,1269,#k Index:	0.00000000E+0
Figure 3 & 5,20230320,24,detect_data,Figure 3 & 5/20230320/Raman/Run 24/Raman-DetectData-Avg01-0090.txt,43824,1269,#k Index:	1.00000000E+0
Figure 3 & 5,20230320,24,detect_data,Figure 3 & 5/20230320/Raman/Run 24/Raman-DetectData-Avg01-0091.txt,43801,1269,#k Index:	0.00000000E+0
Figure 3 & 5,20230320,24,detect_data,Figure 3 & 5/20230320/Raman/Run 24/Raman-DetectData-Avg01-0092.txt,43804,1269,#k Index:	1.00000000E+0
Figure 3 & 5,20230320,24,detect_data,Figure 3 & 5/20230320/Raman/Run 24/Raman-DetectData-Avg01-0093.txt,43852,1269,#k Index:	0.00000000E+0
Figure 3 & 5,20230320,24,detect_data,Figure 3 & 5/20230320/Raman/Run 24/Raman-DetectData-Avg01-0094.txt,43816,1269,#k Index:	1.00000000E+0
Figure 3 & 5,20230320,24,detect_data,Figure 3 & 5/20230320/Raman/Run 24/Raman-DetectData-Avg01-0095.txt,43840,1269,#k Index:	0.00000000E+0
Figure 3 & 5,20230320,24,detect_data,Figure 3 & 5/20230320/Raman/Run 24/Raman-DetectData-Avg01-0096.txt,43836,1269,#k Index:	1.00000000E+0
Figure 3 & 5,20230320,24,detect_data,Figure 3 & 5/20230320/Raman/Run 24/Raman-DetectData-Avg01-0097.txt,43784,1269,#k Index:	0.00000000E+0
Figure 3 & 5,20230320,24,detect_data,Figure 3 & 5/20230320/Raman/Run 24/Raman-DetectData-Avg01-0098.txt,43804,1269,#k Index:	1.00000000E+0
Figure 3 & 5,20230320,24,detect_data,Figure 3 & 5/20230320/Raman/Run 24/Raman-DetectData-Avg01-0099.txt,43872,1269,#k Index:	0.00000000E+0
Figure 3 & 5,20230320,24,detect_data,Figure 3 & 5/20230320/Raman/Run 24/Raman-DetectData-Avg01-0100.txt,43804,1269,#k Index:	1.00000000E+0
Figure 3 & 5,20230320,24,detect_data,Figure 3 & 5/20230320/Raman/Run 24/Raman-DetectData-Avg01-0101.txt,43861,1269,#k Index:	0.00000000E+0
Figure 3 & 5,20230320,24,detect_data,Figure 3 & 5/20230320/Raman/Run 24/Raman-DetectData-Avg01-0102.txt,43800,1269,#k Index:	1.00000000E+0
Figure 3 & 5,20230320,24,detect_data,Figure 3 & 5/20230320/Raman/Run 24/Raman-DetectData-Avg01-0103.txt,43813,1269,#k Index:	0.00000000E+0
Figure 3 & 5,20230320,24,detect_data,Figure 3 & 5/20230320/Raman/Run 24/Raman-DetectData-Avg01-0104.txt,43843,1269,#k Index:	1.00000000E+0
Figure 3 & 5,20230320,24,detect_data,Figure 3 & 5/20230320/Raman/Run 24/Raman-DetectData-Avg01-0105.txt,43784,1269,#k Index:	0.00000000E+0
Figure 3 & 5,20230320,24,detect_data,Figure 3 & 5/20230320/Raman/Run 24/Raman-DetectData-Avg01-0106.txt,43833,1269,#k Index:	1.00000000E+0
Figure 3 & 5,20230320,24,detect_data,Figure 3 & 5/20230320/Raman/Run 24/Raman-DetectData-Avg01-0107.txt,43823,1269,#k Index:	0.00000000E+0
Figure 3 & 5,20230320,24,detect_data,Figure 3 & 5/20230320/Raman/Run 24/Raman-DetectData-Avg01-0108.txt,43845,1269,#k Index:	1.00000000E+0
Figure 3 & 5,20230320,24,detect_data,Figure 3 & 5/20230320/Raman/Run 24/Raman-DetectData-Avg01-0109.txt,43838,1269,#k Index:	0.00000000E+0
Figure 3 & 5,20230320,24,detect_data,Figure 3 & 5/20230320/Raman/Run 24/Raman-DetectData-Avg01-0110.txt,43798,1269,#k Index:	1.00000000E+0
Figure 3 & 5,20230320,24,detect_data,Figure 3 & 5/20230320/Raman/Run 24/Raman-DetectData-Avg01-0111.txt,43912,1269,#k Index:	0.00000000E+0
Figure 3 & 5,20230320,24,detect_data,Figure 3 & 5/20230320/Raman/Run 24/Raman-DetectData-Avg01-0112.txt,43802,1269,#k Index:	1.00000000E+0
Figure 3 & 5,20230320,24,detect_data,Figure 3 & 5/20230320/Raman/Run 24/Raman-DetectData-Avg01-0113.txt,43793,1269,#k Index:	0.00000000E+0
Figure 3 & 5,20230320,24,detect_data,Figure 3 & 5/20230320/Raman/Run 24/Raman-DetectData-Avg01-0114.txt,43842,1269,#k Index:	1.00000000E+0
Figure 3 & 5,20230320,24,detect_data,Figure 3 & 5/20230320/Raman/Run 24/Raman-DetectData-Avg01-0115.txt,43814,1269,#k Index:	0.00000000E+0
Figure 3 & 5,20230320,24,detect_data,Figure 3 & 5/20230320/Raman/Run 24/Raman-DetectData-Avg01-0116.txt,43778,1269,#k Index:	1.00000000E+0
Figure 3 & 5,20230320,24,detect_data,Figure 3 & 5/20230320/Raman/Run 24/Raman-DetectData-Avg01-0117.txt,43793,1269,#k Index:	0.00000000E+0
Figure 3 & 5,20230320,24,detect_data,Figure 3 & 5/20230320/Raman/Run 24/Raman-DetectData-Avg01-0118.txt,43834,1269,#k Index:	1.00000000E+0
Figure 3 & 5,20230320,24,detect_data,Figure 3 & 5/20230320/Raman/Run 24/Raman-DetectData-Avg01-0119.txt,43805,1269,#k Index:	0.00000000E+0
Figure 3 & 5,20230320,24,detect_data,Figure 3 & 5/20230320/Raman/Run 24/Raman-DetectData-Avg01-0120.txt,43814,1269,#k Index:	1.00000000E+0
Figure 3 & 5,20230320,24,detect_data,Figure 3 & 5/20230320/Raman/Run 24/Raman-DetectData-Avg01-0121.txt,43824,1269,#k Index:	0.00000000E+0
Figure 3 & 5,20230320,24,detect_data,Figure 3 & 5/20230320/Raman/Run 24/Raman-DetectData-Avg01-0122.txt,43790,1269,#k Index:	1.00000000E+0
Figure 3 & 5,20230320,24,detect_data,Figure 3 & 5/20230320/Raman/Run 24/Raman-DetectData-Avg01-0123.txt,43859,1269,#k Index:	0.00000000E+0
Figure 3 & 5,20230320,24,detect_data,Figure 3 & 5/20230320/Raman/Run 24/Raman-DetectData-Avg01-0124.txt,43794,1269,#k Index:	1.00000000E+0
Figure 3 & 5,20230320,24,detect_data,Figure 3 & 5/20230320/Raman/Run 24/Raman-DetectData-Avg01-0125.txt,43809,1269,#k Index:	0.00000000E+0
Figure 3 & 5,20230320,24,detect_data,Figure 3 & 5/20230320/Raman/Run 24/Raman-DetectData-Avg01-0126.txt,43833,1269,#k Index:	1.00000000E+0
Figure 3 & 5,20230320,24,detect_data,Figure 3 & 5/20230320/Raman/Run 24/Raman-DetectData-Avg01-0127.txt,43797,1269,#k Index:	0.00000000E+0
Figure 3 & 5,20230320,24,detect_data,Figure 3 & 5/20230320/Raman/Run 24/Raman-DetectData-Avg01-0128.txt,43812,1269,#k Index:	1.00000000E+0
Figure 3 & 5,20230320,24,detect_data,Figure 3 & 5/20230320/Raman/Run 24/Raman-DetectData-Avg01-0129.txt,43789,1269,#k Index:	0.00000000E+0
Figure 3 & 5,20230320,24,detect_data,Figure 3 & 5/20230320/Raman/Run 24/Raman-DetectData-Avg01-0130.txt,43941,1269,#k Index:	1.00000000E+0
Figure 3 & 5,20230320,24,detect_data,Figure 3 & 5/20230320/Raman/Run 24/Raman-DetectData-Avg01-0131.txt,43816,1269,#k Index:	0.00000000E+0
Figure 3 & 5,20230320,24,detect_data,Figure 3 & 5/20230320/Raman/Run 24/Raman-DetectData-Avg01-0132.txt,43854,1269,#k Index:	1.00000000E+0
Figure 3 & 5,20230320,24,detect_data,Figure 3 & 5/20230320/Raman/Run 24/Raman-DetectData-Avg01-0133.txt,43797,1269,#k Index:	0.00000000E+0
Figure 3 & 5,20230320,24,detect_data,Figure 3 & 5/20230320/Raman/Run 24/Raman-DetectData-Avg01-0134.txt,43803,1269,#k Index:	1.00000000E+0
Figure 3 & 5,20230320,24,detect_data,Figure 3 & 5/20230320/Raman/Run 24/Raman-DetectData-Avg01-0135.txt,43790,1269,#k Index:	0.00000000E+0
Figure 3 & 5,20230320,24,detect_data,Figure 3 & 5/20230320/Raman/Run 24/Raman-DetectData-Avg01-0136.txt,43808,1269,#k Index:	1.00000000E+0
Figure 3 & 5,20230320,24,detect_data,Figure 3 & 5/20230320/Raman/Run 24/Raman-DetectData-Avg01-0137.txt,43807,1269,#k Index:	0.00000000E+0
Figure 3 & 5,20230320,24,detect_data,Figure 3 & 5/20230320/Raman/Run 24/Raman-DetectData-Avg01-0138.txt,43798,1269,#k Index:	1.00000000E+0
Figure 3 & 5,20230320,24,detect_data,Figure 3 & 5/20230320/Raman/Run 24/Raman-DetectData-Avg01-0139.txt,43849,1269,#k Index:	0.00000000E+0
Figure 3 & 5,20230320,24,detect_data,Figure 3 & 5/20230320/Raman/Run 24/Raman-DetectData-Avg01-0140.txt,43815,1269,#k Index:	1.00000000E+0
Figure 3 & 5,20230320,24,detect_data,Figure 3 & 5/20230320/Raman/Run 24/Raman-DetectData-Avg01-0141.txt,43804,1269,#k Index:	0.00000000E+0
Figure 3 & 5,20230320,24,detect_data,Figure 3 & 5/20230320/Raman/Run 24/Raman-DetectData-Avg01-0142.txt,44053,1269,#k Index:	1.00000000E+0
Figure 3 & 5,20230320,24,detect_data,Figure 3 & 5/20230320/Raman/Run 24/Raman-DetectData-Avg01-0143.txt,43796,1269,#k Index:	0.00000000E+0
Figure 3 & 5,20230320,24,detect_data,Figure 3 & 5/20230320/Raman/Run 24/Raman-DetectData-Avg01-0144.txt,43807,1269,#k Index:	1.00000000E+0
Figure 3 & 5,20230320,24,detect_data,Figure 3 & 5/20230320/Raman/Run 24/Raman-DetectData-Avg01-0145.txt,43802,1269,#k Index:	0.00000000E+0
Figure 3 & 5,20230320,24,detect_data,Figure 3 & 5/20230320/Raman/Run 24/Raman-DetectData-Avg01-0146.txt,43809,1269,#k Index:	1.00000000E+0
Figure 3 & 5,20230320,24,detect_data,Figure 3 & 5/20230320/Raman/Run 24/Raman-DetectData-Avg01-0147.txt,43841,1269,#k Index:	0.00000000E+0
Figure 3 & 5,20230320,24,detect_data,Figure 3 & 5/20230320/Raman/Run 24/Raman-DetectData-Avg01-0148.txt,43800,1269,#k Index:	1.00000000E+0
Figure 3 & 5,20230320,24,detect_data,Figure 3 & 5/20230320/Raman/Run 24/Raman-DetectData-Avg01-0149.txt,43813,1269,#k Index:	0.00000000E+0
Figure 3 & 5,20230320,24,detect_data,Figure 3 & 5/20230320/Raman/Run 24/Raman-DetectData-Avg01-0150.txt,43823,1269,#k Index:	1.00000000E+0
Figure 3 & 5,20230320,24,detect_data,Figure 3 & 5/20230320/Raman/Run 24/Raman-DetectData-Avg01-0151.txt,43778,1269,#k Index:	0.00000000E+0
Figure 3 & 5,20230320,24,detect_data,Figure 3 & 5/20230320/Raman/Run 24/Raman-DetectData-Avg01-0152.txt,43812,1269,#k Index:	1.00000000E+0
Figure 3 & 5,20230320,24,detect_data,Figure 3 & 5/20230320/Raman/Run 24/Raman-DetectData-Avg01-0153.txt,43812,1269,#k Index:	0.00000000E+0
Figure 3 & 5,20230320,24,detect_data,Figure 3 & 5/20230320/Raman/Run 24/Raman-DetectData-Avg01-0154.txt,43841,1269,#k Index:	1.00000000E+0
Figure 3 & 5,20230320,24,detect_data,Figure 3 & 5/20230320/Raman/Run 24/Raman-DetectData-Avg01-0155.txt,43785,1269,#k Index:	0.00000000E+0
Figure 3 & 5,20230320,24,detect_data,Figure 3 & 5/20230320/Raman/Run 24/Raman-DetectData-Avg01-0156.txt,43786,1269,#k Index:	1.00000000E+0
Figure 3 & 5,20230320,24,detect_data,Figure 3 & 5/20230320/Raman/Run 24/Raman-DetectData-Avg01-0157.txt,43796,1269,#k Index:	0.00000000E+0
Figure 3 & 5,20230320,24,detect_data,Figure 3 & 5/20230320/Raman/Run 24/Raman-DetectData-Avg01-0158.txt,43822,1269,#k Index:	1.00000000E+0
Figure 3 & 5,20230320,24,detect_data,Figure 3 & 5/20230320/Raman/Run 24/Raman-DetectData-Avg01-0159.txt,43786,1269,#k Index:	0.00000000E+0
Figure 3 & 5,20230320,24,detect_data,Figure 3 & 5/20230320/Raman/Run 24/Raman-DetectData-Avg01-0160.txt,43810,1269,#k Index:	1.00000000E+0
Figure 3 & 5,20230320,24,detect_data,Figure 3 & 5/20230320/Raman/Run 24/Raman-DetectData-Avg01-0161.txt,43791,1269,#k Index:	0.00000000E+0
Figure 3 & 5,20230320,24,detect_data,Figure 3 & 5/20230320/Raman/Run 24/Raman-DetectData-Avg01-0162.txt,43795,1269,#k Index:	1.00000000E+0
Figure 3 & 5,20230320,24,detect_data,Figure 3 & 5/20230320/Raman/Run 24/Raman-DetectData-Avg01-0163.txt,43790,1269,#k Index:	0.00000000E+0
Figure 3 & 5,20230320,24,detect_data,Figure 3 & 5/20230320/Raman/Run 24/Raman-DetectData-Avg01-0164.txt,43827,1269,#k Index:	1.00000000E+0
Figure 3 & 5,20230320,24,detect_data,Figure 3 & 5/20230320/Raman/Run 24/Raman-DetectData-Avg01-0165.txt,43839,1269,#k Index:	0.00000000E+0
Figure 3 & 5,20230320,24,detect_data,Figure 3 & 5/20230320/Raman/Run 24/Raman-DetectData-Avg01-0166.txt,43805,1269,#k Index:	1.00000000E+0
Figure 3 & 5,20230320,24,detect_data,Figure 3 & 5/20230320/Raman/Run 24/Raman-DetectData-Avg01-0167.txt,43787,1269,#k Index:	0.00000000E+0
Figure 3 & 5,20230320,24,detect_data,Figure 3 & 5/20230320/Raman/Run 24/Raman-DetectData-Avg01-0168.txt,43841,1269,#k Index:	1.00000000E+0
Figure 3 & 5,20230320,24,detect_data,Figure 3 & 5/20230320/Raman/Run 24/Raman-DetectData-Avg01-0169.txt,43833,1269,#k Index:	0.00000000E+0
Figure 3 & 5,20230320,24,detect_data,Figure 3 & 5/20230320/Raman/Run 24/Raman-DetectData-Avg01-0170.txt,43803,1269,#k Index:	1.00000000E+0
Figure 3 & 5,20230320,24,detect_data,Figure 3 & 5/20230320/Raman/Run 24/Raman-DetectData-Avg01-0171.txt,43812,1269,#k Index:	0.00000000E+0
Figure 3 & 5,20230320,24,detect_data,Figure 3 & 5/20230320/Raman/Run 24/Raman-DetectData-Avg01-0172.txt,43801,1269,#k Index:	1.00000000E+0
Figure 3 & 5,20230320,24,detect_data,Figure 3 & 5/20230320/Raman/Run 24/Raman-DetectData-Avg01-0173.txt,43814,1269,#k Index:	0.00000000E+0
Figure 3 & 5,20230320,24,detect_data,Figure 3 & 5/20230320/Raman/Run 24/Raman-DetectData-Avg01-0174.txt,43795,1269,#k Index:	1.00000000E+0
Figure 3 & 5,20230320,24,detect_data,Figure 3 & 5/20230320/Raman/Run 24/Raman-DetectData-Avg01-0175.txt,43803,1269,#k Index:	0.00000000E+0
Figure 3 & 5,20230320,24,detect_data,Figure 3 & 5/20230320/Raman/Run 24/Raman-DetectData-Avg01-0176.txt,43822,1269,#k Index:	1.00000000E+0
Figure 3 & 5,20230320,24,detect_data,Figure 3 & 5/20230320/Raman/Run 24/Raman-DetectData-Avg01-0177.txt,43862,1269,#k Index:	0.00000000E+0
Figure 3 & 5,20230320,24,detect_data,Figure 3 & 5/20230320/Raman/Run 24/Raman-DetectData-Avg01-0178.txt,43817,1269,#k Index:	1.00000000E+0
Figure 3 & 5,20230320,24,detect_data,Figure 3 & 5/20230320/Raman/Run 24/Raman-DetectData-Avg01-0179.txt,43806,1269,#k Index:	0.00000000E+0
Figure 3 & 5,20230320,24,detect_data,Figure 3 & 5/20230320/Raman/Run 24/Raman-DetectData-Avg01-0180.txt,43803,1269,#k Index:	1.00000000E+0
Figure 3 & 5,20230320,24,detect_data,Figure 3 & 5/20230320/Raman/Run 24/Raman-DetectData-Avg01-0181.txt,43836,1269,#k Index:	0.00000000E+0
Figure 3 & 5,20230320,24,detect_data,Figure 3 & 5/20230320/Raman/Run 24/Raman-DetectData-Avg01-0182.txt,43900,1269,#k Index:	1.00000000E+0
Figure 3 & 5,20230320,24,detect_data,Figure 3 & 5/20230320/Raman/Run 24/Raman-DetectData-Avg01-0183.txt,43804,1269,#k Index:	0.00000000E+0
Figure 3 & 5,20230320,24,detect_data,Figure 3 & 5/20230320/Raman/Run 24/Raman-DetectData-Avg01-0184.txt,43964,1269,#k Index:	1.00000000E+0
Figure 3 & 5,20230320,24,detect_data,Figure 3 & 5/20230320/Raman/Run 24/Raman-DetectData-Avg01-0185.txt,43853,1269,#k Index:	0.00000000E+0
Figure 3 & 5,20230320,24,detect_data,Figure 3 & 5/20230320/Raman/Run 24/Raman-DetectData-Avg01-0186.txt,43848,1269,#k Index:	1.00000000E+0
Figure 3 & 5,20230320,24,detect_data,Figure 3 & 5/20230320/Raman/Run 24/Raman-DetectData-Avg01-0187.txt,43840,1269,#k Index:	0.00000000E+0
Figure 3 & 5,20230320,24,detect_data,Figure 3 & 5/20230320/Raman/Run 24/Raman-DetectData-Avg01-0188.txt,43870,1269,#k Index:	1.00000000E+0
Figure 3 & 5,20230320,24,detect_data,Figure 3 & 5/20230320/Raman/Run 24/Raman-DetectData-Avg01-0189.txt,43796,1269,#k Index:	0.00000000E+0
Figure 3 & 5,20230320,24,detect_data,Figure 3 & 5/20230320/Raman/Run 24/Raman-DetectData-Avg01-0190.txt,43857,1269,#k Index:	1.00000000E+0
Figure 3 & 5,20230320,24,detect_data,Figure 3 & 5/20230320/Raman/Run 24/Raman-DetectData-Avg01-0191.txt,43813,1269,#k Index:	0.00000000E+0
Figure 3 & 5,20230320,24,detect_data,Figure 3 & 5/20230320/Raman/Run 24/Raman-DetectData-Avg01-0192.txt,43819,1269,#k Index:	1.00000000E+0
Figure 3 & 5,20230320,24,detect_data,Figure 3 & 5/20230320/Raman/Run 24/Raman-DetectData-Avg01-0193.txt,43828,1269,#k Index:	0.00000000E+0
Figure 3 & 5,20230320,24,detect_data,Figure 3 & 5/20230320/Raman/Run 24/Raman-DetectData-Avg01-0194.txt,43824,1269,#k Index:	1.00000000E+0
Figure 3 & 5,20230320,24,detect_data,Figure 3 & 5/20230320/Raman/Run 24/Raman-DetectData-Avg01-0195.txt,43800,1269,#k Index:	0.00000000E+0
Figure 3 & 5,20230320,24,detect_data,Figure 3 & 5/20230320/Raman/Run 24/Raman-DetectData-Avg01-0196.txt,43833,1269,#k Index:	1.00000000E+0
Figure 3 & 5,20230320,24,detect_data,Figure 3 & 5/20230320/Raman/Run 24/Raman-DetectData-Avg01-0197.txt,43799,1269,#k Index:	0.00000000E+0
Figure 3 & 5,20230320,24,detect_data,Figure 3 & 5/20230320/Raman/Run 24/Raman-DetectData-Avg01-0198.txt,43841,1269,#k Index:	1.00000000E+0
Figure 3 & 5,20230320,24,detect_data,Figure 3 & 5/20230320/Raman/Run 24/Raman-DetectData-Avg01-0199.txt,43815,1269,#k Index:	0.00000000E+0
Figure 3 & 5,20230320,24,detect_data,Figure 3 & 5/20230320/Raman/Run 24/Raman-DetectData-Avg01-0200.txt,43794,1269,#k Index:	1.00000000E+0
Figure 3 & 5,20230320,24,detect_data,Figure 3 & 5/20230320/Raman/Run 24/Raman-DetectData-Avg01-0201.txt,43866,1269,#k Index:	0.00000000E+0
Figure 3 & 5,20230320,24,detect_data,Figure 3 & 5/20230320/Raman/Run 24/Raman-DetectData-Avg01-0202.txt,43803,1269,#k Index:	1.00000000E+0
Figure 3 & 5,20230320,24,detect_data,Figure 3 & 5/20230320/Raman/Run 24/Raman-DetectData-Avg01-0203.txt,43784,1269,#k Index:	0.00000000E+0
Figure 3 & 5,20230320,24,detect_data,Figure 3 & 5/20230320/Raman/Run 24/Raman-DetectData-Avg01-0204.txt,43845,1269,#k Index:	1.00000000E+0
Figure 3 & 5,20230320,24,detect_data,Figure 3 & 5/20230320/Raman/Run 24/Raman-DetectData-Avg01-0205.txt,43788,1269,#k Index:	0.00000000E+0
Figure 3 & 5,20230320,24,detect_data,Figure 3 & 5/20230320/Raman/Run 24/Raman-DetectData-Avg01-0206.txt,43791,1269,#k Index:	1.00000000E+0
Figure 3 & 5,20230320,24,detect_data,Figure 3 & 5/20230320/Raman/Run 24/Raman-DetectData-Avg01-0207.txt,43804,1269,#k Index:	0.00000000E+0
Figure 3 & 5,20230320,24,detect_data,Figure 3 & 5/20230320/Raman/Run 24/Raman-DetectData-Avg01-0208.txt,43812,1269,#k Index:	1.00000000E+0
Figure 3 & 5,20230320,24,detect_data,Figure 3 & 5/20230320/Raman/Run 24/Raman-DetectData-Avg01-0209.txt,43799,1269,#k Index:	0.00000000E+0
Figure 3 & 5,20230320,24,detect_data,Figure 3 & 5/20230320/Raman/Run 24/Raman-DetectData-Avg01-0210.txt,43838,1269,#k Index:	1.00000000E+0
Figure 3 & 5,20230320,24,detect_data,Figure 3 & 5/20230320/Raman/Run 24/Raman-DetectData-Avg01-0211.txt,43810,1269,#k Index:	0.00000000E+0
Figure 3 & 5,20230320,24,detect_data,Figure 3 & 5/20230320/Raman/Run 24/Raman-DetectData-Avg01-0212.txt,43856,1269,#k Index:	1.00000000E+0
Figure 3 & 5,20230320,24,detect_data,Figure 3 & 5/20230320/Raman/Run 24/Raman-DetectData-Avg01-0213.txt,43803,1269,#k Index:	0.00000000E+0
Figure 3 & 5,20230320,24,detect_data,Figure 3 & 5/20230320/Raman/Run 24/Raman-DetectData-Avg01-0214.txt,43862,1269,#k Index:	1.00000000E+0
Figure 3 & 5,20230320,24,detect_data,Figure 3 & 5/20230320/Raman/Run 24/Raman-DetectData-Avg01-0215.txt,43823,1269,#k Index:	0.00000000E+0
Figure 3 & 5,20230320,24,detect_data,Figure 3 & 5/20230320/Raman/Run 24/Raman-DetectData-Avg01-0216.txt,43793,1269,#k Index:	1.00000000E+0
Figure 3 & 5,20230320,24,detect_data,Figure 3 & 5/20230320/Raman/Run 24/Raman-DetectData-Avg01-0217.txt,43819,1269,#k Index:	0.00000000E+0
Figure 3 & 5,20230320,24,detect_data,Figure 3 & 5/20230320/Raman/Run 24/Raman-DetectData-Avg01-0218.txt,43807,1269,#k Index:	1.00000000E+0
Figure 3 & 5,20230320,24,detect_data,Figure 3 & 5/20230320/Raman/Run 24/Raman-DetectData-Avg01-0219.txt,43777,1269,#k Index:	0.00000000E+0
Figure 3 & 5,20230320,24,detect_data,Figure 3 & 5/20230320/Raman/Run 24/Raman-DetectData-Avg01-0220.txt,43843,1269,#k Index:	1.00000000E+0
Figure 3 & 5,20230320,24,detect_data,Figure 3 & 5/20230320/Raman/Run 24/Raman-DetectData-Avg01-0221.txt,43786,1269,#k Index:	0.00000000E+0
Figure 3 & 5,20230320,24,detect_data,Figure 3 & 5/20230320/Raman/Run 24/Raman-DetectData-Avg01-0222.txt,43815,1269,#k Index:	1.00000000E+0
Figure 3 & 5,20230320,24,detect_data,Figure 3 & 5/20230320/Raman/Run 24/Raman-DetectData-Avg01-0223.txt,43828,1269,#k Index:	0.00000000E+0
Figure 3 & 5,20230320,24,detect_data,Figure 3 & 5/20230320/Raman/Run 24/Raman-DetectData-Avg01-0224.txt,43782,1269,#k Index:	1.00000000E+0
Figure 3 & 5,20230320,24,detect_data,Figure 3 & 5/20230320/Raman/Run 24/Raman-DetectData-Avg01-0225.txt,43788,1269,#k Index:	0.00000000E+0
Figure 3 & 5,20230320,24,detect_data,Figure 3 & 5/20230320/Raman/Run 24/Raman-DetectData-Avg01-0226.txt,43787,1269,#k Index:	1.00000000E+0
Figure 3 & 5,20230320,24,detect_data,Figure 3 & 5/20230320/Raman/Run 24/Raman-DetectData-Avg01-0227.txt,43775,1269,#k Index:	0.00000000E+0
Figure 3 & 5,20230320,24,detect_data,Figure 3 & 5/20230320/Raman/Run 24/Raman-DetectData-Avg01-0228.txt,43812,1269,#k Index:	1.00000000E+0
Figure 3 & 5,20230320,24,detect_data,Figure 3 & 5/20230320/Raman/Run 24/Raman-DetectData-Avg01-0229.txt,43793,1269,#k Index:	0.00000000E+0
Figure 3 & 5,20230320,24,detect_data,Figure 3 & 5/20230320/Raman/Run 24/Raman-DetectData-Avg01-0230.txt,43806,1269,#k Index:	1.00000000E+0
Figure 3 & 5,20230320,24,detect_data,Figure 3 & 5/20230320/Raman/Run 24/Raman-DetectData-Avg01-0231.txt,43822,1269,#k Index:	0.00000000E+0
Figure 3 & 5,20230320,24,detect_data,Figure 3 & 5/20230320/Raman/Run 24/Raman-DetectData-Avg01-0232.txt,43830,1269,#k Index:	1.00000000E+0
Figure 3 & 5,20230320,24,detect_data,Figure 3 & 5/20230320/Raman/Run 24/Raman-DetectData-Avg01-0233.txt,43819,1269,#k Index:	0.00000000E+0
Figure 3 & 5,20230320,24,detect_data,Figure 3 & 5/20230320/Raman/Run 24/Raman-DetectData-Avg01-0234.txt,43812,1269,#k Index:	1.00000000E+0
Figure 3 & 5,20230320,24,detect_data,Figure 3 & 5/20230320/Raman/Run 24/Raman-DetectData-Avg01-0235.txt,43816,1269,#k Index:	0.00000000E+0
Figure 3 & 5,20230320,24,detect_data,Figure 3 & 5/20230320/Raman/Run 24/Raman-DetectData-Avg01-0236.txt,43796,1269,#k Index:	1.00000000E+0
Figure 3 & 5,20230320,24,detect_data,Figure 3 & 5/20230320/Raman/Run 24/Raman-DetectData-Avg01-0237.txt,43788,1269,#k Index:	0.00000000E+0
Figure 3 & 5,20230320,24,detect_data,Figure 3 & 5/20230320/Raman/Run 24/Raman-DetectData-Avg01-0238.txt,43813,1269,#k Index:	1.00000000E+0
Figure 3 & 5,20230320,24,detect_data,Figure 3 & 5/20230320/Raman/Run 24/Raman-DetectData-Avg01-0239.txt,43774,1269,#k Index:	0.00000000E+0
Figure 3 & 5,20230320,24,detect_data,Figure 3 & 5/20230320/Raman/Run 24/Raman-DetectData-Avg01-0240.txt,43807,1269,#k Index:	1.00000000E+0
Figure 3 & 5,20230320,24,detect_data,Figure 3 & 5/20230320/Raman/Run 24/Raman-DetectData-Avg01-0241.txt,43783,1269,#k Index:	0.00000000E+0
Figure 3 & 5,20230320,24,detect_data,Figure 3 & 5/20230320/Raman/Run 24/Raman-DetectData-Avg01-0242.txt,43804,1269,#k Index:	1.00000000E+0
Figure 3 & 5,20230320,24,avg01_ratios,Figure 3 & 5/20230320/Raman/Run 24/Raman-Run24-Avg01-Ratios-kD.txt,13867,122,#Iteration	Date	Time	Chirp	Phase	RamanAxis	RTPhase	NFringe	Ratio
Figure 3 & 5,20230320,24,avg01_ratios,Figure 3 & 5/20230320/Raman/Run 24/Raman-Run24-Avg01-Ratios-kU.txt,13744,122,#Iteration	Date	Time	Chirp	Phase	RamanAxis	RTPhase	NFringe	Ratio
Figure 3 & 5,20230320,24,avg_ratios,Figure 3 & 5/20230320/Raman/Run 24/Raman-Run24-AvgRatios-kD.txt,12052,122,#Iteration	Date	Time	Chirp	Phase	RamanAxis	RatioMean	RatioStdDev
Figure 3 & 5,20230320,24,avg_ratios,Figure 3 & 5/20230320/Raman/Run 24/Raman-Run24-AvgRatios-kU.txt,12050,122,#Iteration	Date	Time	Chirp	Phase	RamanAxis	RatioMean	RatioStdDev
Figure 3 & 5,20230320,24,rotations_data,Figure 3 & 5/20230320/Raman/Run 24/Raman-Run24-RotationsData.txt,33895,243,#Iteration	Date	Time	STSX	STSY	RotationRateX	RotationRateY	FrCntX	FrCntY	TiptiltCmd1	TiptiltCmd2	TiptiltMonitor1	TiptiltMonitor2
Figure 3 & 5,20230320,24,rt_data,Figure 3 & 5/20230320/Raman/Run 24/Raman-Run24-RTData.txt,24281,243,#Iteration	Date	Time	RTPhase	NFringe	AccelAxis	AccelMean	AccelTemp
Figure 3 & 5,20230320,25,parameters,Figure 3 & 5/20230320/Raman/Run 25/Parameters.txt,1633,60,Software Version: 3.4
Figure 3 & 5,20230320,25,detect_data,Figure 3 & 5/20230320/Raman/Run 25/Raman-DetectData-Avg01-0001.txt,43768,1269,#k Index:	0.00000000E+0
Figure 3 & 5,20230320,25,detect_data,Figure 3 & 5/20230320/Raman/Run 25/Raman-DetectData-Avg01-0002.txt,43777,1269,#k Index:	1.00000000E+0
Figure 3 & 5,20230320,25,detect_data,Figure 3 & 5/20230320/Raman/Run 25/Raman-DetectData-Avg01-0003.txt,43876,1269,#k Index:	0.00000000E+0
Figure 3 & 5,20230320,25,detect_data,Figure 3 & 5/20230320/Raman/Run 25/Raman-DetectData-Avg01-0004.txt,43801,1269,#k Index:	1.00000000E+0
Figure 3 & 5,20230320,25,detect_data,Figure 3 & 5/20230320/Raman/Run 25/Raman-DetectData-Avg01-0005.txt,43802,1269,#k Index:	0.00000000E+0
Figure 3 & 5,20230320,25,detect_data,Figure 3 & 5/20230320/Raman/Run 25/Raman-DetectData-Avg01-0006.txt,43802,1269,#k Index:	1.00000000E+0
Figure 3 & 5,20230320,25,detect_data,Figure 3 & 5/20230320/Raman/Run 25/Raman-DetectData-Avg01-0007.txt,43795,1269,#k Index:	0.00000000E+0
Figure 3 & 5,20230320,25,detect_data,Figure 3 & 5/20230320/Raman/Run 25/Raman-DetectData-Avg01-0008.txt,43787,1269,#k Index:	1.00000000E+0
Figure 3 & 5,20230320,25,detect_data,Figure 3 & 5/20230320/Raman/Run 25/Raman-DetectData-Avg01-0009.txt,43825,1269,#k Index:	0.00000000E+0
Figure 3 & 5,20230320,25,detect_data,Figure 3 & 5/20230320/Raman/Run 25/Raman-DetectData-Avg01-0010.txt,43790,1269,#k Index:	1.00000000E+0
Figure 3 & 5,20230320,25,detect_data,Figure 3 & 5/20230320/Raman/Run 25/Raman-DetectData-Avg01-0011.txt,43785,1269,#k Index:	0.00000000E+0
Figure 3 & 5,20230320,25,detect_data,Figure 3 & 5/20230320/Raman/Run 25/Raman-DetectData-Avg01-0012.txt,43790,1269,#k Index:	1.00000000E+0
Figure 3 & 5,20230320,25,detect_data,Figure 3 & 5/20230320/Raman/Run 25/Raman-DetectData-Avg01-0013.txt,43766,1269,#k Index:	0.00000000E+0
Figure 3 & 5,20230320,25,detect_data,Figure 3 & 5/20230320/Raman/Run 25/Raman-DetectData-Avg01-0014.txt,43793,1269,#k Index:	1.00000000E+0
Figure 3 & 5,20230320,25,detect_data,Figure 3 & 5/20230320/Raman/Run 25/Raman-DetectData-Avg01-0015.txt,43830,1269,#k Index:	0.00000000E+0
Figure 3 & 5,20230320,25,detect_data,Figure 3 & 5/20230320/Raman/Run 25/Raman-DetectData-Avg01-0016.txt,43784,1269,#k Index:	1.00000000E+0
Figure 3 & 5,20230320,25,detect_data,Figure 3 & 5/20230320/Raman/Run 25/Raman-DetectData-Avg01-0017.txt,43776,1269,#k Index:	0.00000000E+0
Figure 3 & 5,20230320,25,detect_data,Figure 3 & 5/20230320/Raman/Run 25/Raman-DetectData-Avg01-0018.txt,43789,1269,#k Index:	1.00000000E+0
Figure 3 & 5,20230320,25,detect_data,Figure 3 & 5/20230320/Raman/Run 25/Raman-DetectData-Avg01-0019.txt,43794,1269,#k Index:	0.00000000E+0
Figure 3 & 5,20230320,25,detect_data,Figure 3 & 5/20230320/Raman/Run 25/Raman-DetectData-Avg01-0020.txt,43821,1269,#k Index:	1.00000000E+0
Figure 3 & 5,20230320,25,detect_data,Figure 3 & 5/20230320/Raman/Run 25/Raman-DetectData-Avg01-0021.txt,43788,1269,#k Index:	0.00000000E+0
Figure 3 & 5,20230320,25,detect_data,Figure 3 & 5/20230320/Raman/Run 25/Raman-DetectData-Avg01-0022.txt,43774,1269,#k Index:	1.00000000E+0
Figure 3 & 5,20230320,25,detect_data,Figure 3 & 5/20230320/Raman/Run 25/Raman-DetectData-Avg01-0023.txt,43789,1269,#k Index:	0.00000000E+0
Figure 3 & 5,20230320,25,detect_data,Figure 3 & 5/20230320/Raman/Run 25/Raman-DetectData-Avg01-0024.txt,43782,1269,#k Index:	1.00000000E+0
Figure 3 & 5,20230320,25,detect_data,Figure 3 & 5/20230320/Raman/Run 25/Raman-DetectData-Avg01-0025.txt,43828,1269,#k Index:	0.00000000E+0
Figure 3 & 5,20230320,25,detect_data,Figure 3 & 5/20230320/Raman/Run 25/Raman-DetectData-Avg01-0026.txt,43828,1269,#k Index:	1.00000000E+0
Figure 3 & 5,20230320,25,detect_data,Figure 3 & 5/20230320/Raman/Run 25/Raman-DetectData-Avg01-0027.txt,43801,1269,#k Index:	0.00000000E+0
Figure 3 & 5,20230320,25,detect_data,Figure 3 & 5/20230320/Raman/Run 25/Raman-DetectData-Avg01-0028.txt,43780,1269,#k Index:	1.00000000E+0
Figure 3 & 5,20230320,25,detect_data,Figure 3 & 5/20230320/Raman/Run 25/Raman-DetectData-Avg01-0029.txt,43791,1269,#k Index:	0.00000000E+0
Figure 3 & 5,20230320,25,detect_data,Figure 3 & 5/20230320/Raman/Run 25/Raman-DetectData-Avg01-0030.txt,43816,1269,#k Index:	1.00000000E+0
Figure 3 & 5,20230320,25,detect_data,Figure 3 & 5/20230320/Raman/Run 25/Raman-DetectData-Avg01-0031.txt,43782,1269,#k Index:	0.00000000E+0
Figure 3 & 5,20230320,25,detect_data,Figure 3 & 5/20230320/Raman/Run 25/Raman-DetectData-Avg01-0032.txt,43785,1269,#k Index:	1.00000000E+0
Figure 3 & 5,20230320,25,detect_data,Figure 3 & 5/20230320/Raman/Run 25/Raman-DetectData-Avg01-0033.txt,43793,1269,#k Index:	0.00000000E+0
Figure 3 & 5,20230320,25,detect_data,Figure 3 & 5/20230320/Raman/Run 25/Raman-DetectData-Avg01-0034.txt,43810,1269,#k Index:	1.00000000E+0
Figure 3 & 5,20230320,25,detect_data,Figure 3 & 5/20230320/Raman/Run 25/Raman-DetectData-Avg01-0035.txt,43811,1269,#k Index:	0.00000000E+0
Figure 3 & 5,20230320,25,detect_data,Figure 3 & 5/20230320/Raman/Run 25/Raman-DetectData-Avg01-0036.txt,43828,1269,#k Index:	1.00000000E+0
Figure 3 & 5,20230320,25,detect_data,Figure 3 & 5/20230320/Raman/Run 25/Raman-DetectData-Avg01-0037.txt,43817,1269,#k Index:	0.00000000E+0
Figure 3 & 5,20230320,25,detect_data,Figure 3 & 5/20230320/Raman/Run 25/Raman-DetectData-Avg01-0038.txt,43778,1269,#k Index:	1.00000000E+0
Figure 3 & 5,20230320,25,detect_data,Figure 3 & 5/20230320/Raman/Run 25/Raman-DetectData-Avg01-0039.txt,43787,1269,#k Index:	0.00000000E+0
Figure 3 & 5,20230320,25,detect_data,Figure 3 & 5/20230320/Raman/Run 25/Raman-DetectData-Avg01-0040.txt,43808,1269,#k Index:	1.00000000E+0
Figure 3 & 5,20230320,25,detect_data,Figure 3 & 5/20230320/Raman/Run 25/Raman-DetectData-Avg01-0041.txt,43782,1269,#k Index:	0.00000000E+0
Figure 3 & 5,20230320,25,detect_data,Figure 3 & 5/20230320/Raman/Run 25/Raman-DetectData-Avg01-0042.txt,43781,1269,#k Index:	1.00000000E+0
Figure 3 & 5,20230320,25,detect_data,Figure 3 & 5/20230320/Raman/Run 25/Raman-DetectData-Avg01-0043.txt,43785,1269,#k Index:	0.00000000E+0
Figure 3 & 5,20230320,25,detect_data,Figure 3 & 5/20230320/Raman/Run 25/Raman-DetectData-Avg01-0044.txt,43784,1269,#k Index:	1.00000000E+0
Figure 3 & 5,20230320,25,detect_data,Figure 3 & 5/20230320/Raman/Run 25/Raman-DetectData-Avg01-0045.txt,43810,1269,#k Index:	0.00000000E+0
Figure 3 & 5,20230320,25,detect_data,Figure 3 & 5/20230320/Raman/Run 25/Raman-DetectData-Avg01-0046.txt,43829,1269,#k Index:	1.00000000E+0
Figure 3 & 5,20230320,25,detect_data,Figure 3 & 5/20230320/Raman/Run 25/Raman-DetectData-Avg01-0047.txt,43825,1269,#k Index:	0.00000000E+0
Figure 3 & 5,20230320,25,detect_data,Figure 3 & 5/20230320/Raman/Run 25/Raman-DetectData-Avg01-0048.txt,43836,1269,#k Index:	1.00000000E+0
Figure 3 & 5,20230320,25,detect_data,Figure 3 & 5/20230320/Raman/Run 25/Raman-DetectData-Avg01-0049.txt,43796,1269,#k Index:	0.00000000E+0
Figure 3 & 5,20230320,25,detect_data,Figure 3 & 5/20230320/Raman/Run 25/Raman-DetectData-Avg01-0050.txt,43816,1269,#k Index:	1.00000000E+0
Figure 3 & 5,20230320,25,detect_data,Figure 3 & 5/20230320/Raman/Run 25/Raman-DetectData-Avg01-0051.txt,43801,1269,#k Index:	0.00000000E+0
Figure 3 & 5,20230320,25,detect_data,Figure 3 & 5/20230320/Raman/Run 25/Raman-DetectData-Avg01-0052.txt,43804,1269,#k Index:	1.00000000E+0
Figure 3 & 5,20230320,25,detect_data,Figure 3 & 5/20230320/Raman/Run 25/Raman-DetectData-Avg01-0053.txt,43782,1269,#k Index:	0.00000000E+0
Figure 3 & 5,20230320,25,detect_data,Figure 3 & 5/20230320/Raman/Run 25/Raman-DetectData-Avg01-0054.txt,43803,1269,#k Index:	1.00000000E+0
Figure 3 & 5,20230320,25,detect_data,Figure 3 & 5/20230320/Raman/Run 25/Raman-DetectData-Avg01-0055.txt,43788,1269,#k Index:	0.00000000E+0
Figure 3 & 5,20230320,25,detect_data,Figure 3 & 5/20230320/Raman/Run 25/Raman-DetectData-Avg01-0056.txt,43806,1269,#k Index:	1.00000000E+0
Figure 3 & 5,20230320,25,detect_data,Figure 3 & 5/20230320/Raman/Run 25/Raman-DetectData-Avg01-0057.txt,43823,1269,#k Index:	0.00000000E+0
Figure 3 & 5,20230320,25,detect_data,Figure 3 & 5/20230320/Raman/Run 25/Raman-DetectData-Avg01-0058.txt,43794,1269,#k Index:	1.00000000E+0
Figure 3 & 5,20230320,25,detect_data,Figure 3 & 5/20230320/Raman/Run 25/Raman-DetectData-Avg01-0059.txt,43796,1269,#k Index:	0.00000000E+0
Figure 3 & 5,20230320,25,detect_data,Figure 3 & 5/20230320/Raman/Run 25/Raman-DetectData-Avg01-0060.txt,43808,1269,#k Index:	1.00000000E+0
Figure 3 & 5,20230320,25,detect_data,Figure 3 & 5/20230320/Raman/Run 25/Raman-DetectData-Avg01-0061.txt,43807,1269,#k Index:	0.00000000E+0
Figure 3 & 5,20230320,25,detect_data,Figure 3 & 5/20230320/Raman/Run 25/Raman-DetectData-Avg01-0062.txt,43823,1269,#k Index:	1.00000000E+0
Figure 3 & 5,20230320,25,detect_data,Figure 3 & 5/20230320/Raman/Run 25/Raman-DetectData-Avg01-0063.txt,43779,1269,#k Index:	0.00000000E+0
Figure 3 & 5,20230320,25,detect_data,Figure 3 & 5/20230320/Raman/Run 25/Raman-DetectData-Avg01-0064.txt,43795,1269,#k Index:	1.00000000E+0
Figure 3 & 5,20230320,25,detect_data,Figure 3 & 5/20230320/Raman/Run 25/Raman-DetectData-Avg01-0065.txt,43821,1269,#k Index:	0.00000000E+0
Figure 3 & 5,20230320,25,detect_data,Figure 3 & 5/20230320/Raman/Run 25/Raman-DetectData-Avg01-0066.txt,43809,1269,#k Index:	1.00000000E+0
Figure 3 & 5,20230320,25,detect_data,Figure 3 & 5/20230320/Raman/Run 25/Raman-DetectData-Avg01-0067.txt,43781,1269,#k Index:	0.00000000E+0
Figure 3 & 5,20230320,25,detect_data,Figure 3 & 5/20230320/Raman/Run 25/Raman-DetectData-Avg01-0068.txt,43813,1269,#k Index:	1.00000000E+0
Figure 3 & 5,20230320,25,detect_data,Figure 3 & 5/20230320/Raman/Run 25/Raman-DetectData-Avg01-0069.txt,43806,1269,#k Index:	0.00000000E+0
Figure 3 & 5,20230320,25,detect_data,Figure 3 & 5/20230320/Raman/Run 25/Raman-DetectData-Avg01-0070.txt,43829,1269,#k Index:	1.00000000E+0
Figure 3 & 5,20230320,25,detect_data,Figure 3 & 5/20230320/Raman/Run 25/Raman-DetectData-Avg01-0071.txt,43812,1269,#k Index:	0.00000000E+0
Figure 3 & 5,20230320,25,detect_data,Figure 3 & 5/20230320/Raman/Run 25/Raman-DetectData-Avg01-0072.txt,43794,1269,#k Index:	1.00000000E+0
Figure 3 & 5,20230320,25,detect_data,Figure 3 & 5/20230320/Raman/Run 25/Raman-DetectData-Avg01-0073.txt,43801,1269,#k Index:	0.00000000E+0
Figure 3 & 5,20230320,25,detect_data,Figure 3 & 5/20230320/Raman/Run 25/Raman-DetectData-Avg01-0074.txt,43813,1269,#k Index:	1.00000000E+0
Figure 3 & 5,20230320,25,detect_data,Figure 3 & 5/20230320/Raman/Run 25/Raman-DetectData-Avg01-0075.txt,43790,1269,#k Index:	0.00000000E+0
Figure 3 & 5,20230320,25,detect_data,Figure 3 & 5/20230320/Raman/Run 25/Raman-DetectData-Avg01-0076.txt,43791,1269,#k Index:	1.00000000E+0
Figure 3 & 5,20230320,25,detect_data,Figure 3 & 5/20230320/Raman/Run 25/Raman-DetectData-Avg01-0077.txt,43781,1269,#k Index:	0.00000000E+0
Figure 3 & 5,20230320,25,detect_data,Figure 3 & 5/20230320/Raman/Run 25/Raman-DetectData-Avg01-0078.txt,43780,1269,#k Index:	1.00000000E+0
Figure 3 & 5,20230320,25,detect_data,Figure 3 & 5/20230320/Raman/Run 25/Raman-DetectData-Avg01-0079.txt,43785,1269,#k Index:	0.00000000E+0
Figure 3 & 5,20230320,25,detect_data,Figure 3 & 5/20230320/Raman/Run 25/Raman-DetectData-Avg01-0080.txt,43848,1269,#k Index:	1.00000000E+0
Figure 3 & 5,20230320,25,detect_data,Figure 3 & 5/20230320/Raman/Run 25/Raman-DetectData-Avg01-0081.txt,43797,1269,#k Index:	0.00000000E+0
Figure 3 & 5,20230320,25,detect_data,Figure 3 & 5/20230320/Raman/Run 25/Raman-DetectData-Avg01-0082.txt,43780,1269,#k Index:	1.00000000E+0
Figure 3 & 5,20230320,25,detect_data,Figure 3 & 5/20230320/Raman/Run 25/Raman-DetectData-Avg01-0083.txt,43770,1269,#k Index:	0.00000000E+0
Figure 3 & 5,20230320,25,detect_data,Figure 3 & 5/20230320/Raman/Run 25/Raman-DetectData-Avg01-0084.txt,43824,1269,#k Index:	1.00000000E+0
Figure 3 & 5,20230320,25,detect_data,Figure 3 & 5/20230320/Raman/Run 25/Raman-DetectData-Avg01-0085.txt,43826,1269,#k Index:	0.00000000E+0
Figure 3 & 5,20230320,25,detect_data,Figure 3 & 5/20230320/Raman/Run 25/Raman-DetectData-Avg01-0086.txt,43791,1269,#k Index:	1.00000000E+0
Figure 3 & 5,20230320,25,detect_data,Figure 3 & 5/20230320/Raman/Run 25/Raman-DetectData-Avg01-0087.txt,43774,1269,#k Index:	0.00000000E+0
Figure 3 & 5,20230320,25,detect_data,Figure 3 & 5/20230320/Raman/Run 25/Raman-DetectData-Avg01-0088.txt,43785,1269,#k Index:	1.00000000E+0
Figure 3 & 5,20230320,25,detect_data,Figure 3 & 5/20230320/Raman/Run 25/Raman-DetectData-Avg01-0089.txt,43794,1269,#k Index:	0.00000000E+0
Figure 3 & 5,20230320,25,detect_data,Figure 3 & 5/20230320/Raman/Run 25/Raman-DetectData-Avg01-0090.txt,43827,1269,#k Index:	1.00000000E+0
Figure 3 & 5,20230320,25,detect_data,Figure 3 & 5/20230320/Raman/Run 25/Raman-DetectData-Avg01-0091.txt,43795,1269,#k Index:	0.00000000E+0
Figure 3 & 5,20230320,25,detect_data,Figure 3 & 5/20230320/Raman/Run 25/Raman-DetectData-Avg01-0092.txt,43792,1269,#k Index:	1.00000000E+0
Figure 3 & 5,20230320,25,detect_data,Figure 3 & 5/20230320/Raman/Run 25/Raman-DetectData-Avg01-0093.txt,43807,1269,#k Index:	0.00000000E+0
Figure 3 & 5,20230320,25,detect_data,Figure 3 & 5/20230320/Raman/Run 25/Raman-DetectData-Avg01-0094.txt,43799,1269,#k Index:	1.00000000E+0
Figure 3 & 5,20230320,25,detect_data,Figure 3 & 5/20230320/Raman/Run 25/Raman-DetectData-Avg01-0095.txt,43780,1269,#k Index:	0.00000000E+0
Figure 3 & 5,20230320,25,detect_data,Figure 3 & 5/20230320/Raman/Run 25/Raman-DetectData-Avg01-0096.txt,43780,1269,#k Index:	1.00000000E+0
Figure 3 & 5,20230320,25,detect_data,Figure 3 & 5/20230320/Raman/Run 25/Raman-DetectData-Avg01-0097.txt,43794,1269,#k Index:	0.00000000E+0
Figure 3 & 5,20230320,25,detect_data,Figure 3 & 5/20230320/Raman/Run 25/Raman-DetectData-Avg01-0098.txt,43825,1269,#k Index:	1.00000000E+0
Figure 3 & 5,20230320,25,detect_data,Figure 3 & 5/20230320/Raman/Run 25/Raman-DetectData-Avg01-0099.txt,43822,1269,#k Index:	0.00000000E+0
Figure 3 & 5,20230320,25,detect_data,Figure 3 & 5/20230320/Raman/Run 25/Raman-DetectData-Avg01-0100.txt,43793,1269,#k Index:	1.00000000E+0
Figure 3 & 5,20230320,25,detect_data,Figure 3 & 5/20230320/Raman/Run 25/Raman-DetectData-Avg01-0101.txt,43786,1269,#k Index:	0.00000000E+0
Figure 3 & 5,20230320,25,detect_data,Figure 3 & 5/20230320/Raman/Run 25/Raman-DetectData-Avg01-0102.txt,43843,1269,#k Index:	1.00000000E+0
Figure 3 & 5,20230320,25,detect_data,Figure 3 & 5/20230320/Raman/Run 25/Raman-DetectData-Avg01-0103.txt,43829,1269,#k Index:	0.00000000E+0
Figure 3 & 5,20230320,25,detect_data,Figure 3 & 5/20230320/Raman/Run 25/Raman-DetectData-Avg01-0104.txt,43821,1269,#k Index:	1.00000000E+0
Figure 3 & 5,20230320,25,detect_data,Figure 3 & 5/20230320/Raman/Run 25/Raman-DetectData-Avg01-0105.txt,43807,1269,#k Index:	0.00000000E+0
Figure 3 & 5,20230320,25,detect_data,Figure 3 & 5/20230320/Raman/Run 25/Raman-DetectData-Avg01-0106.txt,43810,1269,#k Index:	1.00000000E+0
Figure 3 & 5,20230320,25,detect_data,Figure 3 & 5/20230320/Raman/Run 25/Raman-DetectData-Avg01-0107.txt,43826,1269,#k Index:	0.00000000E+0
Figure 3 & 5,20230320,25,detect_data,Figure 3 & 5/20230320/Raman/Run 25/Raman-DetectData-Avg01-0108.txt,43808,1269,#k Index:	1.00000000E+0
Figure 3 & 5,20230320,25,detect_data,Figure 3 & 5/20230320/Raman/Run 25/Raman-DetectData-Avg01-0109.txt,43796,1269,#k Index:	0.00000000E+0
Figure 3 & 5,20230320,25,detect_data,Figure 3 & 5/20230320/Raman/Run 25/Raman-DetectData-Avg01-0110.txt,43796,1269,#k Index:	1.00000000E+0
Figure 3 & 5,20230320,25,detect_data,Figure 3 & 5/20230320/Raman/Run 25/Raman-DetectData-Avg01-0111.txt,43791,1269,#k Index:	0.00000000E+0
Figure 3 & 5,20230320,25,detect_data,Figure 3 & 5/20230320/Raman/Run 25/Raman-DetectData-Avg01-0112.txt,43823,1269,#k Index:	1.00000000E+0
Figure 3 & 5,20230320,25,detect_data,Figure 3 & 5/20230320/Raman/Run 25/Raman-DetectData-Avg01-0113.txt,43812,1269,#k Index:	0.00000000E+0
Figure 3 & 5,20230320,25,detect_data,Figure 3 & 5/20230320/Raman/Run 25/Raman-DetectData-Avg01-0114.txt,43831,1269,#k Index:	1.00000000E+0
Figure 3 & 5,20230320,25,detect_data,Figure 3 & 5/20230320/Raman/Run 25/Raman-DetectData-Avg01-0115.txt,43785,1269,#k Index:	0.00000000E+0
Figure 3 & 5,20230320,25,detect_data,Figure 3 & 5/20230320/Raman/Run 25/Raman-DetectData-Avg01-0116.txt,43834,1269,#k Index:	1.00000000E+0
Figure 3 & 5,20230320,25,detect_data,Figure 3 & 5/20230320/Raman/Run 25/Raman-DetectData-Avg01-0117.txt,43805,1269,#k Index:	0.00000000E+0
Figure 3 & 5,20230320,25,detect_data,Figure 3 & 5/20230320/Raman/Run 25/Raman-DetectData-Avg01-0118.txt,43804,1269,#k Index:	1.00000000E+0
Figure 3 & 5,20230320,25,detect_data,Figure 3 & 5/20230320/Raman/Run 25/Raman-DetectData-Avg01-0119.txt,43796,1269,#k Index:	0.00000000E+0
Figure 3 & 5,20230320,25,detect_data,Figure 3 & 5/20230320/Raman/Run 25/Raman-DetectData-Avg01-0120.txt,43812,1269,#k Index:	1.00000000E+0
Figure 3 & 5,20230320,25,detect_data,Figure 3 & 5/20230320/Raman/Run 25/Raman-DetectData-Avg01-0121.txt,43836,1269,#k Index:	0.00000000E+0
Figure 3 & 5,20230320,25,detect_data,Figure 3 & 5/20230320/Raman/Run 25/Raman-DetectData-Avg01-0122.txt,43794,1269,#k Index:	1.00000000E+0
Figure 3 & 5,20230320,25,detect_data,Figure 3 & 5/20230320/Raman/Run 25/Raman-DetectData-Avg01-0123.txt,43786,1269,#k Index:	0.00000000E+0
Figure 3 & 5,20230320,25,detect_data,Figure 3 & 5/20230320/Raman/Run 25/Raman-DetectData-Avg01-0124.txt,43822,1269,#k Index:	1.00000000E+0
Figure 3 & 5,20230320,25,detect_data,Figure 3 & 5/20230320/Raman/Run 25/Raman-DetectData-Avg01-0125.txt,43841,1269,#k Index:	0.00000000E+0
Figure 3 & 5,20230320,25,detect_data,Figure 3 & 5/20230320/Raman/Run 25/Raman-DetectData-Avg01-0126.txt,43820,1269,#k Index:	1.00000000E+0
Figure 3 & 5,20230320,25,detect_data,Figure 3 & 5/20230320/Raman/Run 25/Raman-DetectData-Avg01-0127.txt,43778,1269,#k Index:	0.00000000E+0
Figure 3 & 5,20230320,25,detect_data,Figure 3 & 5/20230320/Raman/Run 25/Raman-DetectData-Avg01-0128.txt,43802,1269,#k Index:	1.00000000E+0
Figure 3 & 5,20230320,25,detect_data,Figure 3 & 5/20230320/Raman/Run 25/Raman-DetectData-Avg01-0129.txt,43857,1269,#k Index:	0.00000000E+0
Figure 3 & 5,20230320,25,detect_data,Figure 3 & 5/20230320/Raman/Run 25/Raman-DetectData-Avg01-0130.txt,43809,1269,#k Index:	1.00000000E+0
Figure 3 & 5,20230320,25,detect_data,Figure 3 & 5/20230320/Raman/Run 25/Raman-DetectData-Avg01-0131.txt,43829,1269,#k Index:	0.00000000E+0
Figure 3 & 5,20230320,25,detect_data,Figure 3 & 5/20230320/Raman/Run 25/Raman-DetectData-Avg01-0132.txt,43802,1269,#k Index:	1.00000000E+0
Figure 3 & 5,20230320,25,detect_data,Figure 3 & 5/20230320/Raman/Run 25/Raman-DetectData-Avg01-0133.txt,43770,1269,#k Index:	0.00000000E+0
Figure 3 & 5,20230320,25,detect_data,Figure 3 & 5/20230320/Raman/Run 25/Raman-DetectData-Avg01-0134.txt,43810,1269,#k Index:	1.00000000E+0
Figure 3 & 5,20230320,25,detect_data,Figure 3 & 5/20230320/Raman/Run 25/Raman-DetectData-Avg01-0135.txt,43839,1269,#k Index:	0.00000000E+0
Figure 3 & 5,20230320,25,detect_data,Figure 3 & 5/20230320/Raman/Run 25/Raman-DetectData-Avg01-0136.txt,43811,1269,#k Index:	1.00000000E+0
Figure 3 & 5,20230320,25,detect_data,Figure 3 & 5/20230320/Raman/Run 25/Raman-DetectData-Avg01-0137.txt,43798,1269,#k Index:	0.00000000E+0
Figure 3 & 5,20230320,25,detect_data,Figure 3 & 5/20230320/Raman/Run 25/Raman-DetectData-Avg01-0138.txt,43801,1269,#k Index:	1.00000000E+0
Figure 3 & 5,20230320,25,detect_data,Figure 3 & 5/20230320/Raman/Run 25/Raman-DetectData-Avg01-0139.txt,43821,1269,#k Index:	0.00000000E+0
Figure 3 & 5,20230320,25,detect_data,Figure 3 & 5/20230320/Raman/Run 25/Raman-DetectData-Avg01-0140.txt,43788,1269,#k Index:	1.00000000E+0
Figure 3 & 5,20230320,25,detect_data,Figure 3 & 5/20230320/Raman/Run 25/Raman-DetectData-Avg01-0141.txt,43804,1269,#k Index:	0.00000000E+0
Figure 3 & 5,20230320,25,detect_data,Figure 3 & 5/20230320/Raman/Run 25/Raman-DetectData-Avg01-0142.txt,43832,1269,#k Index:	1.00000000E+0
Figure 3 & 5,20230320,25,detect_data,Figure 3 & 5/20230320/Raman/Run 25/Raman-DetectData-Avg01-0143.txt,43804,1269,#k Index:	0.00000000E+0
Figure 3 & 5,20230320,25,detect_data,Figure 3 & 5/20230320/Raman/Run 25/Raman-DetectData-Avg01-0144.txt,43845,1269,#k Index:	1.00000000E+0
Figure 3 & 5,20230320,25,detect_data,Figure 3 & 5/20230320/Raman/Run 25/Raman-DetectData-Avg01-0145.txt,43824,1269,#k Index:	0.00000000E+0
Figure 3 & 5,20230320,25,detect_data,Figure 3 & 5/20230320/Raman/Run 25/Raman-DetectData-Avg01-0146.txt,43815,1269,#k Index:	1.00000000E+0
Figure 3 & 5,20230320,25,detect_data,Figure 3 & 5/20230320/Raman/Run 25/Raman-DetectData-Avg01-0147.txt,43789,1269,#k Index:	0.00000000E+0
Figure 3 & 5,20230320,25,detect_data,Figure 3 & 5/20230320/Raman/Run 25/Raman-DetectData-Avg01-0148.txt,43798,1269,#k Index:	1.00000000E+0
Figure 3 & 5,20230320,25,detect_data,Figure 3 & 5/20230320/Raman/Run 25/Raman-DetectData-Avg01-0149.txt,43822,1269,#k Index:	0.00000000E+0
Figure 3 & 5,20230320,25,detect_data,Figure 3 & 5/20230320/Raman/Run 25/Raman-DetectData-Avg01-0150.txt,43792,1269,#k Index:	1.00000000E+0
Figure 3 & 5,20230320,25,detect_data,Figure 3 & 5/20230320/Raman/Run 25/Raman-DetectData-Avg01-0151.txt,43770,1269,#k Index:	0.00000000E+0
Figure 3 & 5,20230320,25,detect_data,Figure 3 & 5/20230320/Raman/Run 25/Raman-DetectData-Avg01-0152.txt,43793,1269,#k Index:	1.00000000E+0
Figure 3 & 5,20230320,25,detect_data,Figure 3 & 5/20230320/Raman/Run 25/Raman-DetectData-Avg01-0153.txt,43804,1269,#k Index:	0.00000000E+0
Figure 3 & 5,20230320,25,detect_data,Figure 3 & 5/20230320/Raman/Run 25/Raman-DetectData-Avg01-0154.txt,43787,1269,#k Index:	1.00000000E+0
Figure 3 & 5,20230320,25,detect_data,Figure 3 & 5/20230320/Raman/Run 25/Raman-DetectData-Avg01-0155.txt,43812,1269,#k Index:	0.00000000E+0
Figure 3 & 5,20230320,25,detect_data,Figure 3 & 5/20230320/Raman/Run 25/Raman-DetectData-Avg01-0156.txt,43796,1269,#k Index:	1.00000000E+0
Figure 3 & 5,20230320,25,detect_data,Figure 3 & 5/20230320/Raman/Run 25/Raman-DetectData-Avg01-0157.txt,43787,1269,#k Index:	0.00000000E+0
Figure 3 & 5,20230320,25,detect_data,Figure 3 & 5/20230320/Raman/Run 25/Raman-DetectData-Avg01-0158.txt,43807,1269,#k Index:	1.00000000E+0
Figure 3 & 5,20230320,25,detect_data,Figure 3 & 5/20230320/Raman/Run 25/Raman-DetectData-Avg01-0159.txt,43839,1269,#k Index:	0.00000000E+0
Figure 3 & 5,20230320,25,detect_data,Figure 3 & 5/20230320/Raman/Run 25/Raman-DetectData-Avg01-0160.txt,43814,1269,#k Index:	1.00000000E+0
Figure 3 & 5,20230320,25,detect_data,Figure 3 & 5/20230320/Raman/Run 25/Raman-DetectData-Avg01-0161.txt,43776,1269,#k Index:	0.00000000E+0
Figure 3 & 5,20230320,25,detect_data,Figure 3 & 5/20230320/Raman/Run 25/Raman-DetectData-Avg01-0162.txt,43774,1269,#k Index:	1.00000000E+0
Figure 3 & 5,20230320,25,detect_data,Figure 3 & 5/20230320/Raman/Run 25/Raman-DetectData-Avg01-0163.txt,43795,1269,#k Index:	0.00000000E+0
Figure 3 & 5,20230320,25,detect_data,Figure 3 & 5/20230320/Raman/Run 25/Raman-DetectData-Avg01-0164.txt,43802,1269,#k Index:	1.00000000E+0
Figure 3 & 5,20230320,25,detect_data,Figure 3 & 5/20230320/Raman/Run 25/Raman-DetectData-Avg01-0165.txt,43802,1269,#k Index:	0.00000000E+0
Figure 3 & 5,20230320,25,detect_data,Figure 3 & 5/20230320/Raman/Run 25/Raman-DetectData-Avg01-0166.txt,43812,1269,#k Index:	1.00000000E+0
Figure 3 & 5,20230320,25,detect_data,Figure 3 & 5/20230320/Raman/Run 25/Raman-DetectData-Avg01-0167.txt,43772,1269,#k Index:	0.00000000E+0
Figure 3 & 5,20230320,25,detect_data,Figure 3 & 5/20230320/Raman/Run 25/Raman-DetectData-Avg01-0168.txt,43795,1269,#k Index:	1.00000000E+0
Figure 3 & 5,20230320,25,detect_data,Figure 3 & 5/20230320/Raman/Run 25/Raman-DetectData-Avg01-0169.txt,43837,1269,#k Index:	0.00000000E+0
Figure 3 & 5,20230320,25,detect_data,Figure 3 & 5/20230320/Raman/Run 25/Raman-DetectData-Avg01-0170.txt,43810,1269,#k Index:	1.00000000E+0
Figure 3 & 5,20230320,25,detect_data,Figure 3 & 5/20230320/Raman/Run 25/Raman-DetectData-Avg01-0171.txt,43783,1269,#k Index:	0.00000000E+0
Figure 3 & 5,20230320,25,detect_data,Figure 3 & 5/20230320/Raman/Run 25/Raman-DetectData-Avg01-0172.txt,43789,1269,#k Index:	1.00000000E+0
Figure 3 & 5,20230320,25,detect_data,Figure 3 & 5/20230320/Raman/Run 25/Raman-DetectData-Avg01-0173.txt,43782,1269,#k Index:	0.00000000E+0
Figure 3 & 5,20230320,25,detect_data,Figure 3 & 5/20230320/Raman/Run 25/Raman-DetectData-Avg01-0174.txt,43830,1269,#k Index:	1.00000000E+0
Figure 3 & 5,20230320,25,detect_data,Figure 3 & 5/20230320/Raman/Run 25/Raman-DetectData-Avg01-0175.txt,43787,1269,#k Index:	0.00000000E+0
Figure 3 & 5,20230320,25,detect_data,Figure 3 & 5/20230320/Raman/Run 25/Raman-DetectData-Avg01-0176.txt,43830,1269,#k Index:	1.00000000E+0
Figure 3 & 5,20230320,25,detect_data,Figure 3 & 5/20230320/Raman/Run 25/Raman-DetectData-Avg01-0177.txt,43787,1269,#k Index:	0.00000000E+0
Figure 3 & 5,20230320,25,detect_data,Figure 3 & 5/20230320/Raman/Run 25/Raman-DetectData-Avg01-0178.txt,43799,1269,#k Index:	1.00000000E+0
Figure 3 & 5,20230320,25,detect_data,Figure 3 & 5/20230320/Raman/Run 25/Raman-DetectData-Avg01-0179.txt,43816,1269,#k Index:	0.00000000E+0
Figure 3 & 5,20230320,25,detect_data,Figure 3 & 5/20230320/Raman/Run 25/Raman-DetectData-Avg01-0180.txt,43798,1269,#k Index:	1.00000000E+0
Figure 3 & 5,20230320,25,detect_data,Figure 3 & 5/20230320/Raman/Run 25/Raman-DetectData-Avg01-0181.txt,43781,1269,#k Index:	0.00000000E+0
Figure 3 & 5,20230320,25,detect_data,Figure 3 & 5/20230320/Raman/Run 25/Raman-DetectData-Avg01-0182.txt,43778,1269,#k Index:	1.00000000E+0
Figure 3 & 5,20230320,25,detect_data,Figure 3 & 5/20230320/Raman/Run 25/Raman-DetectData-Avg01-0183.txt,43794,1269,#k Index:	0.00000000E+0
Figure 3 & 5,20230320,25,detect_data,Figure 3 & 5/20230320/Raman/Run 25/Raman-DetectData-Avg01-0184.txt,43810,1269,#k Index:	1.00000000E+0
Figure 3 & 5,20230320,25,detect_data,Figure 3 & 5/20230320/Raman/Run 25/Raman-DetectData-Avg01-0185.txt,43813,1269,#k Index:	0.00000000E+0
Figure 3 & 5,20230320,25,detect_data,Figure 3 & 5/20230320/Raman/Run 25/Raman-DetectData-Avg01-0186.txt,43799,1269,#k Index:	1.00000000E+0
Figure 3 & 5,20230320,25,detect_data,Figure 3 & 5/20230320/Raman/Run 25/Raman-DetectData-Avg01-0187.txt,43776,1269,#k Index:	0.00000000E+0
Figure 3 & 5,20230320,25,detect_data,Figure 3 & 5/20230320/Raman/Run 25/Raman-DetectData-Avg01-0188.txt,43781,1269,#k Index:	1.00000000E+0
Figure 3 & 5,20230320,25,detect_data,Figure 3 & 5/20230320/Raman/Run 25/Raman-DetectData-Avg01-0189.txt,43786,1269,#k Index:	0.00000000E+0
Figure 3 & 5,20230320,25,detect_data,Figure 3 & 5/20230320/Raman/Run 25/Raman-DetectData-Avg01-0190.txt,43792,1269,#k Index:	1.00000000E+0
Figure 3 & 5,20230320,25,detect_data,Figure 3 & 5/20230320/Raman/Run 25/Raman-DetectData-Avg01-0191.txt,43787,1269,#k Index:	0.00000000E+0
Figure 3 & 5,20230320,25,detect_data,Figure 3 & 5/20230320/Raman/Run 25/Raman-DetectData-Avg01-0192.txt,43767,1269,#k Index:	1.00000000E+0
Figure 3 & 5,20230320,25,detect_data,Figure 3 & 5/20230320/Raman/Run 25/Raman-DetectData-Avg01-0193.txt,43778,1269,#k Index:	0.00000000E+0
Figure 3 & 5,20230320,25,detect_data,Figure 3 & 5/20230320/Raman/Run 25/Raman-DetectData-Avg01-0194.txt,43801,1269,#k Index:	1.00000000E+0
Figure 3 & 5,20230320,25,detect_data,Figure 3 & 5/20230320/Raman/Run 25/Raman-DetectData-Avg01-0195.txt,43793,1269,#k Index:	0.00000000E+0
Figure 3 & 5,20230320,25,detect_data,Figure 3 & 5/20230320/Raman/Run 25/Raman-DetectData-Avg01-0196.txt,43815,1269,#k Index:	1.00000000E+0
Figure 3 & 5,20230320,25,detect_data,Figure 3 & 5/20230320/Raman/Run 25/Raman-DetectData-Avg01-0197.txt,43771,1269,#k Index:	0.00000000E+0
Figure 3 & 5,20230320,25,detect_data,Figure 3 & 5/20230320/Raman/Run 25/Raman-DetectData-Avg01-0198.txt,43796,1269,#k Index:	1.00000000E+0
Figure 3 & 5,20230320,25,detect_data,Figure 3 & 5/20230320/Raman/Run 25/Raman-DetectData-Avg01-0199.txt,43819,1269,#k Index:	0.00000000E+0
Figure 3 & 5,20230320,25,detect_data,Figure 3 & 5/20230320/Raman/Run 25/Raman-DetectData-Avg01-0200.txt,43808,1269,#k Index:	1.00000000E+0
Figure 3 & 5,20230320,25,detect_data,Figure 3 & 5/20230320/Raman/Run 25/Raman-DetectData-Avg01-0201.txt,43769,1269,#k Index:	0.00000000E+0
Figure 3 & 5,20230320,25,detect_data,Figure 3 & 5/20230320/Raman/Run 25/Raman-DetectData-Avg01-0202.txt,43776,1269,#k Index:	1.00000000E+0
Figure 3 & 5,20230320,25,detect_data,Figure 3 & 5/20230320/Raman/Run 25/Raman-DetectData-Avg01-0203.txt,43810,1269,#k Index:	0.00000000E+0
Figure 3 & 5,20230320,25,detect_data,Figure 3 & 5/20230320/Raman/Run 25/Raman-DetectData-Avg01-0204.txt,43852,1269,#k Index:	1.00000000E+0
Figure 3 & 5,20230320,25,detect_data,Figure 3 & 5/20230320/Raman/Run 25/Raman-DetectData-Avg01-0205.txt,43832,1269,#k Index:	0.00000000E+0
Figure 3 & 5,20230320,25,detect_data,Figure 3 & 5/20230320/Raman/Run 25/Raman-DetectData-Avg01-0206.txt,43825,1269,#k Index:	1.00000000E+0
Figure 3 & 5,20230320,25,detect_data,Figure 3 & 5/20230320/Raman/Run 25/Raman-DetectData-Avg01-0207.txt,43811,1269,#k Index:	0.00000000E+0
Figure 3 & 5,20230320,25,detect_data,Figure 3 & 5/20230320/Raman/Run 25/Raman-DetectData-Avg01-0208.txt,43824,1269,#k Index:	1.00000000E+0
Figure 3 & 5,20230320,25,detect_data,Figure 3 & 5/20230320/Raman/Run 25/Raman-DetectData-Avg01-0209.txt,43818,1269,#k Index:	0.00000000E+0
Figure 3 & 5,20230320,25,detect_data,Figure 3 & 5/20230320/Raman/Run 25/Raman-DetectData-Avg01-0210.txt,44055,1269,#k Index:	1.00000000E+0
Figure 3 & 5,20230320,25,detect_data,Figure 3 & 5/20230320/Raman/Run 25/Raman-DetectData-Avg01-0211.txt,43961,1269,#k Index:	0.00000000E+0
Figure 3 & 5,20230320,25,detect_data,Figure 3 & 5/20230320/Raman/Run 25/Raman-DetectData-Avg01-0212.txt,44002,1269,#k Index:	1.00000000E+0
Figure 3 & 5,20230320,25,detect_data,Figure 3 & 5/20230320/Raman/Run 25/Raman-DetectData-Avg01-0213.txt,43970,1269,#k Index:	0.00000000E+0
Figure 3 & 5,20230320,25,detect_data,Figure 3 & 5/20230320/Raman/Run 25/Raman-DetectData-Avg01-0214.txt,43984,1269,#k Index:	1.00000000E+0
Figure 3 & 5,20230320,25,detect_data,Figure 3 & 5/20230320/Raman/Run 25/Raman-DetectData-Avg01-0215.txt,43871,1269,#k Index:	0.00000000E+0
Figure 3 & 5,20230320,25,detect_data,Figure 3 & 5/20230320/Raman/Run 25/Raman-DetectData-Avg01-0216.txt,43942,1269,#k Index:	1.00000000E+0
Figure 3 & 5,20230320,25,detect_data,Figure 3 & 5/20230320/Raman/Run 25/Raman-DetectData-Avg01-0217.txt,43922,1269,#k Index:	0.00000000E+0
Figure 3 & 5,20230320,25,detect_data,Figure 3 & 5/20230320/Raman/Run 25/Raman-DetectData-Avg01-0218.txt,43949,1269,#k Index:	1.00000000E+0
Figure 3 & 5,20230320,25,detect_data,Figure 3 & 5/20230320/Raman/Run 25/Raman-DetectData-Avg01-0219.txt,43937,1269,#k Index:	0.00000000E+0
Figure 3 & 5,20230320,25,detect_data,Figure 3 & 5/20230320/Raman/Run 25/Raman-DetectData-Avg01-0220.txt,43901,1269,#k Index:	1.00000000E+0
Figure 3 & 5,20230320,25,detect_data,Figure 3 & 5/20230320/Raman/Run 25/Raman-DetectData-Avg01-0221.txt,43922,1269,#k Index:	0.00000000E+0
Figure 3 & 5,20230320,25,detect_data,Figure 3 & 5/20230320/Raman/Run 25/Raman-DetectData-Avg01-0222.txt,43891,1269,#k Index:	1.00000000E+0
Figure 3 & 5,20230320,25,detect_data,Figure 3 & 5/20230320/Raman/Run 25/Raman-DetectData-Avg01-0223.txt,44010,1269,#k Index:	0.00000000E+0
Figure 3 & 5,20230320,25,detect_data,Figure 3 & 5/20230320/Raman/Run 25/Raman-DetectData-Avg01-0224.txt,43986,1269,#k Index:	1.00000000E+0
Figure 3 & 5,20230320,25,detect_data,Figure 3 & 5/20230320/Raman/Run 25/Raman-DetectData-Avg01-0225.txt,43946,1269,#k Index:	0.00000000E+0
Figure 3 & 5,20230320,25,detect_data,Figure 3 & 5/20230320/Raman/Run 25/Raman-DetectData-Avg01-0226.txt,43916,1269,#k Index:	1.00000000E+0
Figure 3 & 5,20230320,25,detect_data,Figure 3 & 5/20230320/Raman/Run 25/Raman-DetectData-Avg01-0227.txt,43998,1269,#k Index:	0.00000000E+0
Figure 3 & 5,20230320,25,detect_data,Figure 3 & 5/20230320/Raman/Run 25/Raman-DetectData-Avg01-0228.txt,43910,1269,#k Index:	1.00000000E+0
Figure 3 & 5,20230320,25,detect_data,Figure 3 & 5/20230320/Raman/Run 25/Raman-DetectData-Avg01-0229.txt,43997,1269,#k Index:	0.00000000E+0
Figure 3 & 5,20230320,25,detect_data,Figure 3 & 5/20230320/Raman/Run 25/Raman-DetectData-Avg01-0230.txt,43984,1269,#k Index:	1.00000000E+0
Figure 3 & 5,20230320,25,detect_data,Figure 3 & 5/20230320/Raman/Run 25/Raman-DetectData-Avg01-0231.txt,43914,1269,#k Index:	0.00000000E+0
Figure 3 & 5,20230320,25,detect_data,Figure 3 & 5/20230320/Raman/Run 25/Raman-DetectData-Avg01-0232.txt,43887,1269,#k Index:	1.00000000E+0
Figure 3 & 5,20230320,25,detect_data,Figure 3 & 5/20230320/Raman/Run 25/Raman-DetectData-Avg01-0233.txt,43929,1269,#k Index:	0.00000000E+0
Figure 3 & 5,20230320,25,detect_data,Figure 3 & 5/20230320/Raman/Run 25/Raman-DetectData-Avg01-0234.txt,43901,1269,#k Index:	1.00000000E+0
Figure 3 & 5,20230320,25,detect_data,Figure 3 & 5/20230320/Raman/Run 25/Raman-DetectData-Avg01-0235.txt,43997,1269,#k Index:	0.00000000E+0
Figure 3 & 5,20230320,25,detect_data,Figure 3 & 5/20230320/Raman/Run 25/Raman-DetectData-Avg01-0236.txt,43927,1269,#k Index:	1.00000000E+0
Figure 3 & 5,20230320,25,detect_data,Figure 3 & 5/20230320/Raman/Run 25/Raman-DetectData-Avg01-0237.txt,43878,1269,#k Index:	0.00000000E+0
Figure 3 & 5,20230320,25,detect_data,Figure 3 & 5/20230320/Raman/Run 25/Raman-DetectData-Avg01-0238.txt,43872,1269,#k Index:	1.00000000E+0
Figure 3 & 5,20230320,25,detect_data,Figure 3 & 5/20230320/Raman/Run 25/Raman-DetectData-Avg01-0239.txt,43926,1269,#k Index:	0.00000000E+0
Figure 3 & 5,20230320,25,detect_data,Figure 3 & 5/20230320/Raman/Run 25/Raman-DetectData-Avg01-0240.txt,43910,1269,#k Index:	1.00000000E+0
Figure 3 & 5,20230320,25,detect_data,Figure 3 & 5/20230320/Raman/Run 25/Raman-DetectData-Avg01-0241.txt,43907,1269,#k Index:	0.00000000E+0
Figure 3 & 5,20230320,25,detect_data,Figure 3 & 5/20230320/Raman/Run 25/Raman-DetectData-Avg01-0242.txt,43846,1269,#k Index:	1.00000000E+0
Figure 3 & 5,20230320,25,avg01_ratios,Figure 3 & 5/20230320/Raman/Run 25/Raman-Run25-Avg01-Ratios-kD.txt,13867,122,#Iteration	Date	Time	Chirp	Phase	RamanAxis	RTPhase	NFringe	Ratio
Figure 3 & 5,20230320,25,avg01_ratios,Figure 3 & 5/20230320/Raman/Run 25/Raman-Run25-Avg01-Ratios-kU.txt,13744,122,#Iteration	Date	Time	Chirp	Phase	RamanAxis	RTPhase	NFringe	Ratio
Figure 3 & 5,20230320,25,avg_ratios,Figure 3 & 5/20230320/Raman/Run 25/Raman-Run25-AvgRatios-kD.txt,12052,122,#Iteration	Date	Time	Chirp	Phase	RamanAxis	RatioMean	RatioStdDev
Figure 3 & 5,20230320,25,avg_ratios,Figure 3 & 5/20230320/Raman/Run 25/Raman-Run25-AvgRatios-kU.txt,12050,122,#Iteration	Date	Time	Chirp	Phase	RamanAxis	RatioMean	RatioStdDev
Figure 3 & 5,20230320,25,rotations_data,Figure 3 & 5/20230320/Raman/Run 25/Raman-Run25-RotationsData.txt,33911,243,#Iteration	Date	Time	STSX	STSY	RotationRateX	RotationRateY	FrCntX	FrCntY	TiptiltCmd1	TiptiltCmd2	TiptiltMonitor1	TiptiltMonitor2
Figure 3 & 5,20230320,25,rt_data,Figure 3 & 5/20230320/Raman/Run 25/Raman-Run25-RTData.txt,24281,243,#Iteration	Date	Time	RTPhase	NFringe	AccelAxis	AccelMean	AccelTemp
Figure 3 & 5,20230320,21,streaming,Figure 3 & 5/20230320/Streaming/Run21_1.csv,55675879,-1,NInterf;rotrateX;acc Y;acc Z
Figure 3 & 5,20230320,22,streaming,Figure 3 & 5/20230320/Streaming/Run22_1.csv,55117759,-1,NInterf;rotrateX;acc Y;acc Z
Figure 3 & 5,20230320,23,streaming,Figure 3 & 5/20230320/Streaming/Run23_1.csv,52930047,-1,NInterf;rotrateX;acc Y;acc Z
Figure 3 & 5,20230320,24,streaming,Figure 3 & 5/20230320/Streaming/Run24_1.csv,52717294,-1,NInterf;rotrateX;acc Y;acc Z
Figure 3 & 5,20230320,25,streaming,Figure 3 & 5/20230320/Streaming/Run25_1.csv,55272930,-1,NInterf;rotrateX;acc Y;acc Z
Figure 3 & 5,20230612,16,parameters,Figure 3 & 5/20230612/Raman/Run 16/Parameters.txt,1627,60,Software Version: 3.4
Figure 3 & 5,20230612,16,avg01_ratios,Figure 3 & 5/20230612/Raman/Run 16/Raman-Run16-Avg01-Ratios-kD.txt,57208,501,#Iteration	Date	Time	Chirp	Phase	RamanAxis	RTPhase	NFringe	Ratio
Figure 3 & 5,20230612,16,avg_ratios,Figure 3 & 5/20230612/Raman/Run 16/Raman-Run16-AvgRatios-kD.txt,49708,501,#Iteration	Date	Time	Chirp	Phase	RamanAxis	RatioMean	RatioStdDev
Figure 3 & 5,20230612,16,rotations_data,Figure 3 & 5/20230612/Raman/Run 16/Raman-Run16-RotationsData.txt,70029,501,#Iteration	Date	Time	STSX	STSY	RotationRateX	RotationRateY	FrCntX	FrCntY	TiptiltCmd1	TiptiltCmd2	TiptiltMonitor1	TiptiltMonitor2
Figure 3 & 5,20230612,16,rt_data,Figure 3 & 5/20230612/Raman/Run 16/Raman-Run16-RTData.txt,50460,501,#Iteration	Date	Time	RTPhase	NFringe	AccelAxis	AccelMean	AccelTemp
Figure 3 & 5,20230612,17,parameters,Figure 3 & 5/20230612/Raman/Run 17/Parameters.txt,1627,60,Software Version: 3.4
Figure 3 & 5,20230612,17,avg01_ratios,Figure 3 & 5/20230612/Raman/Run 17/Raman-Run17-Avg01-Ratios-kD.txt,57208,501,#Iteration	Date	Time	Chirp	Phase	RamanAxis	RTPhase	NFringe	Ratio
Figure 3 & 5,20230612,17,avg_ratios,Figure 3 & 5/20230612/Raman/Run 17/Raman-Run17-AvgRatios-kD.txt,49708,501,#Iteration	Date	Time	Chirp	Phase	RamanAxis	RatioMean	RatioStdDev
Figure 3 & 5,20230612,17,rotations_data,Figure 3 & 5/20230612/Raman/Run 17/Raman-Run17-RotationsData.txt,70037,501,#Iteration	Date	Time	STSX	STSY	RotationRateX	RotationRateY	FrCntX	FrCntY	TiptiltCmd1	TiptiltCmd2	TiptiltMonitor1	TiptiltMonitor2
Figure 3 & 5,20230612,17,rt_data,Figure 3 & 5/20230612/Raman/Run 17/Raman-Run17-RTData.txt,50460,501,#Iteration	Date	Time	RTPhase	NFringe	AccelAxis	AccelMean	AccelTemp
Figure 3 & 5,20230612,18,parameters,Figure 3 & 5/20230612/Raman/Run 18/Parameters.txt,1627,60,Software Version: 3.4
Figure 3 & 5,20230612,18,avg01_ratios,Figure 3 & 5/20230612/Raman/Run 18/Raman-Run18-Avg01-Ratios-kD.txt,57208,501,#Iteration	Date	Time	Chirp	Phase	RamanAxis	RTPhase	NFringe	Ratio
Figure 3 & 5,20230612,18,avg_ratios,Figure 3 & 5/20230612/Raman/Run 18/Raman-Run18-AvgRatios-kD.txt,49708,501,#Iteration	Date	Time	Chirp	Phase	RamanAxis	RatioMean	RatioStdDev
Figure 3 & 5,20230612,18,rotations_data,Figure 3 & 5/20230612/Raman/Run 18/Raman-Run18-RotationsData.txt,70002,501,#Iteration	Date	Time	STSX	STSY	RotationRateX	RotationRateY	FrCntX	FrCntY	TiptiltCmd1	TiptiltCmd2	TiptiltMonitor1	TiptiltMonitor2
Figure 3 & 5,20230612,18,rt_data,Figure 3 & 5/20230612/Raman/Run 18/Raman-Run18-RTData.txt,50460,501,#Iteration	Date	Time	RTPhase	NFringe	AccelAxis	AccelMean	AccelTemp
Figure 3 & 5,20230612,19,parameters,Figure 3 & 5/20230612/Raman/Run 19/Parameters.txt,1627,60,Software Version: 3.4
Figure 3 & 5,20230612,19,avg01_ratios,Figure 3 & 5/20230612/Raman/Run 19/Raman-Run19-Avg01-Ratios-kD.txt,57208,501,#Iteration	Date	Time	Chirp	Phase	RamanAxis	RTPhase	NFringe	Ratio
Figure 3 & 5,20230612,19,avg_ratios,Figure 3 & 5/20230612/Raman/Run 19/Raman-Run19-AvgRatios-kD.txt,49708,501,#Iteration	Date	Time	Chirp	Phase	RamanAxis	RatioMean	RatioStdDev
Figure 3 & 5,20230612,19,rotations_data,Figure 3 & 5/20230612/Raman/Run 19/Raman-Run19-RotationsData.txt,70024,501,#Iteration	Date	Time	STSX	STSY	RotationRateX	RotationRateY	FrCntX	FrCntY	TiptiltCmd1	TiptiltCmd2	TiptiltMonitor1	TiptiltMonitor2
Figure 3 & 5,20230612,19,rt_data,Figure 3 & 5/20230612/Raman/Run 19/Raman-Run19-RTData.txt,50460,501,#Iteration	Date	Time	RTPhase	NFringe	AccelAxis	AccelMean	AccelTemp
Figure 3 & 5,20230612,16,streaming,Figure 3 & 5/20230612/Streaming/Run16_1.csv,135939719,-1,NInterf;rotrateX;acc Y;acc Z
Figure 3 & 5,20230612,17,streaming,Figure 3 & 5/20230612/Streaming/Run17_1.csv,135191431,-1,NInterf;rotrateX;acc Y;acc Z
Figure 3 & 5,20230612,18,streaming,Figure 3 & 5/20230612/Streaming/Run18_1.csv,136982804,-1,NInterf;rotrateX;acc Y;acc Z
Figure 3 & 5,20230612,19,streaming,Figure 3 & 5/20230612/Streaming/Run19_1.csv,144277572,-1,NInterf;rotrateX;acc Y;acc Z
Figure 3 & 5,20230612,19,streaming,Figure 3 & 5/20230612/Streaming/Run19_2.csv,151,-1,NInterf;rotrateX;acc Y;acc Z
Figure 4,20230612,19,streaming,Figure 4/20230612/Streaming/Run19_1.csv,144277572,-1,NInterf;rotrateX;acc Y;acc Z
Figure 4,20230612,19,streaming,Figure 4/20230612/Streaming/Run19_2.csv,151,-1,NInterf;rotrateX;acc Y;acc Z
Figure 4,20230613,06,streaming,Figure 4/20230613/Streaming/Run06_1.csv,32095943,-1,NInterf;rotrateX;acc Y;acc Z
